"""黑神话悟空""+""最新版""的长尾词",长尾词数,竞价词数,全网指数,PC日均流量,移动日均流量
黑神话之悟空官方最新版,0,0,0,0,0
黑神话悟空下载安装最新版,0,0,0,0,0
黑悟空神话官网下载安装最新版,0,0,0,0,0
黑神话悟空特效技巧视频大全最新版,0,0,0,0,0
黑神话悟空电脑版如何下载安装包最新版,0,0,0,0,0
黑神话悟空场景体验版下载安卓苹果最新版,0,0,0,0,0
黑神话悟空场景高清图最新版,0,0,0,0,0
黑神话悟空宣传片原版下载安装手机最新版,0,0,0,0,0
黑神话悟空最新实测视频大全最新版,0,0,0,0,0
主播看黑神话悟空的反应最新版,0,0,0,0,0
黑神话悟空宣传片最新版,0,0,0,0,0
黑神话悟空首发视频下载大全最新版,0,0,0,0,0
黑神话悟空修改器下载安装最新版,0,0,0,0,0
黑悟空神话腾讯入股时间表最新版,0,0,0,0,0
黑神话悟空地图山西旅游路线图最新版,0,0,0,0,0
悟空黑神话破解版百度网盘最新版,0,0,0,0,0
黑神话悟空最新版免费预约,0,0,0,0,0
黑神话悟空boss盘点攻略大全最新版,0,0,0,0,0
悟空黑暗神话在哪下载安装最新版,0,0,0,0,0
黑神话悟空首发视频下载安装苹果最新版,0,0,0,0,0
黑神话悟空百度网盘下载完整破解版最新版,0,0,0,0,0
黑神话悟空预告最新版,0,0,0,0,0
黑神话悟空预告站官网下载安装最新版,0,0,0,0,0
黑神话悟空等级排行榜最新版,0,0,0,0,0
黑神话悟空天道音乐下载安装最新版苹果,0,0,0,0,0
黑神话悟空抢先版下载吉吉国王最新版,0,0,0,0,0
游民星空游戏官网黑神话悟空互动地图最新版,0,0,0,0,0
黑神话悟空胡桃最新版有语音,0,0,0,0,0
悟空黑神话游戏官网最新版预约,0,0,0,0,0
黑神话悟空最新版实机演示视频,0,0,0,0,0
黑神话悟空试玩地点攻略图文最新版,0,0,0,0,0
黑神话悟空安卓端下载安装最新版,0,0,0,0,0
黑神话悟空预告2022最新版下载,0,0,0,0,0
黑悟空神话宣传视频高清下载安装最新版,0,0,0,0,0
黑神话悟空电脑版如何下载安装教程最新版,0,0,0,0,0
黑神话悟空研发到哪了啊最新版,0,0,0,0,0
黑神话悟空花果山攻略大全最新版,0,0,0,0,0
黑神话悟空官方动态壁纸最新版,0,0,0,0,0
黑悟空神话手游官网下载安装最新版苹果,0,0,0,0,0
黑神话悟空实况视频下载安装最新版,0,0,0,0,0
黑神话悟空首发视频下载安卓手机最新版,0,0,0,0,0
黑神话悟空游戏解说大全视频最新版,0,0,0,0,0
黑神话悟空未来表情包下载手机版最新版,0,0,0,0,0
黑神话悟空关注度排行最新版,0,0,0,0,0
黑神话悟空电脑版下载教程视频最新版,0,0,0,0,0
黑神话悟空电脑版下载教程安装最新版,0,0,0,0,0
黑神话悟空游戏官网配置最新版,0,0,0,0,0
黑神话之悟空配音链接下载安装最新版,0,0,0,0,0
黑神话悟空电脑配置要求表最新版,0,0,0,0,0
黑神话悟空女妖精桌面高清壁纸最新版,0,0,0,0,0
黑神话悟空最新版下载,0,0,0,0,0
黑神话悟空实机演示2022最新版,0,0,0,0,0
黑神话悟空实况视频下载安装最新版手机,0,0,0,0,0
黑神话悟空极致画质下载安装最新版,0,0,0,0,0
黑神话悟空高清下载安装最新版,0,0,0,0,0
黑神话悟空首发视频下载安装手机版最新版,0,0,0,0,0
黑神话悟空电脑版在线下载教程最新版,0,0,0,0,0
黑神话悟空预告站官网下载安卓最新版,0,0,0,0,0
黑神话之悟空配音链接下载手机版最新版,0,0,0,0,0
黑神话悟空 游戏解说大全最新版,0,0,0,0,0
电脑版黑神话悟空如何下载手游模拟器最新版,0,0,0,0,0
黑神话悟空抢先版下载官方最新版电脑版本,0,0,0,0,0
黑色神话悟空游戏官网版下载最新版,0,0,0,0,0
黑悟空神话键盘操作指南最新版,0,0,0,0,0
黑神话悟空复刻版游戏视频解说大全最新版,0,0,0,0,0
黑神话悟空河南取景地点一览表最新版,0,0,0,0,0
黑神话悟空手机版安卓最新版下载,0,0,0,0,0
黑悟空神话手游官网下载安装最新版,0,0,0,0,0
黑悟空神话官网下载安装最新版手机,0,0,0,0,0
黑神话悟空配置预测最新版,0,0,0,0,0
黑神话悟空配置预测最新版下载,0,0,0,0,0
黑神话悟空未来表情包下载安装最新版,0,0,0,0,0
黑神话悟空手机版下载教程视频大全最新版,0,0,0,0,0
黑神话悟空场景体验版下载安装教程最新版,0,0,0,0,0
黑神话悟空最新版游戏攻略,0,0,0,0,0
黑神话悟空天道音乐下载安装手机版最新版,0,0,0,0,0
黑神话悟空电脑版如何下载安卓版最新版,0,0,0,0,0
黑神话悟空豪华版攻略大全最新版,0,0,0,0,0
黑神话悟空豪华版攻略图最新版,0,0,0,0,0
电脑版黑神话悟空如何下载安装教程最新版,0,0,0,0,0
黑神话悟空十大黑马排行榜最新版,0,0,0,0,0
黑悟空神话手游下载官网最新版,0,0,0,0,0
黑神话悟空最新版胡桃语音mod,0,0,0,0,0
黑神话悟空2021最新版,0,0,0,0,0
神话黑悟空哪里下载最新版,0,0,0,0,0
黑神话悟空boss盘点攻略大全最新版下载,0,0,0,0,0
黑神话悟空极致画质下载安装最新版手机,0,0,0,0,0
黑神话悟空能升级吗手游下载安装最新版苹果,0,0,0,0,0
黑神话悟空书评最新版,0,0,0,0,0
黑神话悟空首发视频下载安卓版最新版,0,0,0,0,0
黑神话悟空天道音乐下载安装最新版中文版,0,0,0,0,0
黑神话悟空场景体验版下载安卓手机最新版,0,0,0,0,0
黑神话悟空场景体验版下载链接安装最新版,0,0,0,0,0
黑神话悟空角色设定大全最新版,0,0,0,0,0
黑神话悟空等级排行表最新版,0,0,0,0,0
黑神话悟空抢先版下载最新版,0,0,0,0,0
黑神话悟空最新版,0,0,0,0,0
黑神话悟空天道音乐下载安装最新版,0,0,0,0,0
黑神话悟空试玩地点攻略图文最新版大全,0,0,0,0,0
黑神话悟空玩法猜测视频大全下载安装最新版,0,0,0,0,0
黑悟空神话宣传视频高清版下载最新版,0,0,0,0,0
黑神话悟空音乐合集下载安装最新版,0,0,0,0,0
黑神话悟空销售量排行榜最新版,0,0,0,0,0
黑神话悟空通关奖励一览表最新版,0,0,0,0,0
黑神话悟空mod安装器最新版,0,0,0,0,0
黑神话悟空杨戬mod大全最新版,0,0,0,0,0
黑神话悟空最新版预约,0,0,0,0,0
黑神话之悟空游戏官方最新版预约,0,0,0,0,0
黑神话悟空最新版手机版下载,0,0,0,0,0
黑神话悟空试玩地点攻略图文最新版下载,0,0,0,0,0
黑神话悟空能升级吗手游下载安装最新版,0,0,0,0,0
黑神话悟空预告2022最新版,0,0,0,0,0
黑神话悟空上线时间最新版,0,0,0,0,0
黑神话悟空剧情最新版,0,0,0,0,0
黑神话悟空首发版攻略大全最新版,0,0,0,0,0
黑神话悟空特效技巧大全下载最新版,0,0,0,0,0
黑神话悟空天道音乐下载安装最新版官方,0,0,0,0,0
悟空黑神话微博官网下载最新版,0,0,0,0,0
黑神话悟空巨灵神截图大全高清最新版,0,0,0,0,0
悟空黑神话修改器破解版百度网盘最新版,0,0,0,0,0
