"""黑神话悟空""+""销量""的长尾词",长尾词数,竞价词数,全网指数,PC日均流量,移动日均流量
黑神话悟空登顶全球销量榜首,0,0,91,0,0
黑神话悟空全平台销量超450万份,0,0,80,0,0
黑神话悟空销量估计,0,0,0,0,0
黑神话悟空能突破百万销量吗知乎小说,0,0,0,0,0
黑神话悟空全球销量,0,0,0,0,0
黑神话悟空销量怎么样,0,0,0,0,0
黑神话悟空销量在哪里看,0,0,0,0,0
黑神话悟空销量最新,0,0,0,0,0
steam黑神话悟空销量,0,0,0,0,0
黑神话悟空销量冲上榜首,0,0,0,0,0
黑神话悟空能突破百万销量吗知乎文章最新,0,0,0,0,0
黑神话悟空销量实时,0,0,0,0,0
黑神话悟空销量突破100万,0,0,0,0,0
黑神话悟空预购销量,0,0,0,0,0
黑神话 悟空 全平台销量破1000万份,0,0,0,0,0
黑神话悟空steam销量狂飙,0,0,0,0,0
悟空黑神话销量排名,0,0,0,0,0
黑神话悟空实时销量数据最新,0,0,0,0,0
黑神话悟空海外市场销量,0,0,0,0,0
黑神话悟空各国销量,0,0,0,0,0
黑神话悟空销量超过1000万套,0,0,0,0,0
黑神话悟空预计全球销量,0,0,0,0,0
黑神话悟空销量多少,0,0,0,0,0
黑神话悟空 销量,0,0,0,0,0
黑神话悟空销量排行,0,0,0,0,0
黑神话悟空海外销量,0,0,0,0,0
黑神话悟空各区销量,0,0,0,0,0
黑神话悟空三天销量破亿什么水平,0,0,0,0,0
黑神话悟空能突破百万销量吗视频播放在线看,0,0,0,0,0
黑神话悟空实时销量数据,0,0,0,0,0
黑神话悟空销量预期500万份以上,0,0,0,0,0
黑神话悟空今日销量,0,0,0,0,0
黑神话悟空销量1000,0,0,0,0,0
黑神话悟空steam销量已破840万份,0,0,0,0,0
黑神话悟空海外销量排行榜,0,0,0,0,0
黑神话悟空取景地门票销量暴涨,0,0,0,0,0
黑神话悟空销量2000万,0,0,0,0,0
黑神话悟空steam销量周榜三连冠,0,0,0,0,0
黑神话悟空在国外的销量,0,0,0,0,0
黑神话悟空国内销量预测,0,0,0,0,0
黑神话悟空预售销量多少,0,0,0,0,0
黑神话悟空总销量排名,0,0,0,0,0
黑神话悟空韩国销量,0,0,0,0,0
黑神话: 悟空销量,0,0,0,0,0
黑神话悟空能突破百万销量吗贴吧吧,0,0,0,0,0
黑神话悟空能突破百万销量吗知乎文章,0,0,0,0,0
黑神话悟空能突破百万销量吗视频讲解,0,0,0,0,0
黑神话悟空美国销量,0,0,0,0,0
黑神话悟空预测销量,0,0,0,0,0
黑神话悟空销量破千万,0,0,0,0,0
黑神话悟空销量300万,0,0,0,0,0
黑神话悟空销量实时更新,0,0,0,0,0
黑神话悟空目前销量,0,0,0,0,0
黑神话悟空能突破百万销量吗视频讲解最新,0,0,0,0,0
黑神话悟空能突破百万销量吗视频播放完整,0,0,0,0,0
黑神话悟空能突破百万销量吗知乎小说下载,0,0,0,0,0
黑神话悟空全球销量破50万,0,0,0,0,0
黑神话:悟空销量破1000万,0,0,0,0,0
黑神话悟空销量破1000万份,0,0,0,0,0
黑神话悟空销量突破1400万,0,0,0,0,0
黑神话悟空全球销量实时,0,0,0,0,0
黑神话悟空销量超1000万套,0,0,0,0,0
黑神话悟空预估销量,0,0,0,0,0
黑神话悟空国外销量惨淡,0,0,0,0,0
黑神话悟空日本销量,0,0,0,0,0
黑神话悟空销量预估,0,0,0,0,0
黑神话悟空能突破百万销量吗贴吧,0,0,0,0,0
黑神话悟空发售 国外销量如何,0,0,0,0,0
黑神话悟空能突破百万销量吗视频下载,0,0,0,0,0
黑神话悟空销量数据,0,0,0,0,0
黑神话悟空能突破百万销量吗视频下载完整,0,0,0,0,0
黑神话悟空能突破百万销量吗贴吧论坛最新,0,0,0,0,0
黑神话悟空首日销量突破一亿,0,0,0,0,0
黑神话悟空销量如何,0,0,0,0,0
黑神话悟空1000万销量,0,0,0,0,0
黑神话悟空带火ps5销量,0,0,0,0,0
黑神话悟空全球销量榜首,0,0,0,0,0
黑神话悟空累计销量,0,0,0,0,0
黑神话悟空发售后销量,0,0,0,0,0
黑神话悟空首日登顶全球销量榜,0,0,0,0,0
黑神话悟空销量800万,0,0,0,0,0
黑神话悟空销量破1000万,0,0,0,0,0
黑神话悟空上线三天销量,0,0,0,0,0
黑神话悟空销量破2000万份了吗,0,0,0,0,0
黑神话悟空能突破百万销量吗视频,0,0,0,0,0
黑神话悟空首日销量,0,0,0,0,0
黑神话悟空销量第一,0,0,0,0,0
黑神话悟空销量多少了,0,0,0,0,0
黑神话悟空能突破百万销量吗视频下载最新,0,0,0,0,0
黑神话悟空销量什么水平,0,0,0,0,0
黑神话悟空全球实时销量,0,0,0,0,0
黑神话悟空销量1000w,0,0,0,0,0
黑神话悟空销量突破1000万,0,0,0,0,0
黑神话悟空销量超1000万,0,0,0,0,0
黑神话悟空全平台销量超1000万份,0,0,0,0,0
黑神话悟空销量知乎,0,0,0,0,0
黑神话悟空首发销量,0,0,0,0,0
wegame黑神话悟空销量,0,0,0,0,0
黑神话悟空目前销量多少,0,0,0,0,0
黑神话悟空预售销量多少万,0,0,0,0,0
黑神话悟空实时销量排行榜,0,0,0,0,0
黑神话悟空销量千万,0,0,0,0,0
黑神话悟空全球销量第一,0,0,0,0,0
黑神话悟空能突破百万销量吗视频播放下载,0,0,0,0,0
黑神话悟空能突破百万销量吗知乎文章下载,0,0,0,0,0
黑神话悟空能突破百万销量吗视频讲解下载,0,0,0,0,0
黑神话悟空能突破百万销量吗知乎文章推荐,0,0,0,0,0
黑神话悟空销量榜登顶,0,0,0,0,0
黑神话悟空销量已经突破200万,0,0,0,0,0
黑神话悟空上市第一天销量,0,0,0,0,0
黑神话悟空瑞幸联名销量,0,0,0,0,0
黑神话悟空谁开发的为什么销量这么好,0,0,0,0,0
黑神话悟空steam销量破840万份,0,0,0,0,0
全平台累计销量超 黑神话悟空,0,0,0,0,0
黑神话悟空能超越艾尔登法环销量,0,0,0,0,0
黑神话悟空销量,0,0,0,0,0
黑神话悟空发售 国外销量,0,0,0,0,0
黑神话悟空能突破百万销量吗,0,0,0,0,0
黑神话悟空销量会有多少,0,0,0,0,0
黑神话 悟空销量,0,0,0,0,0
黑神话悟空销量登顶,0,0,0,0,0
黑神话悟空现在销量,0,0,0,0,0
黑神话悟空销量第一大概多少钱,0,0,0,0,0
黑神话悟空能突破百万销量吗视频讲解完整,0,0,0,0,0
黑神话悟空能突破百万销量吗视频播放不了,0,0,0,0,0
黑神话悟空ps5销量,0,0,0,0,0
黑神话悟空能突破百万销量吗视频下载安装,0,0,0,0,0
国外黑神话悟空预售销量排行榜,0,0,0,0,0
黑神话悟空全网销量,0,0,0,0,0
黑神话悟空取景地门票销量暴涨3倍,0,0,0,0,0
黑神话悟空全平台销量超1000万套,0,0,0,0,0
黑神话悟空销量破1800万,0,0,0,0,0
黑神话悟空外国销量占比,0,0,0,0,0
黑神话悟空销量3000万,0,0,0,0,0
黑神话悟空全球销量实时排名在哪看,0,0,0,0,0
黑神话悟空最终销量,0,0,0,0,0
黑神话悟空是单机游戏销量,0,0,0,0,0
黑神话悟空销量预测,0,0,0,0,0
黑神话悟空能突破百万销量吗视频播放,0,0,0,0,0
黑神话悟空能突破百万销量吗贴吧论坛,0,0,0,0,0
黑神话悟空在国外销量会好吗,0,0,0,0,0
黑神话悟空销量预测知乎,0,0,0,0,0
黑神话悟空在国外销量,0,0,0,0,0
黑神话悟空能突破百万销量吗知乎小说全文,0,0,0,0,0
黑神话悟空能突破百万销量吗知乎文章全文,0,0,0,0,0
黑神话悟空预售销量多少份,0,0,0,0,0
黑神话悟空能突破百万销量吗视频讲解全集,0,0,0,0,0
黑神话悟空销量达不到1000万,0,0,0,0,0
黑神话悟空全球销量预测,0,0,0,0,0
黑神话悟空steam销量或达2000万份,0,0,0,0,0
黑神话悟空 预售销量,0,0,0,0,0
黑神话悟空全球销量收入,0,0,0,0,0
黑神话悟空全平台销量,0,0,0,0,0
黑神话悟空全球实时销量排名,0,0,0,0,0
黑神话悟空现在销量是多少,0,0,0,0,0
黑神话悟空销量多少钱,0,0,0,0,0
黑神话悟空预售销量在哪看,0,0,0,0,0
黑神话悟空销量或达4000万,0,0,0,0,0
黑神话悟空销量实时更新了吗,0,0,0,0,0
黑神话悟空目标销量,0,0,0,0,0
黑神话悟空能突破百万销量吗知乎,0,0,0,0,0
黑神话悟空发售国外销量,0,0,0,0,0
黑神话悟空预售销量,0,0,0,0,0
黑神话悟空能突破百万销量吗贴吧吧最新,0,0,0,0,0
黑神话悟空销量各国排名,0,0,0,0,0
黑神话悟空能突破百万销量吗知乎小说推荐,0,0,0,0,0
黑神话悟空能突破百万销量吗视频下载观看,0,0,0,0,0
黑神话悟空能突破百万销量吗贴吧论坛吧,0,0,0,0,0
黑神话悟空销量历史排名,0,0,0,0,0
黑神话悟空开启预售已达三天 销量却只有,0,0,0,0,0
黑神话悟空销量推测,0,0,0,0,0
黑神话悟空销量1000万,0,0,0,0,0
黑神话悟空三天销量破亿,0,0,0,0,0
黑神话悟空预购销量在哪看,0,0,0,0,0
黑神话悟空出世登顶全球销量榜首,0,0,0,0,0
黑神话悟空销量突破,0,0,0,0,0
黑神话悟空出世登顶全球销量榜首排行榜,0,0,0,0,0
如何评价黑神话悟空首周销量破1500万,0,0,0,0,0
黑神话悟空平台销量排行榜,0,0,0,0,0
黑神话悟空全平台销量破1000万套,0,0,0,0,0
黑神话 悟空 外国销量,0,0,0,0,0
黑神话悟空销量高,0,0,0,0,0
黑神话悟空外国销量,0,0,0,0,0
吉比特黑神话悟空首周销量破千万,0,0,0,0,0
黑神话悟空预计销量,0,0,0,0,0
黑神话悟空1千万销量,0,0,0,0,0
黑悟空神话销量,0,0,0,0,0
黑神话悟空steam销量,0,0,0,0,0
黑神话悟空总销量,0,0,0,0,0
黑神话悟空销量全球第一,0,0,0,0,0
黑神话悟空预售销量怎么样,0,0,0,0,0
黑神话.悟空销量,0,0,0,0,0
黑神话悟空销量全球第一是多少份,0,0,0,0,0
黑神话 悟空 全球销量,0,0,0,0,0
黑神话悟空销量1500,0,0,0,0,0
如何看待黑神话悟空销量破千万,0,0,0,0,0
黑神话悟空销量破千万份,0,0,0,0,0
黑神话悟空销量突破2000万,0,0,0,0,0
黑神话悟空最新销量超1700万份,0,0,0,0,0
