"""黑神话悟空""+""震撼""的长尾词",长尾词数,竞价词数,全网指数,PC日均流量,移动日均流量
黑神话悟空震撼国内外玩家,0,0,0,0,0
黑神话悟空为什么震撼世界,0,0,0,0,0
黑神话悟空为什么震撼世界了呢啊,0,0,0,0,0
黑神话悟空震撼背景音乐叫什么,0,0,0,0,0
黑神话悟空为什么震撼世界那么多人呢啊,0,0,0,0,0
黑神话悟空为什么震撼世界那么多人,0,0,0,0,0
黑神话悟空震撼瞬间怎么触发的啊视频,0,0,0,0,0
黑神话悟空震撼国外,0,0,0,0,0
黑神话悟空为什么震撼世界了不能玩了,0,0,0,0,0
黑神话悟空为什么震撼世界那么厉害呢知乎,0,0,0,0,0
黑神话悟空 震撼登场,0,0,0,0,0
黑神话悟空震撼发售,0,0,0,0,0
黑神话悟空游戏震撼名场面,0,0,0,0,0
游戏中的震撼瞬间黑神话悟空,0,0,0,0,0
黑神话悟空为什么震撼世界那么多人看不了,0,0,0,0,0
黑神话悟空最震撼的画面,0,0,0,0,0
黑神话悟空震撼瞬间,0,0,0,0,0
黑神话悟空震撼瞬间怎么触发技能,0,0,0,0,0
游戏中的震撼瞬间黑神话悟空是什么,0,0,0,0,0
黑神话悟空首次预告有多震撼,0,0,0,0,0
黑神话悟空到底有多震撼,0,0,0,0,0
黑神话悟空为什么震撼世界那么多人呢知乎,0,0,0,0,0
黑神话悟空震撼的台词,0,0,0,0,0
黑悟空神话震撼十万天兵,0,0,0,0,0
黑神话悟空震撼画面,0,0,0,0,0
黑神话悟空太震撼了,0,0,0,0,0
黑神话悟空为什么震撼世界那么多人看,0,0,0,0,0
黑神话悟空为什么震撼世界那么多人呢,0,0,0,0,0
黑悟空神话震撼cg,0,0,0,0,0
黑神话悟空的震撼瞬间是什么,0,0,0,0,0
黑神话悟空为什么震撼世界了呢图片,0,0,0,0,0
黑神话悟空震撼国外玩家,0,0,0,0,0
黑神话悟空为什么震撼世界了不能玩,0,0,0,0,0
游戏中的震撼瞬间黑神话悟空怎么做,0,0,0,0,0
黑神话悟空为什么震撼世界了呢视频,0,0,0,0,0
黑神话悟空震撼世界,0,0,0,0,0
黑神话悟空震撼音乐,0,0,0,0,0
国产游戏大作黑神话悟空震撼来袭,0,0,0,0,0
黑神话悟空最震撼的图片,0,0,0,0,0
黑神话悟空为什么震撼世界那么厉害呢,0,0,0,0,0
黑神话悟空最震撼的图片大全,0,0,0,0,0
黑神话悟空特效震撼,0,0,0,0,0
黑神话悟空cg宣传片震撼国外,0,0,0,0,0
黑神话悟空为什么震撼世界那么厉害呢啊,0,0,0,0,0
黑神话悟空震撼画面四大天王,0,0,0,0,0
黑神话悟空海外观看量破86万老外惊呼震撼,0,0,0,0,0
黑神话悟空为什么震撼世界那么厉害,0,0,0,0,0
黑神话悟空为什么震撼世界了呢,0,0,0,0,0
黑神话悟空最震撼的图片高清,0,0,0,0,0
黑神话悟空震撼瞬间怎么触发的,0,0,0,0,0
黑神话悟空为什么震撼世界那么多人看了,0,0,0,0,0
黑神话悟空震撼场景,0,0,0,0,0
黑神话悟空上线会有多震撼,0,0,0,0,0
黑悟空神话震撼cg十万天兵,0,0,0,0,0
黑神话悟空悟空震撼,0,0,0,0,0
震撼黑神话悟空全新真机演示,0,0,0,0,0
黑神话悟空为什么震撼世界了,0,0,0,0,0
黑神话悟空最震撼的图片是什么,0,0,0,0,0
黑神话悟空的震撼瞬间是多少秒,0,0,0,0,0
黑神话悟空震撼截图,0,0,0,0,0
黑神话悟空为什么震撼世界那么厉害呢视频,0,0,0,0,0
黑神话悟空为什么震撼世界那么多人呢视频,0,0,0,0,0
黑悟空神话震撼出场,0,0,0,0,0
黑神话悟空震撼背景音乐,0,0,0,0,0
黑神话悟空震撼特效,0,0,0,0,0
黑神话悟空的震撼瞬间,0,0,0,0,0
黑神话悟空震撼瞬间怎么触发,0,0,0,0,0
黑神话悟空震撼瞬间怎么触发技能的,0,0,0,0,0
黑神话悟空震撼瞬间怎么触发技能点,0,0,0,0,0
黑神话悟空震撼瞬间怎么触发的啊,0,0,0,0,0
黑神话悟空震撼场面,0,0,0,0,0
黑悟空神话震撼画面,0,0,0,0,0
黑神话悟空震撼登场cg,0,0,0,0,0
黑神话悟空震撼预告片,0,0,0,0,0
黑神话悟空高清震撼图,0,0,0,0,0
