"""黑神话悟空""+""哪个""的长尾词",长尾词数,竞价词数,全网指数,PC日均流量,移动日均流量
黑神话悟空哪个游戏平台可以玩,0,0,0,0,0
黑神话悟空是哪个公司研发和运营,0,0,0,0,0
黑神话悟空原画用哪个软件做的,0,0,0,0,0
黑悟空神话是哪个国家的,0,0,0,0,0
黑神话悟空游戏是哪个公司的,0,0,0,0,0
黑神话悟空将会在哪个平台发售,0,0,0,0,0
黑神话悟空宣传片哪个是真悟空,0,0,0,0,0
黑神话悟空哪个公司制作的,0,0,0,0,0
哪个平台可以下载黑神话悟空,0,0,0,0,0
全民斗战神和黑神话悟空哪个好,0,0,0,0,0
悟空黑神话用哪个机器玩好,0,0,0,0,0
黑神话悟空和艾尔登法环哪个厉害,0,0,0,0,0
黑神话悟空哪个国家的游戏,0,0,0,0,0
黑神话悟空哪个平台玩好,0,0,0,0,0
赛博朋克2077和黑神话悟空哪个好玩,0,0,0,0,0
黑神话悟空是哪个公司制作的游戏软件,0,0,0,0,0
黑神话悟空哪个国家出的最早,0,0,0,0,0
悟空和黑神话哪个好玩,0,0,0,0,0
全民斗战神和黑神话悟空哪个好点,0,0,0,0,0
悟空黑神话用哪个机器玩的好,0,0,0,0,0
黑悟空神话在哪个平台发售,0,0,0,0,0
黑悟空神话在哪个平台可以看,0,0,0,0,0
黑神话悟空是哪个游戏公司代理玩的,0,0,0,0,0
黑神话悟空在哪个平台上架直播的,0,0,0,0,0
黑神话悟空运行在哪个平台看,0,0,0,0,0
黑神话悟空在哪个平台上玩,0,0,0,0,0
黑神话悟空在哪个平台玩好玩一点,0,0,0,0,0
燕云十六声和黑神话悟空哪个厉害些啊,0,0,0,0,0
黑神话悟空和燕云十六声哪个好,0,0,0,0,0
战神vs黑神话悟空哪个好玩,0,0,0,0,0
燕云十六骑和黑神话悟空哪个厉害些,0,0,0,0,0
黑神话悟空和塞尔达哪个好玩,0,0,0,0,0
黑神话悟空是哪个公司开发的游戏,0,0,0,0,0
黑神话悟空是哪个公司出品的电影名字,0,0,0,0,0
黑神话悟空哪个公司出的啊,0,0,0,0,0
黑神话悟空是哪个公司开发,0,0,0,0,0
艾尔登之环和黑神话悟空哪个厉害,0,0,0,0,0
黑神话悟空和艾尔登法环哪个好玩一点,0,0,0,0,0
黑悟空神话跟哪个游戏是一家的,0,0,0,0,0
悟空黑神话用哪个机器玩好一点啊,0,0,0,0,0
悟空黑神话在哪个平台,0,0,0,0,0
悟空黑神话用哪个机器玩比较好玩一点,0,0,0,0,0
黑悟空神话在哪个平台可以看全集,0,0,0,0,0
悟空黑神话用哪个机器玩的好玩,0,0,0,0,0
黑神话悟空在哪个平台试玩好,0,0,0,0,0
悟空黑神话用哪个机器玩比较好一点最好,0,0,0,0,0
全民斗战神和黑神话悟空哪个厉害点啊,0,0,0,0,0
全民斗战神和黑神话悟空哪个厉害点最好,0,0,0,0,0
全民斗战神和黑神话悟空哪个好玩点,0,0,0,0,0
黑悟空是哪个国家的神话人物,0,0,0,0,0
黑神话悟空对标哪个版本,0,0,0,0,0
黑神话悟空和黑梦哪个好玩,0,0,0,0,0
黑神话悟空是哪个公司的游戏啊,0,0,0,0,0
黑神话悟空哪个团队,0,0,0,0,0
黑神话悟空和悟空哪个好玩,0,0,0,0,0
黑神话悟空和黑茧哪个好玩,0,0,0,0,0
黑神话悟空哪个版本好,0,0,0,0,0
黑神话悟空是哪个品牌出的游戏,0,0,0,0,0
黑神话悟空在哪个软件上下载好玩的,0,0,0,0,0
黑神话悟空在哪个软件上下载好看一点,0,0,0,0,0
黑神话悟空在哪个软件上下载好看吗,0,0,0,0,0
黑神话悟空在哪个软件上下载好玩一点,0,0,0,0,0
黑神话悟空在哪个软件上下载的啊呢,0,0,0,0,0
黑神话悟空是哪个厂商,0,0,0,0,0
黑神话悟空是哪个厂商的品牌啊,0,0,0,0,0
黑神话悟空是哪个厂商的品牌衣服,0,0,0,0,0
黑神话悟空在哪个平台出售最好,0,0,0,0,0
黑神话悟空运行在哪个平台可以玩吗,0,0,0,0,0
黑神话悟空全新演示哪个平台能看,0,0,0,0,0
黑神话之悟空哪个平台,0,0,0,0,0
黑神话悟空是哪个版本的主题曲叫什么名字啊,0,0,0,0,0
黑神话悟空在哪个平台购买正版的,0,0,0,0,0
黑神话悟空最好在哪个平台玩,0,0,0,0,0
黑神话悟空在哪个平台上发售最好,0,0,0,0,0
黑神话悟空会上线哪个平台了,0,0,0,0,0
黑神话悟空在哪个平台上发售了,0,0,0,0,0
黑神话悟空买哪个平台,0,0,0,0,0
黑神话悟空和战神哪个好玩,0,0,0,0,0
黑神话悟空哪个平台入手最好,0,0,0,0,0
黑神话悟空哪个平台玩的人多一点了,0,0,0,0,0
黑神话悟空在哪个平台上架直播的啊,0,0,0,0,0
黑神话悟空是哪个小公司的,0,0,0,0,0
黑神话悟空制作公司是哪个,0,0,0,0,0
只狼和悟空黑神话哪个好,0,0,0,0,0
黑神话悟空和哪个游戏比较像,0,0,0,0,0
黑神话悟空王者荣耀哪个强,0,0,0,0,0
黑神话悟空杨戬像哪个演员,0,0,0,0,0
黑神话悟空酒品升阶升哪个,0,0,0,0,0
辉县哪个网吧有黑神话悟空,0,0,0,0,0
游戏黑神话悟空是哪个城市啊,0,0,0,0,0
黑神话悟空购买哪个版本,0,0,0,0,0
黑神话悟空拍照模式按哪个键拍照,0,0,0,0,0
黑神话悟空小西天辰龙在哪个地方,0,0,0,0,0
黑神话悟空里面的石中人在哪个地方,0,0,0,0,0
黑神话悟空哪个平台可以免费,0,0,0,0,0
黑神话悟空哪个平台可以播,0,0,0,0,0
黑悟空神话在哪个平台玩最好,0,0,0,0,0
黑神话悟空头目老人参精在哪个地方,0,0,0,0,0
黑神话悟空椰子酒和羔儿酿升哪个,0,0,0,0,0
黑神话悟空虎先锋在哪个地方,0,0,0,0,0
黑神话悟空哪个平台号比较好,0,0,0,0,0
黑神话悟空和老头环哪个好,0,0,0,0,0
只狼和黑神话悟空哪个难度高,0,0,0,0,0
黑神话悟空和只狼哪个难打啊好玩,0,0,0,0,0
黑神话悟空小说和游戏哪个先出的,0,0,0,0,0
黑神话悟空和只狼哪个难刷一点呢,0,0,0,0,0
黑神话悟空和只狼哪个先出来的啊,0,0,0,0,0
黑神话悟空和只狼哪个火,0,0,0,0,0
黑神话悟空在哪个平台,0,0,0,0,0
黑神话悟空在哪个平台发售,0,0,0,0,0
黑神话之悟空哪个公司的产品,0,0,0,0,0
黑神话悟空在哪个平台卖,0,0,0,0,0
黑神话悟空是哪个公司出的,0,0,0,0,0
黑神话悟空是哪个工作室的,0,0,0,0,0
黑神话悟空 哪个公司,0,0,0,0,0
黑神话: 悟空在哪个平台发售,0,0,0,0,0
黑神话悟空是哪个厂家的,0,0,0,0,0
黑神话哪个怪都比悟空厉害,0,0,0,0,0
黑神话悟空 哪个公司制作,0,0,0,0,0
黑神话悟空哪个平台上线,0,0,0,0,0
黑神话悟空在哪个平台可以玩,0,0,0,0,0
神话黑悟空是由哪个公司研发的,0,0,0,0,0
黑悟空神话来自哪个游戏,0,0,0,0,0
哪个平台能下载黑神话悟空,0,0,0,0,0
悟空黑神话用哪个机器玩的,0,0,0,0,0
黑神话悟空和只狼哪个难刷,0,0,0,0,0
黑神话悟空是哪个国家做的,0,0,0,0,0
黑神话悟空是哪个公司出品的,0,0,0,0,0
黑神话悟空是哪个公司制作出来的游戏,0,0,0,0,0
黑神话悟空是哪个公司制作得的,0,0,0,0,0
黑神话悟空在哪个平台上线,0,0,0,0,0
黑神话悟空和艾尔登法环哪个好玩,0,0,0,0,0
全民斗战神和黑神话悟空哪个好用,0,0,0,0,0
全民斗战神和黑神话悟空哪个厉害点,0,0,0,0,0
黑神话悟空将在哪个平台购买,0,0,0,0,0
黑神话悟空哪个平台玩的人多一点,0,0,0,0,0
黑神话悟空是哪个游戏公司代理的,0,0,0,0,0
黑神话悟空和只狼哪个难打一点,0,0,0,0,0
黑神话哪个是真悟空,0,0,0,0,0
黑神话悟空画师在哪个平台看,0,0,0,0,0
黑神话悟空是哪个厂商做的,0,0,0,0,0
黑神话悟空画师在哪个平台播放的,0,0,0,0,0
大圣归来和黑神话悟空哪个厉害,0,0,0,0,0
黑神话悟空是哪个团队做的,0,0,0,0,0
黑神话悟空在哪个平台玩好啊知乎,0,0,0,0,0
黑神话悟空在哪个平台玩好一点啊,0,0,0,0,0
黑神话悟空哪个国家做的,0,0,0,0,0
黑神话悟空vs悟空哪个厉害,0,0,0,0,0
黑悟空神话哪个主播玩过,0,0,0,0,0
燕云十六骑和黑神话悟空哪个厉害,0,0,0,0,0
黑神话悟空和只狼哪个优秀,0,0,0,0,0
星穹铁道与美黑神话悟空哪个好,0,0,0,0,0
黑神话悟空是哪个公司出品的电影啊,0,0,0,0,0
悟空和黑神话哪个好玩一点,0,0,0,0,0
黑神话悟空哪个boss最强,0,0,0,0,0
黑神话悟空和血源哪个好玩,0,0,0,0,0
黑悟空神话是哪个公司做的,0,0,0,0,0
悟空黑神话是哪个公司的,0,0,0,0,0
黑悟空神话在哪个平台直播的,0,0,0,0,0
黑神话悟空在哪个平台直播了,0,0,0,0,0
黑悟空神话在哪个平台直播了,0,0,0,0,0
悟空黑神话用哪个机器玩的多一点,0,0,0,0,0
悟空黑神话用哪个机器玩比较好用推荐,0,0,0,0,0
艾尔登法环和黑神话悟空哪个好,0,0,0,0,0
全民斗战神和黑神话悟空哪个强一点啊,0,0,0,0,0
全民斗战神和黑神话悟空哪个好玩些,0,0,0,0,0
黑神话悟空哪个国家开发的比较好,0,0,0,0,0
和黑神话悟空一样的游戏公司是哪个版本,0,0,0,0,0
黑神话悟空是哪个游戏公司做的手游,0,0,0,0,0
黑神话悟空是哪个游戏公司做的游戏,0,0,0,0,0
黑神话悟空哪个国家研究出来的,0,0,0,0,0
黑神话悟空和浪人崛起哪个好玩,0,0,0,0,0
黑神话悟空在哪个平台买比较好,0,0,0,0,0
黑神话猴子和悟空哪个厉害点呢,0,0,0,0,0
黑神话猴子和悟空哪个厉害一点啊,0,0,0,0,0
黑神话悟空会上线哪个平台玩,0,0,0,0,0
黑神话悟空在哪个平台上玩好啊,0,0,0,0,0
黑神话悟空在哪个平台上玩好一点,0,0,0,0,0
黑神话悟空在哪个平台上玩的,0,0,0,0,0
黑神话悟空在哪个平台能下载吗,0,0,0,0,0
黑神话悟空在哪个平台上玩最好,0,0,0,0,0
黑悟空神话是哪个上市公司的品牌,0,0,0,0,0
黑神话悟空在哪个平台预售,0,0,0,0,0
黑神话悟空哪个平台玩的好排行榜,0,0,0,0,0
暗黑4和黑神话悟空哪个先出来最好,0,0,0,0,0
暗黑4和黑神话悟空哪个先出的比较好,0,0,0,0,0
黑神话悟空哪个平台玩的多啊,0,0,0,0,0
黑神话悟空在哪个软件上下载好用啊,0,0,0,0,0
黑神话悟空在哪个软件上下载的啊视频,0,0,0,0,0
黑神话悟空哪个上市公司做的,0,0,0,0,0
黑神话悟空在哪个平台购买比较好一点,0,0,0,0,0
黑神话悟空山西取景都有哪个市哪里,0,0,0,0,0
黑神话悟空购买渠道选哪个好,0,0,0,0,0
黑神话悟空结局存档都需要哪个部分,0,0,0,0,0
黑神话悟空是哪个城市的,0,0,0,0,0
黑神话悟空第一章狼刺客在哪个地方,0,0,0,0,0
黑神话悟空兽棍貂鼠和鳞棍蟠龙哪个厉害,0,0,0,0,0
黑神话悟空截图在哪个文件夹,0,0,0,0,0
黑神话悟空小曲在哪个文件夹里找到,0,0,0,0,0
黑悟空神话在哪个平台的最好,0,0,0,0,0
黑神话悟空邯郸村在哪个地方,0,0,0,0,0
哪个网吧可以玩黑神话悟空,0,0,0,0,0
黑神话悟空小张太子在哪个地方,0,0,0,0,0
黑神话悟空下载哪个平台,0,0,0,0,0
黑神话悟空音乐在哪个文件夹里面,0,0,0,0,0
黑神话悟空拍照模式按哪个键拍,0,0,0,0,0
黑神话悟空和只狼的boss哪个难打,0,0,0,0,0
黑神话悟空和只狼哪个先出的最好,0,0,0,0,0
黑神话悟空是哪个公司的,0,0,0,0,0
黑神话悟空哪个平台,0,0,0,0,0
黑神话悟空是哪个公司,0,0,0,0,0
黑神话悟空哪个公司开发的,0,0,0,0,0
黑神话悟空哪个公司的,0,0,0,0,0
黑神话悟空是哪个公司投资的,0,0,0,0,0
黑神话悟空工作室属于哪个公司,0,0,0,0,0
黑神话悟空的制作团队是腾讯哪个,0,0,0,0,0
黑神话悟空哪个平台发售,0,0,0,0,0
黑神话悟空登陆哪个平台,0,0,0,0,0
黑神话悟空哪个团队制作,0,0,0,0,0
黑神话悟空传哪个公司出的,0,0,0,0,0
黑神话悟空团队在哪个国家,0,0,0,0,0
黑神话悟空哪个平台能玩,0,0,0,0,0
黑神话悟空是中国哪个公司开发的,0,0,0,0,0
黑神话悟空游戏哪个平台的,0,0,0,0,0
黑神话悟空在哪个平台上架,0,0,0,0,0
全民斗战神和黑神话悟空哪个厉害,0,0,0,0,0
黑神话悟空在哪个平,0,0,0,0,0
黑神话悟空来自哪个工作室,0,0,0,0,0
黑神话悟空是哪个版本的主题曲歌名,0,0,0,0,0
黑神话悟空在哪个平台上架直播,0,0,0,0,0
黑神话悟空是哪个游戏公司产品,0,0,0,0,0
黑暗神话悟空是哪个国家的,0,0,0,0,0
黑神话悟空和原神哪个更好玩,0,0,0,0,0
只狼和黑神话悟空哪个好,0,0,0,0,0
黑神话悟空片尾视频出现的角色是哪个,0,0,0,0,0
黑神话悟空是哪个公司制作出来的动画片,0,0,0,0,0
悟空黑神话用哪个机器玩好一点,0,0,0,0,0
悟空黑神话用哪个机器玩好玩,0,0,0,0,0
黑神话悟空哪个平台玩的多,0,0,0,0,0
黑神话悟空是哪个品牌出的,0,0,0,0,0
黑神话悟空在哪个平台上发售,0,0,0,0,0
黑神话悟空剪辑音乐推荐哪个,0,0,0,0,0
黑神话悟空在哪个软件上下载的啊,0,0,0,0,0
黑神话悟空是哪个版本的主题曲叫什么名字,0,0,0,0,0
黑神话悟空在哪个平台上玩好,0,0,0,0,0
黑神话悟空是哪个团队做的游戏,0,0,0,0,0
黑神话悟空是哪个团队做的游戏啊知乎,0,0,0,0,0
黑神话悟空在哪个平台购买好用点,0,0,0,0,0
黑神话悟空在哪个平台玩好,0,0,0,0,0
黑神话悟空vs孙悟空哪个厉害些,0,0,0,0,0
黑神话悟空是哪个国家的动画片啊,0,0,0,0,0
黑暗神话悟空是哪个国家的人,0,0,0,0,0
黑神话悟空是哪个国家拍的动画片,0,0,0,0,0
黑神话悟空在哪个软件里下载,0,0,0,0,0
黑神话悟空vs悟空哪个厉害些啊,0,0,0,0,0
黑神话悟空在哪个平台玩好一点,0,0,0,0,0
黑神话悟空vs悟空哪个厉害一点,0,0,0,0,0
黑神话悟空在哪个平台玩好玩,0,0,0,0,0
黑神话悟空画师在哪个平台,0,0,0,0,0
黑神话悟空画师在哪个平台直播过,0,0,0,0,0
崩坏星穹铁道和黑神话悟空哪个强,0,0,0,0,0
战神vs黑神话悟空哪个好玩些,0,0,0,0,0
黑神话悟空vs永劫无间哪个好玩,0,0,0,0,0
黑神话悟空和燕云十六声哪个好看,0,0,0,0,0
黑神话悟空和燕云哪个厉害一点,0,0,0,0,0
黑神话悟空vs齐天大圣哪个好,0,0,0,0,0
燕云十六骑和黑神话悟空哪个厉害点,0,0,0,0,0
黑神话悟空和原神哪个画质高一点,0,0,0,0,0
黑神话悟空和血狮哪个好玩,0,0,0,0,0
黑神话悟空和原神哪个更好玩一点,0,0,0,0,0
黑神话悟空哪个上市公司参与了,0,0,0,0,0
只狼和黑神话悟空哪个好看,0,0,0,0,0
黑神话悟空和艾尔登法环哪个厉害一点啊,0,0,0,0,0
黑神话悟空片尾视频出现的角色是哪个角色,0,0,0,0,0
黑神话悟空在哪个平台可以玩啊手游游戏,0,0,0,0,0
黑神话悟空和战神4哪个好玩,0,0,0,0,0
黑神话悟空是哪个公司制作得的动画片,0,0,0,0,0
黑神话悟空哪个国家的游戏好玩一点,0,0,0,0,0
悟空黑神话用哪个机器玩比较好一点比较好,0,0,0,0,0
悟空黑神话用哪个机器玩比较好用一点,0,0,0,0,0
黑神话悟空首发在哪个平台买比较好,0,0,0,0,0
悟空黑神话用哪个机器玩好一点最好,0,0,0,0,0
黑神话悟空首发在哪个平台看最好,0,0,0,0,0
黑悟空神话在哪个平台直播过,0,0,0,0,0
全民斗战神和黑神话悟空哪个好玩一点,0,0,0,0,0
全民斗战神和黑神话悟空哪个强一些最好,0,0,0,0,0
黑神话悟空和死亡搁浅哪个好玩,0,0,0,0,0
悟空黑神话是哪个公司,0,0,0,0,0
黑悟空和黑神话哪个好玩,0,0,0,0,0
和黑神话悟空一样的游戏公司是哪个级别,0,0,0,0,0
黑暗神话悟空哪个开发的,0,0,0,0,0
黑神话悟空合作公司是哪个,0,0,0,0,0
黑神话悟空哪个平台买,0,0,0,0,0
黑神话悟空运行在哪个平台看最好,0,0,0,0,0
黑神话悟空运行在哪个平台可以玩游戏,0,0,0,0,0
黑神话悟空运行在哪个平台下载安装,0,0,0,0,0
黑神话猴子和悟空哪个厉害些呢,0,0,0,0,0
黑神话猴子和悟空哪个厉害一点呢,0,0,0,0,0
黑神话悟空在哪个软件上下载好玩吗,0,0,0,0,0
黑神话悟空是哪个品牌出的产品,0,0,0,0,0
黑神话悟空上线哪个游戏平台,0,0,0,0,0
黑神话悟空是哪个上市公司的,0,0,0,0,0
黑神话悟空在哪个平台上玩比较好,0,0,0,0,0
暗黑4和黑神话悟空哪个先出的最好,0,0,0,0,0
黑神话悟空哪个平台玩好玩吗,0,0,0,0,0
黑神话悟空在哪个平台上架直播间好,0,0,0,0,0
黑神话悟空和法环哪个好玩,0,0,0,0,0
黑神话悟空龙在哪个地方,0,0,0,0,0
黑神话悟空与哪个游戏相似,0,0,0,0,0
黑神话悟空超分率采样用哪个,0,0,0,0,0
黑神话悟空酒葫芦升级哪个比较好,0,0,0,0,0
黑神话悟空哪个老猴子是什么身份,0,0,0,0,0
黑神话悟空steam与腾讯哪个好,0,0,0,0,0
黑神话悟空购买哪个版本好,0,0,0,0,0
黑神话悟空拍照模式按哪个键拍摄,0,0,0,0,0
黑神话悟空哪个棍子厉害,0,0,0,0,0
黑神话悟空的音乐在哪个文件夹,0,0,0,0,0
黑神话悟空和只狼哪个难玩一点,0,0,0,0,0
黑神话悟空和只狼哪个难度大一点啊,0,0,0,0,0
原神和黑神话悟空哪个好玩,0,0,0,0,0
黑神话悟空是哪个公司的游戏,0,0,0,0,0
黑神话悟空在哪个游戏平台,0,0,0,0,0
黑神话悟空开发商是哪个公司,0,0,0,0,0
黑悟空神话是哪个公司研发的,0,0,0,0,0
虚幻4和黑神话悟空哪个好玩,0,0,0,0,0
黑神话悟空哪个公司出品,0,0,0,0,0
黑悟空神话是哪个国家,0,0,0,0,0
黑神话悟空哪个平台售卖,0,0,0,0,0
黑神话悟空是哪个游戏平台的,0,0,0,0,0
黑神话悟空敢问路在何方是哪个版本的,0,0,0,0,0
黑神话悟空与哪个公司合作,0,0,0,0,0
黑神话悟空登录哪个游戏平台,0,0,0,0,0
黑神话悟空和只狼哪个难,0,0,0,0,0
黑神话悟空在哪个平台可以玩啊,0,0,0,0,0
黑神话悟空和只狼哪个难打,0,0,0,0,0
黑神话悟空和只狼哪个难度大,0,0,0,0,0
哪个平台能下载黑神话悟空游戏,0,0,0,0,0
黑神话悟空是哪个公司出品的电影,0,0,0,0,0
黑神话悟空在哪个平台可以玩啊苹果,0,0,0,0,0
黑神话悟空来自哪个公司,0,0,0,0,0
黑神话悟空和卧龙苍天陨落哪个好看点,0,0,0,0,0
黑神话悟空在哪个平台直播,0,0,0,0,0
黑神话悟空在哪个平台试玩,0,0,0,0,0
悟空黑神话用哪个机器玩比较好玩,0,0,0,0,0
黑神话悟空在哪个平台上架的啊,0,0,0,0,0
和黑神话悟空一样的游戏公司是哪个,0,0,0,0,0
黑神话悟空哪个平台玩好玩,0,0,0,0,0
黑神话悟空在哪个软件上下载好看,0,0,0,0,0
哪个平台可以下载黑神话悟空传奇手游,0,0,0,0,0
暗黑4和黑神话悟空哪个先出的,0,0,0,0,0
黑神话悟空模仿哪个游戏,0,0,0,0,0
黑神话悟空在哪个平台玩好啊视频,0,0,0,0,0
黑神话悟空vs悟空哪个厉害一点啊,0,0,0,0,0
黑神话悟空最早宣传的是哪个,0,0,0,0,0
黑神话悟空是哪个团队做的游戏啊视频,0,0,0,0,0
黑神话悟空是哪个团队做的游戏啊,0,0,0,0,0
黑暗神话悟空是哪个国家的动漫,0,0,0,0,0
黑神话悟空画师在哪个平台直播的,0,0,0,0,0
黑神话悟空画师在哪个平台播放过,0,0,0,0,0
燕云十六骑和黑神话悟空哪个好,0,0,0,0,0
黑神话悟空vs鲲鹏哪个厉害一点,0,0,0,0,0
只狼和黑神话悟空哪个画质高,0,0,0,0,0
黑神话悟空和无人深空哪个好玩,0,0,0,0,0
黑神话悟空和原神哪个更好,0,0,0,0,0
黑神话悟空和原神哪个更好玩些,0,0,0,0,0
黑悟空神话上线哪个平台,0,0,0,0,0
悟空和黑神话哪个好玩些,0,0,0,0,0
艾尔登之环和黑神话悟空哪个好,0,0,0,0,0
黑神话悟空和战神哪个画质好,0,0,0,0,0
黑神话悟空哪个国家的游戏最好玩啊,0,0,0,0,0
黑神话悟空在哪个公司,0,0,0,0,0
悟空黑神话用哪个机器玩比较好玩推荐,0,0,0,0,0
黑神话悟空首发在哪个平台买最好,0,0,0,0,0
全民斗战神和黑神话悟空哪个厉害点呢,0,0,0,0,0
全民斗战神和黑神话悟空哪个好点啊,0,0,0,0,0
全民斗战神和黑神话悟空哪个强一些比较好,0,0,0,0,0
黑神话人类和悟空哪个好玩,0,0,0,0,0
黑神话悟空是哪个公司发行的,0,0,0,0,0
悟空游戏黑神话是哪个公司的,0,0,0,0,0
黑神话悟空在哪个平台出售的,0,0,0,0,0
黑神话悟空在哪个平台购买正版了,0,0,0,0,0
黑神话悟空在哪个平台能下载到手机,0,0,0,0,0
黑神话悟空要在哪个平台玩,0,0,0,0,0
黑神话悟空是哪个版本的主题曲叫什么歌啊,0,0,0,0,0
黑神话悟空跟哪个股票有关,0,0,0,0,0
黑神话悟空是哪个游戏,0,0,0,0,0
暗黑4和黑神话悟空哪个先出的游戏,0,0,0,0,0
暗黑4和黑神话悟空哪个先出来了,0,0,0,0,0
暗黑4和黑神话悟空哪个先出来的,0,0,0,0,0
黑神话悟空哪个平台玩好玩点,0,0,0,0,0
黑神话悟空哪个平台玩合算,0,0,0,0,0
黑神话悟空哪个平台玩的人多啊呢,0,0,0,0,0
黑神话悟空哪个平台玩好一点推荐,0,0,0,0,0
黑神话悟空在哪个平台首发,0,0,0,0,0
黑神话悟空哪个平台可以玩了,0,0,0,0,0
黑神话悟空哪个平台玩的人多啊知乎,0,0,0,0,0
黑神话悟空和山海哪个好玩,0,0,0,0,0
黑神话悟空在哪个游戏,0,0,0,0,0
黑神话悟空ps5在哪个平台购买,0,0,0,0,0
黑神话悟空哪个平台玩好推荐,0,0,0,0,0
辉县哪个电竞酒店有黑神话悟空,0,0,0,0,0
黑神话悟空和哪吒哪个好玩,0,0,0,0,0
游戏黑神话悟空是哪个公司的,0,0,0,0,0
黑神话悟空加防御和生命哪个好一点,0,0,0,0,0
黑神话悟空半个不少最后一个小怪在哪个地方,0,0,0,0,0
黑神话悟空捣蒜打是哪个,0,0,0,0,0
黑神话悟空和暗黑哪个好,0,0,0,0,0
黑神话悟空最像哪个游戏,0,0,0,0,0
黑神话悟空英文是哪个,0,0,0,0,0
黑神话悟空出自哪个公司,0,0,0,0,0
黑神话悟空与古墓丽影暗影哪个好,0,0,0,0,0
黑神话悟空和只狼哪个先出的比较好,0,0,0,0,0
黑神话悟空和只狼哪个先出来的最好,0,0,0,0,0
黑神话悟空哪个悟空是真的,0,0,0,0,0
黑神话悟空是哪个公司开发的,0,0,0,0,0
黑神话 悟空是哪个上市公司,0,0,0,0,0
黑悟空神话是哪个游戏公司,0,0,0,0,0
黑神话之悟空是哪个公司的,0,0,0,0,0
黑神话悟空会在哪个平台,0,0,0,0,0
黑神话悟空和战神哪个更好,0,0,0,0,0
黑神话悟空游戏哪个公司出的,0,0,0,0,0
黑神话悟空哪个工作室做的,0,0,0,0,0
黑神话悟空是哪个工作室做的,0,0,0,0,0
黑神话悟空哪个公司开发,0,0,0,0,0
黑神话悟空哪个平台预购,0,0,0,0,0
黑神话悟空会在哪个平台上线,0,0,0,0,0
哪个app可以下载黑神话悟空,0,0,0,0,0
黑神话悟空哪个平台可以下载,0,0,0,0,0
悟空黑神话用哪个机器玩比较好,0,0,0,0,0
黑神话悟空是哪个公司制作的游戏,0,0,0,0,0
黑神话悟空是哪个公司制作出来的,0,0,0,0,0
黑神话悟空哪个国家出的,0,0,0,0,0
暗黑4和黑神话悟空哪个先出,0,0,0,0,0
黑神话悟空哪个平台玩的人多,0,0,0,0,0
黑神话悟空是哪个版本的主题曲叫什么,0,0,0,0,0
黑神话悟空是哪个国家出的,0,0,0,0,0
黑神话悟空是哪个公司制作得游戏,0,0,0,0,0
黑神话悟空是哪个公司旗下的游戏,0,0,0,0,0
全民斗战神和黑神话悟空哪个强一点,0,0,0,0,0
全民斗战神和黑神话悟空哪个强一些,0,0,0,0,0
悟空黑神话用哪个机器玩比较好用,0,0,0,0,0
黑神话悟空和只狼哪个先出的,0,0,0,0,0
黑神话与悟空传奇哪个好玩,0,0,0,0,0
黑神话悟空pc和ps5先上线哪个,0,0,0,0,0
黑神话悟空哪个游戏公司开发的,0,0,0,0,0
黑神话悟空是哪个国的,0,0,0,0,0
黑神话悟空在哪个平台玩好玩啊,0,0,0,0,0
黑神话悟空是哪个国家做的游戏,0,0,0,0,0
黑神话悟空是哪个国家拍的动漫,0,0,0,0,0
黑神话悟空画师在哪个平台播放,0,0,0,0,0
黑神话悟空是哪个国家拍的电影,0,0,0,0,0
燕云十六声和黑神话悟空哪个厉害一点,0,0,0,0,0
黑神话悟空和燕云哪个厉害些,0,0,0,0,0
黑神话悟空更像哪个游戏,0,0,0,0,0
黑神话悟空vs斗战胜佛哪个厉害,0,0,0,0,0
黑神话悟空哪个角色最厉害,0,0,0,0,0
战神vs黑神话悟空哪个好玩点,0,0,0,0,0
黑神话悟空vs齐天大圣哪个厉害,0,0,0,0,0
黑神话悟空和星穹铁道哪个好玩,0,0,0,0,0
英雄互娱和黑神话悟空哪个好,0,0,0,0,0
黑神话悟空是哪个上市公司做的,0,0,0,0,0
悟空和黑神话哪个好玩点,0,0,0,0,0
黑神话悟空是哪个公司制作得游戏的,0,0,0,0,0
黑神话悟空片尾视频出现的角色是哪个版本,0,0,0,0,0
只狼和黑神话悟空哪个质量高,0,0,0,0,0
黑神话悟空与只狼哪个好玩,0,0,0,0,0
黑神话悟空哪个国家的游戏好玩啊,0,0,0,0,0
黑神话悟空在哪个平台发布,0,0,0,0,0
黑悟空神话是哪个公司制作的,0,0,0,0,0
黑神话悟空属于哪个公司的游戏形式,0,0,0,0,0
黑神话悟空将在哪个平台购买了,0,0,0,0,0
悟空黑神话用哪个机器玩比较好玩呢,0,0,0,0,0
悟空黑神话用哪个机器玩好玩啊,0,0,0,0,0
悟空黑神话用哪个机器玩好玩吗,0,0,0,0,0
悟空黑神话用哪个机器玩比较好玩的地方,0,0,0,0,0
黑神话悟空发售平台是哪个,0,0,0,0,0
全民斗战神和黑神话悟空哪个强一点更好,0,0,0,0,0
全民斗战神和黑神话悟空哪个强一些啊,0,0,0,0,0
黑神话悟空在哪个平台发售了,0,0,0,0,0
黑神话悟空和原神哪个好玩,0,0,0,0,0
黑神话悟空是哪个游戏公司代理玩的手游,0,0,0,0,0
黑神话悟空和2077哪个好玩,0,0,0,0,0
黑神话悟空和姜子牙哪个好玩,0,0,0,0,0
黑神话悟空在哪个平台购买正版最好,0,0,0,0,0
黑悟空神话哪个上市公司,0,0,0,0,0
黑神话悟空可以在哪个平台购买,0,0,0,0,0
黑神话悟空将在哪个平台上线,0,0,0,0,0
黑神话悟空在哪个平台上玩啊,0,0,0,0,0
黑神话悟空哪个平台玩好玩一点,0,0,0,0,0
黑神话悟空哪个平台玩的人多啊视频,0,0,0,0,0
黑神话悟空哪个直播,0,0,0,0,0
黑悟空神话哪个平台好,0,0,0,0,0
黑神话悟空哪个平台便宜,0,0,0,0,0
哪个平台可以下载黑神话悟空传奇手游版本,0,0,0,0,0
黑神话悟空的演示音频下载在哪个文件夹,0,0,0,0,0
黑神话悟空哪个上市公司开发的,0,0,0,0,0
黑神话悟空和罗小黑哪个好看,0,0,0,0,0
黑神话悟空数字豪华版和标准版哪个好,0,0,0,0,0
黑神话悟空去哪个平台买好一点,0,0,0,0,0
黑神话悟空和流沙河哪个好玩,0,0,0,0,0
黑神话悟空的马在哪个地方,0,0,0,0,0
黑神话悟空八戒和蜘蛛精壁纸哪个好,0,0,0,0,0
黑神话悟空金色大头在哪个地方,0,0,0,0,0
黑神话悟空命令行模式启动哪个,0,0,0,0,0
黑神话悟空是哪个游戏公司开,0,0,0,0,0
黑神话悟空三冬虫给哪个酒升级好,0,0,0,0,0
黑神话悟空昆棍通天和如意金箍棍哪个好,0,0,0,0,0
黑神话悟空出自哪个地区,0,0,0,0,0
安阳修定寺塔对应黑神话悟空的哪个建筑,0,0,0,0,0
黑神话悟空套装推荐哪个,0,0,0,0,0
黑神话悟空豪华版音乐集在哪个文件夹,0,0,0,0,0
黑神话悟空黑熊和虎先锋哪个好打,0,0,0,0,0
都有哪个平台可以下黑神话悟空,0,0,0,0,0
黑神话悟空三冬虫给哪个酒,0,0,0,0,0
黑神话悟空修复在哪个地方,0,0,0,0,0
黑神话悟空如意金箍棒与天龙棍哪个好,0,0,0,0,0
黑神话悟空和只狼哪个做得好,0,0,0,0,0
黑神话悟空和只狼哪个难度大些啊,0,0,0,0,0
黑神话悟空和只狼哪个难打一点了,0,0,0,0,0
黑神话悟空在哪个平台下载,0,0,0,0,0
黑神话悟空哪个是真的悟空,0,0,0,0,0
黑神话悟空是哪个国家的,0,0,0,0,0
黑神话悟空是哪个工作室,0,0,0,0,0
黑神话之悟空在哪个平台,0,0,0,0,0
黑神话悟空哪个平台可以玩,0,0,0,0,0
黑悟空神话是哪个公司的,0,0,0,0,0
黑神话悟空哪个版本好玩,0,0,0,0,0
黑神话悟空是哪个平台,0,0,0,0,0
黑神话悟空是哪个国家的游戏,0,0,0,0,0
黑神话悟空是哪个工作室开发的,0,0,0,0,0
黑神话悟空哪个是真悟空,0,0,0,0,0
黑神话悟空和只狼画质哪个好,0,0,0,0,0
黑神话悟空登录哪个平台,0,0,0,0,0
黑神话悟空哪个游戏公司制作的,0,0,0,0,0
黑神话悟空游戏在哪个平台玩,0,0,0,0,0
黑神话悟空是哪个国家制作的,0,0,0,0,0
黑神话悟空在哪个平台预购,0,0,0,0,0
黑神话悟空哪个工作室的,0,0,0,0,0
神话黑悟空在哪个平台下载,0,0,0,0,0
黑神话悟空是由哪个公司研发的,0,0,0,0,0
黑神话悟空哪个平台有,0,0,0,0,0
黑神话悟空是哪个公司制作得,0,0,0,0,0
黑神话悟空是哪个公司出品,0,0,0,0,0
黑神话悟空是哪个游戏公司代理,0,0,0,0,0
哪个平台可以下载黑神话悟空游戏,0,0,0,0,0
黑神话悟空和只狼哪个先出,0,0,0,0,0
黑神话悟空运行在哪个平台,0,0,0,0,0
黑神话悟空哪个公司出的,0,0,0,0,0
黑神话悟空和卧龙苍天陨落哪个好,0,0,0,0,0
黑神话悟空哪个平台玩好一点,0,0,0,0,0
黑神话悟空哪个平台玩的好,0,0,0,0,0
黑神话悟空是哪个软件公司的,0,0,0,0,0
黑神话悟空是哪个上市公司,0,0,0,0,0
黑神话悟空运行在哪个平台可以玩,0,0,0,0,0
黑神话悟空运行在哪个平台下载,0,0,0,0,0
黑神话悟空哪个平台玩的人多啊,0,0,0,0,0
黑神话悟空是哪个游戏公司做的,0,0,0,0,0
黑神话悟空和只狼哪个难度大些,0,0,0,0,0
黑神话悟空和只狼哪个先出来的,0,0,0,0,0
黑神话悟空和只狼哪个难打啊,0,0,0,0,0
黑悟空神话会在哪个平台,0,0,0,0,0
黑悟空神话在哪个游戏玩,0,0,0,0,0
赛博朋克2077和黑神话悟空哪个好玩一点,0,0,0,0,0
黑神话与悟空传奇哪个好,0,0,0,0,0
黑神话悟空在哪个平台购买好用一点,0,0,0,0,0
大圣归来和黑神话悟空哪个好看,0,0,0,0,0
黑神话悟空先上哪个平台,0,0,0,0,0
战神5和黑神话悟空哪个好,0,0,0,0,0
黑神话悟空是哪个国家出的动漫,0,0,0,0,0
黑神话悟空是哪个国家开发的游戏,0,0,0,0,0
黑神话悟空画师在哪个平台看的,0,0,0,0,0
燕云十六骑和黑神话悟空哪个好用,0,0,0,0,0
黑神话悟空vs鲲鹏哪个厉害,0,0,0,0,0
黑悟空神话哪个公司,0,0,0,0,0
黑神话悟空和原神哪个画质高些,0,0,0,0,0
黑神话悟空和卧龙的苍天陨落哪个好玩,0,0,0,0,0
黑神话悟空和艾尔登法环哪个好玩点,0,0,0,0,0
黑神话悟空和老头环哪个好玩,0,0,0,0,0
黑神话悟空是哪个公司2023,0,0,0,0,0
黑神话 悟空哪个公司,0,0,0,0,0
黑神话悟空是哪个公司研发的产品,0,0,0,0,0
黑神话悟空和幻塔哪个好玩,0,0,0,0,0
黑神话悟空和哪个游戏像,0,0,0,0,0
黑神话悟空在哪个平台可以玩啊苹果手机,0,0,0,0,0
悟空黑神话用哪个机器玩比较好用啊,0,0,0,0,0
悟空黑神话用哪个机器玩好一点比较好,0,0,0,0,0
悟空黑神话用哪个机器玩的多啊,0,0,0,0,0
黑神话悟空首发平台是哪个,0,0,0,0,0
黑神话悟空在哪个平台试玩的,0,0,0,0,0
全民斗战神和黑神话悟空哪个好用啊,0,0,0,0,0
全民斗战神和黑神话悟空哪个厉害一点啊,0,0,0,0,0
全民斗战神和黑神话悟空哪个厉害些比较好,0,0,0,0,0
黑神话悟空上了哪个平台,0,0,0,0,0
黑神话悟空和浪人哪个好玩,0,0,0,0,0
黑神话悟空哪个国家开发的最好,0,0,0,0,0
黑神话悟空是哪个游戏公司做的啊,0,0,0,0,0
黑神话悟空在哪个软件上下载好用一点,0,0,0,0,0
黑神话悟空运行在哪个平台可以玩啊,0,0,0,0,0
黑神话悟空玩哪个平台,0,0,0,0,0
黑神话悟空是谁哪个工作室,0,0,0,0,0
黑神话悟空全新演示哪个平台可以看,0,0,0,0,0
黑神话悟空全新演示哪个平台可以玩,0,0,0,0,0
黑神话悟空全新演示哪个平台比较好,0,0,0,0,0
哪个平台可以玩黑神话悟空,0,0,0,0,0
黑神话悟空剪辑音乐推荐哪个比较好,0,0,0,0,0
黑神话悟空剪辑音乐推荐哪个版本,0,0,0,0,0
黑神话悟空在哪个平台玩最好,0,0,0,0,0
黑神话悟空哪个平台玩的人多一点啊,0,0,0,0,0
黑神话悟空哪个平台玩好玩啊,0,0,0,0,0
黑神话悟空豪华版和普通版哪个比较好,0,0,0,0,0
黑神话悟空数字豪华版和标准版哪个好推荐,0,0,0,0,0
黑神话悟空是哪个国家发行制作的,0,0,0,0,0
黑神话悟空是哪个上市公司的产品,0,0,0,0,0
黑神话悟空制作团队是哪个国家的公司,0,0,0,0,0
黑神话悟空到底买哪个版本的,0,0,0,0,0
悟空黑神话虎之锋在哪个地方,0,0,0,0,0
黑神话悟空ps5和pc玩哪个画质好,0,0,0,0,0
黑神话悟空红孩儿不杀有何区别哪个好推荐,0,0,0,0,0
黑神话悟空小曲在哪个文件夹,0,0,0,0,0
黑神话悟空哪个版本,0,0,0,0,0
黑神话悟空变身哪个最强,0,0,0,0,0
黑神话悟空和巫师3哪个好,0,0,0,0,0
黑神话悟空与只狼哪个难打,0,0,0,0,0
黑神话 悟空上线哪个平台,0,0,0,0,0
黑神话悟空哪个上市公司,0,0,0,0,0
黑神话悟空游戏在哪个平台,0,0,0,0,0
黑神话悟空是哪个游戏公司,0,0,0,0,0
黑神话悟空里哪个是真的,0,0,0,0,0
黑神话悟空是哪个公司制作的,0,0,0,0,0
黑神话悟空 哪个平台,0,0,0,0,0
黑神话悟空是哪个平台的游戏,0,0,0,0,0
黑神话悟空是哪个游戏公司出的,0,0,0,0,0
黑神话悟空是哪个游戏公司的,0,0,0,0,0
黑神话悟空抄袭了哪个游戏,0,0,0,0,0
黑神话悟空哪个公司发行的,0,0,0,0,0
黑神话悟空哪个平台下载,0,0,0,0,0
黑神话悟空全新演示哪个平台玩的,0,0,0,0,0
黑神话悟空哪个公司制作,0,0,0,0,0
黑神话悟空哪个才是真猴子,0,0,0,0,0
黑神话悟空和哪吒哪个好,0,0,0,0,0
黑神话猴子和悟空哪个厉害,0,0,0,0,0
黑神话悟空在哪个软件上下载的,0,0,0,0,0
黑神话悟空哪个游戏公司,0,0,0,0,0
黑神话悟空哪个游戏机可以玩,0,0,0,0,0
黑神话悟空哪个国家的游戏最好玩,0,0,0,0,0
黑悟空神话在哪个平台直播,0,0,0,0,0
悟空黑神话用哪个机器玩的多,0,0,0,0,0
全民斗战神和黑神话悟空哪个厉害些,0,0,0,0,0
黑神话猴子和悟空哪个厉害些,0,0,0,0,0
黑神话悟空在哪个平台出售,0,0,0,0,0
黑神话悟空在哪个平台购买正版,0,0,0,0,0
黑神话悟空和只狼哪个难度大一点,0,0,0,0,0
黑神话悟空和只狼哪个难刷一点,0,0,0,0,0
赛博朋克2077和黑神话悟空哪个好玩些,0,0,0,0,0
黑神话悟空哪个游戏公司出的,0,0,0,0,0
黑神话悟空哪个软件可以玩,0,0,0,0,0
黑神话悟空在哪个平台玩好啊,0,0,0,0,0
黑神话悟空画师在哪个平台直播,0,0,0,0,0
黑神话悟空在哪个平台发售正版,0,0,0,0,0
黑神话悟空vs孙悟空哪个厉害一点啊,0,0,0,0,0
哪个软件可以下载黑神话悟空,0,0,0,0,0
黑神话悟空哪个平台可以看,0,0,0,0,0
只狼和黑神话悟空哪个更好,0,0,0,0,0
燕云十六骑和黑神话悟空哪个好看,0,0,0,0,0
战神vs黑神话悟空哪个好玩一点,0,0,0,0,0
燕云十六声和黑神话悟空哪个厉害,0,0,0,0,0
鬼谷八荒和黑神话悟空哪个好玩,0,0,0,0,0
黑神话悟空和女皇哪个好玩,0,0,0,0,0
幽灵行者vs黑神话悟空哪个好玩,0,0,0,0,0
只狼和黑神话悟空哪个好打,0,0,0,0,0
黑神话悟空和腾讯对话哪个好,0,0,0,0,0
艾尔登之环和黑神话悟空哪个好玩,0,0,0,0,0
黑神话悟空是哪个公司制作得的游戏,0,0,0,0,0
原神和黑神话悟空哪个好,0,0,0,0,0
黑神话悟空在哪个平台可以玩啊苹果版,0,0,0,0,0
黑神话悟空在哪个平台可以玩啊手游版,0,0,0,0,0
黑神话悟空的创作团队是哪个国家,0,0,0,0,0
悟空黑神话用哪个机器玩的多吗,0,0,0,0,0
悟空黑神话用哪个机器玩的好推荐,0,0,0,0,0
黑神话悟空在哪个平台试玩比较好,0,0,0,0,0
黑神话悟空在哪个平台试玩最好,0,0,0,0,0
黑神话悟空首发在哪个平台看比较好,0,0,0,0,0
黑神话悟空属于哪个公司的游戏类型,0,0,0,0,0
黑悟空神话在哪个平台直播最好,0,0,0,0,0
黑神话悟空在哪个平台直播的,0,0,0,0,0
全民斗战神和黑神话悟空哪个好用点,0,0,0,0,0
全民斗战神和黑神话悟空哪个强一点最好,0,0,0,0,0
黑神话悟空和赛博朋克哪个好玩,0,0,0,0,0
黑神话悟空和鸣潮哪个好玩,0,0,0,0,0
黑神话悟空预购哪个版本,0,0,0,0,0
黑神话猴子和悟空哪个厉害点啊,0,0,0,0,0
黑神话悟空选择哪个平台,0,0,0,0,0
黑神话之悟空哪个公司的,0,0,0,0,0
黑神话悟空哪个平台玩的好一点,0,0,0,0,0
黑神话悟空哪个平台玩好一点啊,0,0,0,0,0
黑神话悟空哪个平台玩的多了,0,0,0,0,0
黑神话悟空是哪个版本的主题曲叫什么歌名,0,0,0,0,0
黑神话悟空在哪个软件上下载好看啊,0,0,0,0,0
黑神话悟空在哪个平台上发售过,0,0,0,0,0
黑神话悟空剪辑音乐推荐哪个app,0,0,0,0,0
黑神话悟空哪个平台的游戏,0,0,0,0,0
黑神话悟空购买哪个平台最便宜,0,0,0,0,0
黑神话悟空是哪个公司的产品,0,0,0,0,0
黑神话悟空哪个平台买比较好,0,0,0,0,0
黑神话悟空南宁哪个网吧可玩,0,0,0,0,0
黑神话悟空第四章大青蛙在哪个地方啊,0,0,0,0,0
黑神话悟空劈棍立棍戳棍哪个伤害高,0,0,0,0,0
黑神话悟空和哪个游戏同类型,0,0,0,0,0
黑神话悟空装系统哪个盘,0,0,0,0,0
黑神话悟空是哪个上市公司制作的,0,0,0,0,0
黑神话悟空黄华观观门在哪个地方,0,0,0,0,0
黑悟空神话哪个平台可以玩,0,0,0,0,0
黑神话悟空哪个视频可以看,0,0,0,0,0
黑神话悟空音乐在哪个文件夹,0,0,0,0,0
黑神话悟空拍照哪个键位保存,0,0,0,0,0
黑神话悟空第五章袁守城在哪个地方,0,0,0,0,0
黑神话悟空pc版和ps版哪个好,0,0,0,0,0
黑神话和悟空传哪个好看,0,0,0,0,0
只狼和黑神话悟空哪个更容易通关,0,0,0,0,0
黑神话悟空和只狼哪个难度更大,0,0,0,0,0
黑神话悟空视频在游戏哪个位置,0,0,0,0,0
黑神话悟空和只狼哪个难打啊知乎,0,0,0,0,0
黑神话悟空和只狼哪个难度大一点呢,0,0,0,0,0
黑神话悟空和只狼哪个难打一点啊,0,0,0,0,0
黑神话悟空是哪个公司做的,0,0,0,0,0
黑神话悟空挖人是哪个公司,0,0,0,0,0
黑神话悟空的哪个游戏公司,0,0,0,0,0
黑神话悟空会在哪个平台上架,0,0,0,0,0
黑悟空神话在哪个平台,0,0,0,0,0
黑神话悟空哪个工作室,0,0,0,0,0
黑神话悟空会在哪个平台发售,0,0,0,0,0
黑神话悟空上线哪个平台,0,0,0,0,0
黑神话悟空哪个平台上架,0,0,0,0,0
只狼与黑神话悟空哪个好,0,0,0,0,0
黑神话悟空哪个平台的,0,0,0,0,0
黑神话悟空在哪个平台能玩,0,0,0,0,0
黑神话悟空是哪个国家,0,0,0,0,0
黑神话悟空首发在哪个平台,0,0,0,0,0
全民斗战神和黑神话悟空哪个强,0,0,0,0,0
黑神话悟空在哪个软件上玩,0,0,0,0,0
黑神话悟空在哪个平台可以玩啊手游,0,0,0,0,0
全民斗战神和黑神话悟空哪个好玩,0,0,0,0,0
黑神话悟空首发在哪个平台买,0,0,0,0,0
黑神话悟空和卧龙苍天陨落哪个好玩,0,0,0,0,0
黑神话悟空首发在哪个平台看,0,0,0,0,0
黑神话悟空在哪个平台上架直播间,0,0,0,0,0
黑神话悟空全新演示哪个平台,0,0,0,0,0
黑神话悟空哪个国家开发的,0,0,0,0,0
黑神话猴子和悟空哪个厉害一点,0,0,0,0,0
黑神话悟空会上线哪个平台,0,0,0,0,0
黑神话猴子和悟空哪个厉害点,0,0,0,0,0
黑神话悟空和雄兵连的悟空哪个厉害,0,0,0,0,0
黑神话悟空在哪个平台购买便宜,0,0,0,0,0
黑神话悟空可以在哪个软件上玩啊,0,0,0,0,0
黑神话悟空会在哪个平台登录,0,0,0,0,0
黑神话悟空哪个平台可以看小说,0,0,0,0,0
黑神话悟空vs孙悟空哪个厉害些啊,0,0,0,0,0
黑神话悟空抄袭哪个游戏,0,0,0,0,0
黑神话悟空和原神哪个更火,0,0,0,0,0
哪个软件能玩黑神话悟空,0,0,0,0,0
崩坏星穹铁道和黑神话悟空哪个好,0,0,0,0,0
黑神话悟空vs奎托斯哪个厉害,0,0,0,0,0
黑神话悟空vs鲲鹏哪个厉害些,0,0,0,0,0
英雄互娱和黑神话悟空哪个好看,0,0,0,0,0
黑神话悟空哪个游戏机可以玩的,0,0,0,0,0
黑神话悟空是哪个公司研发的游戏,0,0,0,0,0
黑神话悟空上线哪个平台能玩,0,0,0,0,0
悟空黑神话用哪个机器玩比较好一点的,0,0,0,0,0
悟空黑神话用哪个机器玩的好用,0,0,0,0,0
悟空黑神话用哪个机器玩比较好用呢,0,0,0,0,0
黑悟空神话在哪个平台可以看到,0,0,0,0,0
黑神话悟空哪个平台播出,0,0,0,0,0
艾尔登法环和黑神话悟空哪个好玩,0,0,0,0,0
全民斗战神和黑神话悟空哪个好用一点,0,0,0,0,0
全民斗战神和黑神话悟空哪个好用些,0,0,0,0,0
黑神话悟空要登录哪个平台,0,0,0,0,0
黑悟空神话在哪个平台看,0,0,0,0,0
黑神话悟空在哪个平台购买比较好,0,0,0,0,0
黑神话悟空会上线哪个平台最好,0,0,0,0,0
黑神话悟空运行在哪个平台看啊,0,0,0,0,0
黑神话悟空运行在哪个平台下载啊,0,0,0,0,0
黑神话悟空在哪个平台出售比较好,0,0,0,0,0
黑神话悟空在哪个软件上下载好用推荐,0,0,0,0,0
黑神话悟空在哪个平台上架的啊知乎,0,0,0,0,0
黑神话悟空在哪个平台上架的啊呢,0,0,0,0,0
黑神话悟空哪个平台玩的好推荐,0,0,0,0,0
黑神话悟空在哪个平台上架直播间了,0,0,0,0,0
黑神话悟空在哪个平台上架的啊多少钱,0,0,0,0,0
黑神话悟空在哪个平台销售,0,0,0,0,0
黑神话悟空在哪个软件下,0,0,0,0,0
黑神话悟空跟哪个品牌合作,0,0,0,0,0
黑神话悟空是哪个软件公司的游戏,0,0,0,0,0
黑神话悟空是哪个品牌出的啊,0,0,0,0,0
黑神话悟空关联哪个上市公司,0,0,0,0,0
黑神话悟空制作团队是哪个公司的,0,0,0,0,0
黑神话悟空豪华版东西在哪个地方,0,0,0,0,0
黑神话悟空公司地址在哪个地方,0,0,0,0,0
黑神话悟空拍照模式按哪个键,0,0,0,0,0
张大仙玩黑神话悟空在哪个平台了,0,0,0,0,0
黑神话悟空抢先版攻击按哪个方向,0,0,0,0,0
黑神话悟空宝莲玉葫芦和仙药葫芦哪个厉害,0,0,0,0,0
黑神话悟空首发哪个平台可以看,0,0,0,0,0
黑神话悟空怎么看在哪个平台,0,0,0,0,0
黑神话悟空和我的世界哪个好,0,0,0,0,0
黑神话悟空蟋蟀在哪个地方抓,0,0,0,0,0
黑神话悟空和原神哪个厉害,0,0,0,0,0
黑神话悟空手柄和键盘哪个好用,0,0,0,0,0
黑神话悟空升级哪个装备好排行,0,0,0,0,0
黑神话悟空哪个上市公司占股最大是多少,0,0,0,0,0
黑神话悟空黄风岭快板在哪个地方,0,0,0,0,0
双林寺对应黑神话悟空哪个场景,0,0,0,0,0
黑神话悟空取材哪个故事好看,0,0,0,0,0
黑神话悟空只狼哪个难,0,0,0,0,0
黑神话悟空和只狼哪个先出的游戏,0,0,0,0,0
黑神话悟空哪个国家的,0,0,0,0,0
黑悟空神话哪个公司出的,0,0,0,0,0
悟空黑神话哪个公司,0,0,0,0,0
黑神话悟空开头哪个是假悟空,0,0,0,0,0
敢问路在何方黑神话悟空是哪个版本的歌,0,0,0,0,0
黑神话悟空配置和绝地求生哪个需要的高,0,0,0,0,0
黑神话悟空哪个公司代理,0,0,0,0,0
黑神话悟空哪个公司做的,0,0,0,0,0
黑神话 悟空 哪个公司做的,0,0,0,0,0
黑神话悟空哪个公司投资的,0,0,0,0,0
黑神话悟空在哪个平台玩,0,0,0,0,0
黑神话悟空工作室是哪个团队,0,0,0,0,0
黑神话悟空哪个公司研发,0,0,0,0,0
黑神话悟空会上架哪个平台,0,0,0,0,0
黑神话悟空哪个公司的游戏,0,0,0,0,0
黑神话悟空模型外包给哪个公司了,0,0,0,0,0
黑神话悟空试玩在哪个平台玩,0,0,0,0,0
黑神话悟空和只狼哪个好玩,0,0,0,0,0
黑神话悟空视频在哪个网站发布,0,0,0,0,0
黑神话悟空哪个boss最厉害,0,0,0,0,0
黑神话悟空和原神哪个火,0,0,0,0,0
黑神话悟空在哪个软件上下载好,0,0,0,0,0
黑神话悟空是哪个版本的主题曲歌词,0,0,0,0,0
黑神话悟空是哪个厂商的,0,0,0,0,0
赛博朋克2077和黑神话悟空哪个好,0,0,0,0,0
黑神话悟空和原神哪个画质高,0,0,0,0,0
黑神话悟空是哪个国家拍的,0,0,0,0,0
黑神话悟空是哪个公司研发的,0,0,0,0,0
黑悟空神话是哪个公司,0,0,0,0,0
悟空黑神话用哪个机器玩比较好一点,0,0,0,0,0
黑神话悟空在哪个软件上下载好用,0,0,0,0,0
黑神话悟空在哪个软件上下载好玩,0,0,0,0,0
黑神话悟空是哪个厂商的品牌,0,0,0,0,0
黑神话悟空在哪个平台能下载,0,0,0,0,0
赛博朋克2077和黑神话悟空哪个好打,0,0,0,0,0
黑神话悟空vs悟空哪个厉害些,0,0,0,0,0
黑神话悟空在哪个平台购买好一点,0,0,0,0,0
黑神话悟空在哪个平台购买好,0,0,0,0,0
黑神话悟空普通版和豪华版哪个好,0,0,0,0,0
在哪个软件可以玩到黑神话悟空,0,0,0,0,0
黑神话悟空在哪个平台购买好用,0,0,0,0,0
黑神话悟空可以在哪个软件上玩,0,0,0,0,0
战神5和黑神话悟空哪个好玩,0,0,0,0,0
黑神话悟空和燕云哪个厉害,0,0,0,0,0
燕云十六声和黑神话悟空哪个厉害些,0,0,0,0,0
燕云十六声和黑神话悟空哪个厉害一点啊,0,0,0,0,0
黑神话悟空最好画质是哪个,0,0,0,0,0
黑神话悟空和原神哪个更好玩一些,0,0,0,0,0
黑神话悟空和道诡异仙哪个好玩,0,0,0,0,0
黑神话悟空是哪个公司出品的游戏,0,0,0,0,0
黑神话悟空在哪个平台上线的,0,0,0,0,0
黑神话悟空哪个游戏机可以玩游戏,0,0,0,0,0
黑神话悟空哪个区最便宜,0,0,0,0,0
黑悟空神话在哪个平台可以看啊,0,0,0,0,0
黑神话悟空首发哪个平台,0,0,0,0,0
黑神话悟空首发在哪个平台买便宜,0,0,0,0,0
黑神话悟空将在哪个平台购买最好,0,0,0,0,0
悟空黑神话用哪个机器玩好玩一点,0,0,0,0,0
悟空黑神话用哪个机器玩的好一点,0,0,0,0,0
悟空黑神话用哪个机器玩的好排行,0,0,0,0,0
黑悟空神话是哪个公司出的,0,0,0,0,0
黑悟空神话是哪个公司的游戏,0,0,0,0,0
艾尔登法环和黑神话悟空哪个厉害,0,0,0,0,0
全民斗战神和黑神话悟空哪个好点呢,0,0,0,0,0
全民斗战神和黑神话悟空哪个厉害些啊,0,0,0,0,0
全民斗战神和黑神话悟空哪个厉害一点呢,0,0,0,0,0
黑神话悟空和巫师三哪个好玩,0,0,0,0,0
黑神话悟空和丝之歌哪个好玩,0,0,0,0,0
黑神话悟空和暗黑3哪个好玩,0,0,0,0,0
黑神话悟空?王者荣耀哪个强,0,0,0,0,0
黑神话悟空和刺客信条哪个好玩,0,0,0,0,0
黑神话悟空和女体哪个好玩,0,0,0,0,0
黑神话悟空和lol哪个好玩,0,0,0,0,0
黑神话悟空和武松哪个好玩,0,0,0,0,0
黑神话悟空哪个上市公司发售的,0,0,0,0,0
哪个平台可以下载黑神话悟空传奇手游吗,0,0,0,0,0
黑神话悟空在哪个平台购买正版游戏,0,0,0,0,0
黑神话猴子和悟空哪个厉害些啊,0,0,0,0,0
黑神话猴子和悟空哪个厉害点比较好,0,0,0,0,0
黑神话悟空全新演示哪个平台最好,0,0,0,0,0
黑神话悟空哪个上市公司占股最大,0,0,0,0,0
黑神话悟空是衔接了哪个世界观,0,0,0,0,0
黑神话悟空在哪个上面可以玩,0,0,0,0,0
黑神话悟空在哪个软件上下载好看点,0,0,0,0,0
黑神话悟空在哪个平台比较好,0,0,0,0,0
黑神话悟空运行在哪个平台下载的,0,0,0,0,0
黑神话悟空在哪个平台出售了,0,0,0,0,0
黑神话悟空买哪个平台好,0,0,0,0,0
黑神话悟空在哪个平台出售好,0,0,0,0,0
黑神话悟空哪个平台可以直播,0,0,0,0,0
黑神话悟空哪个平台玩好玩推荐,0,0,0,0,0
黑神话悟空在哪个平台购买比较好推荐,0,0,0,0,0
黑神话悟空是哪个软件公司的啊,0,0,0,0,0
黑神话悟空特效是哪个公司做的,0,0,0,0,0
黑神话悟空哪个平台游戏,0,0,0,0,0
黑神话悟空是哪个电影,0,0,0,0,0
黑神话悟空是哪个小说,0,0,0,0,0
黑神话悟空哪个平台玩的多一点,0,0,0,0,0
黑神话悟空用哪个平台玩好一点,0,0,0,0,0
黑神话悟空标准版和豪华版哪个好,0,0,0,0,0
王者荣耀和黑神话悟空哪个好,0,0,0,0,0
黑神话悟空蘑女在哪个地方,0,0,0,0,0
黑神话悟空黄风怪在哪个土地庙比较近,0,0,0,0,0
黑神话悟空眼看喜选哪个,0,0,0,0,0
黑神话悟空哪个平台上,0,0,0,0,0
黑神话悟空在哪个平台可以看,0,0,0,0,0
黑神话悟空在哪个平台看,0,0,0,0,0
黑神话悟空第三章老马在哪个地方,0,0,0,0,0
黑神话悟空第二章老马在哪个地方,0,0,0,0,0
黑神话悟空老人参在哪个地方,0,0,0,0,0
黑神话悟空牛在哪个地方,0,0,0,0,0
黑神话悟空二郎神在哪个地方出现,0,0,0,0,0
黑神话悟空天龙棍和混铁棍哪个好推荐,0,0,0,0,0
只狼和黑神话悟空哪个难,0,0,0,0,0
黑神话悟空和只狼哪个操作难度大,0,0,0,0,0
黑神话悟空和只狼哪个难度高,0,0,0,0,0
黑神话悟空和只狼哪个难打一些,0,0,0,0,0
黑神话悟空哪个流派强,0,0,0,0,0
黑神话悟空和只狼哪个先出来的比较好,0,0,0,0,0
黑神话悟空和只狼哪个难度大些呢,0,0,0,0,0
原神和黑神话悟空哪个更牛,0,0,0,0,0
黑神话悟空哪个公司,0,0,0,0,0
黑神话悟空在哪个平台购买,0,0,0,0,0
黑神话悟空是哪个平台的,0,0,0,0,0
黑神话: 悟空哪个工作室做的,0,0,0,0,0
黑神话悟空拜年视频是哪个场景,0,0,0,0,0
黑神话悟空是哪个制作团队,0,0,0,0,0
黑神话悟空开发到哪个场景了,0,0,0,0,0
悟空黑神话用哪个机器玩,0,0,0,0,0
黑神话悟空是哪个公司制作,0,0,0,0,0
黑神话悟空哪个国家,0,0,0,0,0
黑神话悟空是哪个版本的主题曲,0,0,0,0,0
黑神话悟空哪个平台玩,0,0,0,0,0
黑神话悟空在哪个软件上下载,0,0,0,0,0
黑神话悟空属于哪个公司,0,0,0,0,0
黑神话悟空在哪个平台上架的,0,0,0,0,0
黑神话悟空哪个平台玩的,0,0,0,0,0
哪个平台可以下载黑神话悟空传奇,0,0,0,0,0
黑神话悟空是哪个国家的动画片,0,0,0,0,0
黑神话悟空是哪个国家开发的,0,0,0,0,0
黑神话悟空是哪个上市公司出的,0,0,0,0,0
黑神话悟空和艾尔登法环哪个厉害一点,0,0,0,0,0
黑神话悟空哪个国家的游戏好玩,0,0,0,0,0
黑神话悟空哪个设计的,0,0,0,0,0
黑神话悟空和卧龙苍天陨落哪个好看,0,0,0,0,0
全民斗战神和黑神话悟空哪个厉害一点,0,0,0,0,0
黑神话悟空和卧龙苍天陨落哪个好看一点,0,0,0,0,0
黑神话悟空属于哪个公司的游戏,0,0,0,0,0
黑神话悟空与哪个游戏有关系,0,0,0,0,0
暗黑4和黑神话悟空哪个先出来,0,0,0,0,0
黑神话悟空是哪个版本的主题曲叫什么歌,0,0,0,0,0
赛博朋克2077和黑神话悟空哪个好用,0,0,0,0,0
黑神话悟空在哪个平台购买好用啊,0,0,0,0,0
黑神话悟空在哪个平台购买好一点啊,0,0,0,0,0
黑神话悟空前身是哪个游戏,0,0,0,0,0
黑神话悟空在哪个软件下载,0,0,0,0,0
黑神话悟空vs孙悟空哪个厉害,0,0,0,0,0
黑神话悟空vs孙悟空哪个厉害一点,0,0,0,0,0
黑神话悟空是哪个国家出的游戏,0,0,0,0,0
黑暗神话悟空是哪个国家的游戏,0,0,0,0,0
黑神话悟空是哪个国家出的动画片,0,0,0,0,0
黑神话悟空是哪个国家的动画片名字,0,0,0,0,0
黑神话悟空是哪个国家做的动画片,0,0,0,0,0
黑神话悟空抄袭哪个游戏了,0,0,0,0,0
黑神话悟空哪个平台可以看全集,0,0,0,0,0
燕云十六骑和黑神话悟空哪个好一点,0,0,0,0,0
黑神话悟空vs佛祖哪个厉害,0,0,0,0,0
燕云十六骑和黑神话悟空哪个厉害一点,0,0,0,0,0
原神与黑神话悟空画质哪个好,0,0,0,0,0
黑神话悟空和原神哪个,0,0,0,0,0
黑神话悟空哪个国家出的最早啊,0,0,0,0,0
黑神话之悟空哪个平台发售,0,0,0,0,0
黑神话悟空是哪个游戏上的,0,0,0,0,0
黑神话悟空是哪个公司制作的游戏软件啊,0,0,0,0,0
黑神话悟空哪个团队的,0,0,0,0,0
黑神话悟空是哪个厂家的游戏,0,0,0,0,0
黑神话悟空买哪个角色,0,0,0,0,0
黑神话悟空首发在哪个平台买的,0,0,0,0,0
全民斗战神和黑神话悟空哪个好玩吗,0,0,0,0,0
来自星尘和黑神话悟空哪个好玩,0,0,0,0,0
黑神话悟空哪个国家开发的啊,0,0,0,0,0
黑神话悟空是哪个游戏厂商,0,0,0,0,0
剑星和黑神话悟空哪个好玩,0,0,0,0,0
黑神话悟空哪个平台可以提前使用,0,0,0,0,0
悟空黑神话是哪个公司出品,0,0,0,0,0
黑神话悟空运行在哪个平台下载最好,0,0,0,0,0
黑神话悟空在哪个平台买便宜,0,0,0,0,0
黑神话悟空哪个公司投资,0,0,0,0,0
黑神话悟空剪辑音乐推荐哪个软件,0,0,0,0,0
黑神话悟空在哪个平台上玩好玩,0,0,0,0,0
黑神话悟空在哪个平台上玩好推荐,0,0,0,0,0
黑神话悟空在哪个平台上发售的,0,0,0,0,0
黑神话悟空ps版和pc版哪个好,0,0,0,0,0
黑神话悟空和黄金树之影哪个好,0,0,0,0,0
黑神话悟空是哪个品牌出的最好,0,0,0,0,0
黑神话悟空是哪个软件公司的简称,0,0,0,0,0
黑神话悟空制作团队在哪个省,0,0,0,0,0
黑神话悟空是哪个上市公司开发的,0,0,0,0,0
黑神话悟空是哪个上市公司制作,0,0,0,0,0
黑神话悟空哪个上市公司代理的,0,0,0,0,0
黑神话悟空和聊斋哪个好玩,0,0,0,0,0
黑神话悟空和古剑三哪个好玩,0,0,0,0,0
黑悟空神话游戏要安装在哪个地方,0,0,0,0,0
黑神话悟空属于哪个公司啊,0,0,0,0,0
黑神话悟空是哪个大神做的,0,0,0,0,0
黑神话悟空哪个角色声音好听,0,0,0,0,0
黑神话悟空在哪个平台可看,0,0,0,0,0
黑神话悟空和以前哪个游戏相似,0,0,0,0,0
黑神话悟空和哪个游戏一样,0,0,0,0,0
黑神话悟空兽棍和鳞棍哪个厉害,0,0,0,0,0
黑神话悟空的故事背景发生在哪个朝代,0,0,0,0,0
黑神话悟空和二郎神哪个厉害,0,0,0,0,0
黑神话悟空从哪个平台比较好,0,0,0,0,0
只狼和黑神话悟空哪个先出,0,0,0,0,0
黑神话悟空和只狼哪个厉害,0,0,0,0,0
黑神话悟空只狼哪个好玩,0,0,0,0,0
黑神话悟空和只狼哪个难打啊呢,0,0,0,0,0
黑神话悟空和只狼哪个难玩些,0,0,0,0,0
