"""黑神话悟空""+""最强""的长尾词",长尾词数,竞价词数,全网指数,PC日均流量,移动日均流量
国产最强游戏黑神话悟空是什么游戏,0,0,0,0,0
国产最强游戏黑神话悟空是谁配的,0,0,0,0,0
黑神话悟空最强形态排名,0,0,0,0,0
黑神话悟空最强绝招,0,0,0,0,0
黑神话悟空vs最强赛亚人,0,0,0,0,0
黑神话悟空最强攻击,0,0,0,0,0
黑神话悟空最强大兵器,0,0,0,0,0
黑神话悟空最强套装是什么,0,0,0,0,0
国产最强单机游戏黑神话悟空,0,0,0,0,0
黑神话悟空什么级别最强,0,0,0,0,0
国产最强游戏黑神话悟空是什么时候出的,0,0,0,0,0
黑神话悟空哪个boss最强,0,0,0,0,0
黑神话悟空是不是最强,0,0,0,0,0
黑神话悟空如意金箍棒是最强的吗,0,0,0,0,0
黑神话悟空最强兵器排行,0,0,0,0,0
黑神话悟空最强变身术,0,0,0,0,0
黑神话悟空国内最强主播,0,0,0,0,0
黑神话悟空最强技能是什么意思,0,0,0,0,0
悟空黑神话最强游戏细节硬核分析,0,0,0,0,0
黑神话悟空最强形态是什么,0,0,0,0,0
黑神话悟空最强形态是谁,0,0,0,0,0
黑神话悟空最强武器,0,0,0,0,0
黑神话悟空怎么加技能点战斗力最强最好,0,0,0,0,0
黑神话悟空最强boss,0,0,0,0,0
国产最强游戏黑神话悟空,0,0,0,0,0
国产最强游戏黑神话悟空是什么,0,0,0,0,0
国产最强游戏黑神话悟空是什么电影,0,0,0,0,0
黑神话最强黑悟空,0,0,0,0,0
黑神话悟空什么模式最强玩家比较好,0,0,0,0,0
黑神话悟空什么模式最强玩家,0,0,0,0,0
黑神话悟空最强文案,0,0,0,0,0
黑神话悟空什么模式最强玩家啊,0,0,0,0,0
黑神话悟空哪种变身最强,0,0,0,0,0
黑神话悟空最强装备,0,0,0,0,0
黑神话悟空变身哪个最强,0,0,0,0,0
黑神话悟空最强流派,0,0,0,0,0
黑神话悟空最强武器等级,0,0,0,0,0
黑神话悟空什么模式最强,0,0,0,0,0
国产最强游戏黑神话悟空是谁,0,0,0,0,0
黑神话悟空vs最强boss,0,0,0,0,0
黑神话悟空最强对手,0,0,0,0,0
黑神话悟空什么模式最强大比较好,0,0,0,0,0
黑神话悟空最强武器排名,0,0,0,0,0
黑神话悟空最强变身技能,0,0,0,0,0
国产最强游戏黑神话悟空是谁的,0,0,0,0,0
黑神话悟空什么模式最强玩家最好,0,0,0,0,0
黑神话悟空最强形态手游,0,0,0,0,0
黑神话悟空最强棍子,0,0,0,0,0
黑神话悟空什么难度最强,0,0,0,0,0
黑神话悟空什么级别最强比较好,0,0,0,0,0
黑神话悟空最强boos排名,0,0,0,0,0
黑神话悟空哪种棍法最强,0,0,0,0,0
黑神话悟空最强装备图片,0,0,0,0,0
黑神话悟空最强形态,0,0,0,0,0
国产最强游戏黑神话悟空是谁扮演的,0,0,0,0,0
艾尔登法环黑神话悟空谁最强,0,0,0,0,0
黑神话悟空什么级别最强最好,0,0,0,0,0
