"""黑神话悟空""+""价格""的长尾词",长尾词数,竞价词数,全网指数,PC日均流量,移动日均流量
黑神话之悟空价格,0,0,0,0,0
黑神话悟空1发售价格,0,0,0,0,0
黑神话悟空首发价格是多少钱,0,0,0,0,0
黑神话悟空的价格,0,0,0,0,0
悟空黑暗神话价格大全,0,0,0,0,0
黑神话悟空发售日期及价格表,0,0,0,0,0
黑神话之悟空 价格,0,0,0,0,0
黑神话悟空具体配置及价格,0,0,0,0,0
黑神话悟空明年发售价格,0,0,0,0,0
黑神话悟空328价格多了什么,0,0,0,0,0
黑神话悟空预购价格和购买价格,0,0,0,0,0
黑神话悟空豪华版发售价格,0,0,0,0,0
能玩黑神话悟空的电脑配置价格是多少,0,0,0,0,0
黑悟空神话官网价格,0,0,0,0,0
黑神话悟空标准版价格,0,0,0,0,0
黑神话悟空实体珍藏版价格,0,0,0,0,0
黑神话悟空正版手办价格,0,0,0,0,0
黑神话悟空游戏什么价格,0,0,0,0,0
黑神话悟空价格有哪几个,0,0,0,0,0
黑神话 悟空 价格,0,0,0,0,0
黑神话悟空价格多少,0,0,0,0,0
黑神话悟空试玩价格,0,0,0,0,0
黑神话悟空2024年发售价格,0,0,0,0,0
黑神话悟空发售日期及价格是多少,0,0,0,0,0
黑神话悟空发售日期价格,0,0,0,0,0
黑神话悟空发售预计价格介绍,0,0,0,0,0
黑神话悟空首发价格多少钱一个皮肤,0,0,0,0,0
黑神话悟空发售平台和价格,0,0,0,0,0
黑神话悟空的价格定多少可以接受,0,0,0,0,0
黑神话悟空正式发售价格会涨价吗,0,0,0,0,0
黑神话悟空2023发售价格及图片,0,0,0,0,0
黑神话悟空2023发售价格一览表,0,0,0,0,0
黑神话悟空2023发售价格多少,0,0,0,0,0
黑神话悟空价格wegame,0,0,0,0,0
黑神话悟空购买价格,0,0,0,0,0
黑神话悟空价格最贵的,0,0,0,0,0
黑神话悟空正版豪华版价格,0,0,0,0,0
黑神话悟空预售价格一览,0,0,0,0,0
黑神话悟空预售价格曝光,0,0,0,0,0
黑悟空神话价格,0,0,0,0,0
黑神话悟空预计价格,0,0,0,0,0
黑神话 悟空价格,0,0,0,0,0
黑神话悟空ps4价格,0,0,0,0,0
黑神话悟空豪华版价格,0,0,0,0,0
黑神话悟空ps5价格表,0,0,0,0,0
黑神话悟空什么价格可以玩,0,0,0,0,0
黑神话悟空价格发售,0,0,0,0,0
黑神话悟空皮肤价格表,0,0,0,0,0
黑神话悟空8月新实机价格,0,0,0,0,0
黑神话悟空配置价格,0,0,0,0,0
黑神话悟空首发价格是多少钱一张,0,0,0,0,0
黑神话悟空首发价格是多少元钱,0,0,0,0,0
黑神话悟空所有版本价格,0,0,0,0,0
黑神话悟空pc价格,0,0,0,0,0
黑神话悟空电脑配置价格,0,0,0,0,0
黑神话悟空价格走势,0,0,0,0,0
黑神话悟空国外价格,0,0,0,0,0
配一个玩黑神话悟空的电脑价格,0,0,0,0,0
黑神话悟空发售时间及价格介绍,0,0,0,0,0
黑神话悟空价格即将发布,0,0,0,0,0
黑神话悟空上线时间及价格详解,0,0,0,0,0
黑神话悟空上线时间及价格介绍,0,0,0,0,0
黑神话悟空发售价格,0,0,0,0,0
黑神话悟空大概什么价格,0,0,0,0,0
黑神话悟空首发价格是多少,0,0,0,0,0
黑神话悟空首发价格多少钱一个,0,0,0,0,0
黑神话悟空ps5价格多少,0,0,0,0,0
黑神话悟空价格爆料,0,0,0,0,0
黑神话悟空首发价格是多少元一个,0,0,0,0,0
黑神话悟空正式价格,0,0,0,0,0
黑神话悟空价格不一样,0,0,0,0,0
黑神话悟空 多少钱一包图片及价格,0,0,0,0,0
黑神话悟空价格怎么看,0,0,0,0,0
黑神话悟空国内价格,0,0,0,0,0
黑神话悟空价格怎么样,0,0,0,0,0
黑神话悟空价格图,0,0,0,0,0
黑神话悟空套装价格,0,0,0,0,0
ps5 黑神话悟空价格,0,0,0,0,0
黑神话悟空数字豪华版价格,0,0,0,0,0
黑神话悟空不同价格的区别在哪,0,0,0,0,0
黑神话悟空的价格大概会是多少,0,0,0,0,0
黑神话悟空价格投票,0,0,0,0,0
黑神话悟空首发价格多少钱,0,0,0,0,0
黑神话悟空什么价格能玩,0,0,0,0,0
黑神话悟空预测价格,0,0,0,0,0
黑神话悟空价格图片,0,0,0,0,0
黑神话悟空价格ps5,0,0,0,0,0
黑神话悟空wegame价格,0,0,0,0,0
黑神话悟空数字豪华版和普通版价格,0,0,0,0,0
黑神话悟空联名手柄首发价格,0,0,0,0,0
黑神话悟空电脑配置整套价格,0,0,0,0,0
黑神话悟空联名款咖啡价格,0,0,0,0,0
黑神话悟空悟空手办价格,0,0,0,0,0
黑神话悟空发售平台价格一览,0,0,0,0,0
黑神话悟空上市价格,0,0,0,0,0
黑神话悟空上市价格是多少,0,0,0,0,0
黑神话悟空价格多少一个,0,0,0,0,0
黑神话悟空价格和配置,0,0,0,0,0
英伟达黑神话悟空价格,0,0,0,0,0
黑神话悟空土耳其价格,0,0,0,0,0
黑神话悟空俄区价格,0,0,0,0,0
黑神话悟空首发价格多少钱一个元,0,0,0,0,0
黑神话悟空首发价格是多少元啊,0,0,0,0,0
黑神话悟空ps5光盘价格,0,0,0,0,0
黑神话悟空多少价格,0,0,0,0,0
黑神话悟空光盘价格,0,0,0,0,0
黑神话悟空价格公布,0,0,0,0,0
黑神话悟空最高配置电脑价格,0,0,0,0,0
黑神话悟空是什么时候公布价格的,0,0,0,0,0
黑神话悟空英魂之刃价格,0,0,0,0,0
黑神话悟空首发价格一览,0,0,0,0,0
黑神话悟空预估价格,0,0,0,0,0
黑神话悟空预售价格,0,0,0,0,0
黑神话: 悟空价格,0,0,0,0,0
能玩黑神话悟空的电脑配置价格,0,0,0,0,0
黑神话 悟空发售价格,0,0,0,0,0
黑神话悟空首发价格是多少钱啊,0,0,0,0,0
黑神话悟空 价格,0,0,0,0,0
黑神话悟空外网价格,0,0,0,0,0
黑神话悟空预售和发售价格一样吗,0,0,0,0,0
黑神话悟空发售时间价格,0,0,0,0,0
黑神话悟空价格贵吗,0,0,0,0,0
黑神话悟空两套价格相差啥,0,0,0,0,0
黑神话悟空价格区别,0,0,0,0,0
悟空黑神话steam价格,0,0,0,0,0
wegame黑神话悟空价格,0,0,0,0,0
黑神话悟空价格什么时候公布,0,0,0,0,0
黑神话悟空价格有什么不一样,0,0,0,0,0
黑神话悟空游戏发售价格,0,0,0,0,0
黑神话悟空预售价格预估,0,0,0,0,0
黑神话悟空价格表,0,0,0,0,0
黑神话悟空游戏价格,0,0,0,0,0
黑神话悟空发售日期及价格,0,0,0,0,0
黑神话悟空首发价格是多少元,0,0,0,0,0
黑神话悟空ps5价格,0,0,0,0,0
黑神话悟空皮肤价格,0,0,0,0,0
黑神话悟空价格在哪查,0,0,0,0,0
黑神话悟空定档价格,0,0,0,0,0
黑神话悟空上线steam价格,0,0,0,0,0
如何评价黑神话悟空的价格,0,0,0,0,0
黑神话悟空首发价格是多少钱一个,0,0,0,0,0
黑神话悟空首发价格多少钱一个g,0,0,0,0,0
黑神话悟空价格良心么,0,0,0,0,0
黑神话悟空正式发售价格,0,0,0,0,0
黑神话悟空版本价格有什么区别,0,0,0,0,0
epic黑神话悟空价格,0,0,0,0,0
黑神话悟空主机版价格,0,0,0,0,0
黑神话悟空价格是贵了还是便宜,0,0,0,0,0
黑神话悟空价格为何那么贵,0,0,0,0,0
黑神话悟空回收价格表,0,0,0,0,0
黑神话悟空实体典藏版价格,0,0,0,0,0
黑悟空神话steam价格,0,0,0,0,0
黑神话悟空购买价格介绍,0,0,0,0,0
黑神话悟空游戏价格介绍,0,0,0,0,0
黑神话悟空价格介绍,0,0,0,0,0
黑神话之悟空预售价格,0,0,0,0,0
黑神话:悟空价格,0,0,0,0,0
黑神话悟空首发价格,0,0,0,0,0
黑神话悟空什么价格,0,0,0,0,0
黑神话悟空2023发售价格,0,0,0,0,0
悟空黑暗神话价格,0,0,0,0,0
黑神话悟空预约价格,0,0,0,0,0
黑神话悟空价格贴吧,0,0,0,0,0
黑神话悟空发售时间以及价格介绍,0,0,0,0,0
黑神话悟空价格steam,0,0,0,0,0
黑神话悟空价格一览表,0,0,0,0,0
黑神话悟空游戏各区价格,0,0,0,0,0
黑神话悟空数字版价格,0,0,0,0,0
黑神话悟空价格反馈,0,0,0,0,0
黑神话悟空价格档次,0,0,0,0,0
黑神话悟空各种价格,0,0,0,0,0
黑神话悟空最佳体验配置价格,0,0,0,0,0
黑神话悟空2023发售价格表,0,0,0,0,0
黑神话悟空价格相差好多有啥区别,0,0,0,0,0
黑神话悟空后期价格,0,0,0,0,0
黑神话悟空价格预测,0,0,0,0,0
黑神话悟空价格揭晓,0,0,0,0,0
黑神话悟空标准版什么价格,0,0,0,0,0
黑神话悟空珍藏版价格,0,0,0,0,0
黑神话悟空几种价格,0,0,0,0,0
黑神话悟空全球发售价格一览表,0,0,0,0,0
黑神话悟空普通版价格,0,0,0,0,0
黑神话悟空典藏价格,0,0,0,0,0
黑神话悟空港区价格,0,0,0,0,0
目前黑神话悟空最低价格,0,0,0,0,0
黑神话悟空价格为什么不一样,0,0,0,0,0
黑神话悟空游戏的价格是多少,0,0,0,0,0
黑神话悟空价格,0,0,0,0,0
黑神话悟空steam价格,0,0,0,0,0
玩黑神话悟空需要什么配置 价格,0,0,0,0,0
黑神话悟空价格预估,0,0,0,0,0
黑神话悟空什么时候发售价格多少,0,0,0,0,0
黑神话: 悟空发售价格,0,0,0,0,0
黑神话悟空价格多少钱,0,0,0,0,0
黑神话悟空首发价格最新,0,0,0,0,0
黑神话悟空上线时间价格,0,0,0,0,0
黑神话悟空 发售价格,0,0,0,0,0
黑神话悟空上市价格是多少钱,0,0,0,0,0
黑神话悟空首发价格是多少元的,0,0,0,0,0
黑神话悟空终极版价格,0,0,0,0,0
黑神话悟空数字典藏版价格,0,0,0,0,0
黑神话 悟空 多少钱一包图片及价格,0,0,0,0,0
黑神话悟空啥价格,0,0,0,0,0
黑悟空神话价格有什么区别,0,0,0,0,0
ps5黑神话悟空价格,0,0,0,0,0
黑神话悟空预购和购买价格区别是什么,0,0,0,0,0
黑神话悟空价格268和328区别,0,0,0,0,0
黑神话悟空风灵月影价格,0,0,0,0,0
黑神话悟空最低配置电脑价格,0,0,0,0,0
