"""黑神话悟空""+""实机""的长尾词",长尾词数,竞价词数,全网指数,PC日均流量,移动日均流量
黑神话悟空第一次实机演示视频,0,0,0,0,0
黑神话悟空实机演示bgm,0,0,0,0,0
黑神话悟空海量实机截图,0,0,0,0,0
黑神话悟空实机演示合集视频,0,0,0,0,0
老外看黑悟空神话实机演示,0,0,0,0,0
老外看黑神话悟空虚幻5实机演示,0,0,0,0,0
黑神话:悟空发布牛年全新实机预告,0,0,0,0,0
黑神话悟空实机用的啥显卡,0,0,0,0,0
黑神话悟空第二段实机演示4k,0,0,0,0,0
老外看黑神话悟空实机演示视频,0,0,0,0,0
老外黑神话悟空最新实机演示,0,0,0,0,0
黑神话悟空实机演示2021,0,0,0,0,0
国外分析黑神话悟空实机演示,0,0,0,0,0
外国美女看黑神话悟空实机演示视频,0,0,0,0,0
外国人黑神话悟空最新实机演示,0,0,0,0,0
黑悟空神话实机演示什么配置,0,0,0,0,0
黑神话悟空新实机演示解析,0,0,0,0,0
黑神话悟空最新实机测试,0,0,0,0,0
黑神话悟空实机演示细节,0,0,0,0,0
黑神话悟空实机测试bgm,0,0,0,0,0
黑神话悟空实机测试在哪里看啊视频,0,0,0,0,0
黑神话悟空实机2019演示视频大全,0,0,0,0,0
黑神话悟空16分钟实机演示,0,0,0,0,0
黑神话悟空实机演示在哪玩,0,0,0,0,0
黑神话悟空实机全新演示版下载苹果,0,0,0,0,0
黑神话悟空完整版实机演示视频,0,0,0,0,0
黑神话悟空实机演示合集在线观看,0,0,0,0,0
黑神话悟空6分钟实机剧情片段,0,0,0,0,0
黑神话悟空新实机演示原片,0,0,0,0,0
黑神话悟空完整版实机演示下载安装,0,0,0,0,0
黑神话悟空新实机演示全集下载,0,0,0,0,0
黑神话悟空5分钟实机演示,0,0,0,0,0
老外看黑神话悟空第二次实机演示是哪一集,0,0,0,0,0
外国人看黑神话悟空2022实机演示,0,0,0,0,0
黑神话悟空的实机操作是什么游戏,0,0,0,0,0
黑神话悟空2022实机演示视频,0,0,0,0,0
2022 黑神话 悟空 8分钟实机,0,0,0,0,0
黑神话悟空2022年实机演示视频下载,0,0,0,0,0
黑神话悟空实机演示2060集在线观看,0,0,0,0,0
黑神话悟空第一个预告非实机演示是什么,0,0,0,0,0
黑神话悟空实机演示2017,0,0,0,0,0
黑神话悟空新实机演示四大天王是谁,0,0,0,0,0
黑神话悟空八分钟实机试玩,0,0,0,0,0
黑神话悟空新实机演示完整版,0,0,0,0,0
黑神话悟空实机剧情演示2022下载安装,0,0,0,0,0
黑神话悟空13分钟实机演示国外视频,0,0,0,0,0
黑神话悟空13分钟实机演示国外版视频,0,0,0,0,0
黑神话悟空新实机演示剧情,0,0,0,0,0
黑神话悟空13分钟实机演示国外视频下载,0,0,0,0,0
黑神话悟空新实机演示深度解析,0,0,0,0,0
黑神话悟空3分钟实机演示视频下载,0,0,0,0,0
黑神话悟空8月实机演示时间,0,0,0,0,0
黑神话悟空6分钟实机演示视频下载,0,0,0,0,0
黑神话悟空27分钟实机演示图,0,0,0,0,0
黑神话悟空全新实机剧情,0,0,0,0,0
黑神话悟空新实机演示在哪看,0,0,0,0,0
黑神话悟空实机演示在哪下载安装,0,0,0,0,0
黑神话悟空8.24实机演示视频下载安装,0,0,0,0,0
黑神话悟空实机剧情演示视频大全集下载观看,0,0,0,0,0
黑神话悟空实机演示片段视频大全,0,0,0,0,0
黑神话悟空实机演示完整版,0,0,0,0,0
黑神话悟空全新实机剧情介绍视频大全集下载,0,0,0,0,0
黑神话悟空实机剧情演示2022下载手机版,0,0,0,0,0
黑神话悟空实机剧情演示视频大全下载,0,0,0,0,0
黑神话悟空新实机演示高清图片大全下载,0,0,0,0,0
黑神话悟空所有实机宣传片,0,0,0,0,0
黑神话悟空实机演示显卡,0,0,0,0,0
大神看黑神话悟空最新实机演示,0,0,0,0,0
黑神话悟空实机演示国外,0,0,0,0,0
黑神话悟空线下实机配置,0,0,0,0,0
黑悟空神话实机演示直播,0,0,0,0,0
黑神话 悟空 实机演示,0,0,0,0,0
黑神话悟空官方实机操作,0,0,0,0,0
黑神话悟空实机全新演示视频下载观看,0,0,0,0,0
黑神话悟空4k实机演示,0,0,0,0,0
黑神话悟空19年实机演示,0,0,0,0,0
黑神话悟空实机什么时候出的啊,0,0,0,0,0
黑神话悟空实机2019演示视频大全集,0,0,0,0,0
黑神话悟空2021实机演示在线观看,0,0,0,0,0
黑神话悟空2022实机演示图片完整,0,0,0,0,0
外国人看黑神话悟空2022实机演示视频,0,0,0,0,0
黑神话悟空的实机操作是什么游戏啊,0,0,0,0,0
黑神话悟空第二期实机演示视频全部,0,0,0,0,0
如何评价黑神话悟空实机演示的视频呢,0,0,0,0,0
黑神话悟空第一条实机演示,0,0,0,0,0
黑悟空神话实机演示60分钟,0,0,0,0,0
黑神话悟空官方版实机演示视频在线观看,0,0,0,0,0
黑神话悟空中文实机演示,0,0,0,0,0
黑神话悟空官方版实机演示在哪了,0,0,0,0,0
黑神话悟空官方版实机演示视频下载,0,0,0,0,0
黑悟空神话首次实机演示,0,0,0,0,0
黑神话悟空实机演示在哪看啊,0,0,0,0,0
黑神话悟空实机演示曝光,0,0,0,0,0
黑神话悟空实机演示发布后,0,0,0,0,0
黑神话悟空公布实机视频,0,0,0,0,0
黑神话悟空最新实机,0,0,0,0,0
黑神话悟空新实机演示,0,0,0,0,0
黑神话悟空虚幻5实机演示,0,0,0,0,0
黑色神话悟空实机演示,0,0,0,0,0
手机版黑神话悟空实机演示,0,0,0,0,0
游戏黑神话悟空实机测试,0,0,0,0,0
超燃实机测试黑神话悟空,0,0,0,0,0
老外看黑神话悟空实机演示,0,0,0,0,0
楚河看黑神话悟空最新实机,0,0,0,0,0
黑神话悟空实机测试12分钟原视频,0,0,0,0,0
黑神话悟空13分钟实机演示打的是什么怪,0,0,0,0,0
黑神话悟空12分钟ue5实机测试集锦,0,0,0,0,0
黑神话悟空实机测试什么显卡,0,0,0,0,0
黑神话悟空ue5实机演示,0,0,0,0,0
黑神话悟空三分钟实机演示,0,0,0,0,0
黑神话悟空eu5实机演示集锦,0,0,0,0,0
黑神话悟空首次实机发布,0,0,0,0,0
外国人看黑神话悟空最新实机预告,0,0,0,0,0
黑神话悟空最新的实机演示,0,0,0,0,0
黑神话悟空2021实机,0,0,0,0,0
黑神话悟空实机演示视频片段,0,0,0,0,0
黑神话悟空实机测试在哪玩,0,0,0,0,0
外国人评价黑神话悟空实机演示,0,0,0,0,0
黑神话悟空2060实机测试,0,0,0,0,0
黑神话悟空2020实机演示,0,0,0,0,0
黑神话悟空第二次实机演示,0,0,0,0,0
黑神话悟空实机演示2060,0,0,0,0,0
黑神话悟空实机测试在哪玩游戏,0,0,0,0,0
黑神话悟空实机全新演示版下载,0,0,0,0,0
老外看黑神话悟空第二次实机演示,0,0,0,0,0
黑神话悟空新实机演示反应,0,0,0,0,0
黑神话悟空实机测试在哪里看啊,0,0,0,0,0
黑神话悟空官方版实机演示,0,0,0,0,0
黑神话悟空实机演示2,0,0,0,0,0
黑神话悟空新实机演示完整,0,0,0,0,0
黑神话悟空实机全新演示版下载安装,0,0,0,0,0
黑神话悟空820实机演示,0,0,0,0,0
黑神话悟空新实机演示解说文章,0,0,0,0,0
黑神话悟空新实机演示解说,0,0,0,0,0
黑神话悟空最新实机测试下载,0,0,0,0,0
黑神话悟空到底是不是实机画面的人,0,0,0,0,0
黑神话悟空新实机演示分析,0,0,0,0,0
黑神话悟空实机演示视频在哪看,0,0,0,0,0
黑神话悟空的实机操作是什么意思,0,0,0,0,0
黑神话悟空第二期实机演示视频,0,0,0,0,0
黑神话悟空实机演示上线下线,0,0,0,0,0
黑神话悟空是实机演示吗,0,0,0,0,0
英伟达黑神话悟空实机演示,0,0,0,0,0
黑神话 悟空所有实机演示,0,0,0,0,0
黑神话悟空 ue5 实机演示,0,0,0,0,0
黑神话悟空实机演示要求配置,0,0,0,0,0
黑神话悟空新实机演示配置,0,0,0,0,0
黑神话悟空实机演示片段在哪一集,0,0,0,0,0
黑神话悟空27分钟实机演示视频下载手机版,0,0,0,0,0
黑神话悟空第三段实机演示在哪看,0,0,0,0,0
黑神话悟空宣传实机演示视频,0,0,0,0,0
黑神话悟空实机配置怎么样啊,0,0,0,0,0
黑神话悟空全新实机剧情介绍视频大全下载,0,0,0,0,0
黑神话悟空6分钟实机剧情cv,0,0,0,0,0
黑神话悟空实机演示最新,0,0,0,0,0
黑神话悟空第一个预告非实机演示是哪一集,0,0,0,0,0
老外看黑神话悟空最新实机试玩,0,0,0,0,0
黑神话悟空新实机演示高清,0,0,0,0,0
黑神话悟空6分钟实机演示视频在线观看下载,0,0,0,0,0
黑神话悟空实机演示片段,0,0,0,0,0
黑神话悟空最新5分钟实机演示视频在线观看,0,0,0,0,0
黑神话悟空全新实机剧情介绍视频在线观看,0,0,0,0,0
黑神话悟空第一次实机演示时间,0,0,0,0,0
黑神话悟空实机剧情演示2022年,0,0,0,0,0
黑神话悟空最新5分钟实机演示,0,0,0,0,0
黑神话悟空五分钟实机演示,0,0,0,0,0
黑神话悟空全新实机剧情解析大全,0,0,0,0,0
黑神话悟空6分钟实机演示视频在线观看全集,0,0,0,0,0
黑神话悟空6分钟实机演示视频大全下载,0,0,0,0,0
黑神话悟空3分钟实机演示视频,0,0,0,0,0
黑神话悟空实机剧情演示2022,0,0,0,0,0
黑神话悟空8.24实机演示视频在线观看,0,0,0,0,0
黑神话悟空五分钟实机演示在线观看,0,0,0,0,0
黑神话悟空6分钟实机剧情bgm,0,0,0,0,0
如何评价黑神话悟空新实机,0,0,0,0,0
黑神话悟空首发实机演示多少人看的,0,0,0,0,0
黑神话悟空第四次实机演示视频在线观看,0,0,0,0,0
黑神话悟空线下实机演示在哪,0,0,0,0,0
黑神话悟空实机演示英伟达,0,0,0,0,0
黑神话悟空实机测试优化,0,0,0,0,0
黑悟空神话实机演示英伟达,0,0,0,0,0
英伟达黑神话悟空实机剧情,0,0,0,0,0
黑神话悟空第一个预告非实机演示是什么游戏,0,0,0,0,0
黑神话悟空全新虚幻5实机演示视频,0,0,0,0,0
老外看黑神话悟空实机,0,0,0,0,0
实机黑神话悟空国外评测,0,0,0,0,0
黑神话悟空的实机演示的人是谁,0,0,0,0,0
黑神话悟空实机演示解说,0,0,0,0,0
实机演示黑悟空神话,0,0,0,0,0
黑神话悟空的预告片还是实机演示,0,0,0,0,0
黑神话悟空实机2019演示视频下载安装,0,0,0,0,0
黑神话悟空全新实机演示解析视频大全,0,0,0,0,0
黑神话悟空实机演示多少人看过,0,0,0,0,0
黑神话悟空16分钟实机演示视频,0,0,0,0,0
黑神话悟空实机演示哪里能看到啊,0,0,0,0,0
黑神话悟空实机全新演示版下载安装手机,0,0,0,0,0
黑神话悟空实机演示公布,0,0,0,0,0
解析黑神话悟空的实机演示是什么,0,0,0,0,0
解析黑神话悟空的实机演示图片,0,0,0,0,0
解析黑神话悟空的实机演示视频,0,0,0,0,0
黑神话悟空2022实机演示视频下载,0,0,0,0,0
黑神话悟空2022实机演示图片高清,0,0,0,0,0
黑神话悟空新实机演示在哪里看到的,0,0,0,0,0
黑神话悟空第二期实机演示视频下载,0,0,0,0,0
黑神话悟空50分钟实机演示,0,0,0,0,0
黑神话悟空实机演示哪一年开始的,0,0,0,0,0
如何评价黑神话悟空13分钟实机演示视频,0,0,0,0,0
黑神话悟空20分钟实机演示,0,0,0,0,0
评价黑神话悟空新实机演示,0,0,0,0,0
黑悟空神话实机演示视频,0,0,0,0,0
黑神话悟空官方版实机演示在哪里,0,0,0,0,0
黑神话悟空13分钟实机演示观看,0,0,0,0,0
黑神话悟空13分钟实机演示视频,0,0,0,0,0
黑神话悟空实机演示效果,0,0,0,0,0
黑神话悟空今天放出实机演示了,0,0,0,0,0
国产单机游戏黑神话悟空实机演示,0,0,0,0,0
黑神话悟空实机演示电脑配置,0,0,0,0,0
黑神话悟空最新一期实机演示,0,0,0,0,0
黑神话悟空实机演示是谁在打,0,0,0,0,0
国内主播看黑神话悟空最新实机,0,0,0,0,0
黑神话悟空官方实机演示,0,0,0,0,0
黑神话悟空实机演示高清截图,0,0,0,0,0
黑神话悟空公布了13分钟实机演示,0,0,0,0,0
黑神话悟空第二个实机演示,0,0,0,0,0
黑神话悟空实机演示视频下载,0,0,0,0,0
黑神话悟空实机演示逐帧解读,0,0,0,0,0
黑神话悟空实机测试评价,0,0,0,0,0
黑神话悟空实机测试8分钟,0,0,0,0,0
黑神话悟空最早实机演示视频,0,0,0,0,0
黑神话悟空新实机演示什么时候发布,0,0,0,0,0
黑神话悟空的实机操作是什么,0,0,0,0,0
如何评价黑神话悟空实机演示,0,0,0,0,0
黑神话悟空实机演示时间,0,0,0,0,0
黑神话悟空实机全新演示视频大全,0,0,0,0,0
黑神话悟空全新实机演示解析视频,0,0,0,0,0
主播看黑神话悟空最新实机演示,0,0,0,0,0
黑神话悟空实机测试在哪里看啊知乎,0,0,0,0,0
黑神话悟空完整版实机演示,0,0,0,0,0
黑神话悟空实机演示上线了吗,0,0,0,0,0
黑神话悟空完整版实机演示视频下载,0,0,0,0,0
黑神话悟空实机演示六点钟,0,0,0,0,0
黑神话悟空8分钟实机,0,0,0,0,0
国外黑神话悟空新实机演示,0,0,0,0,0
黑神话悟空实机演示1080p下载,0,0,0,0,0
黑神话悟空实机演示直播,0,0,0,0,0
英伟达黑神话悟空实机剧情怎么看,0,0,0,0,0
黑神话 悟空 实机,0,0,0,0,0
黑神话 悟空实机,0,0,0,0,0
黑神话悟空实机演示片段在哪看,0,0,0,0,0
黑神话悟空全新实机剧情介绍视频大全集,0,0,0,0,0
黑神话悟空3分钟实机演示视频下载教程,0,0,0,0,0
黑神话悟空实机演示在哪下载的啊视频教程,0,0,0,0,0
黑神话悟空第三段实机演示在哪一集,0,0,0,0,0
黑神话悟空最新实机宣传图高清,0,0,0,0,0
黑神话悟空实机剧情演示2022年版下载,0,0,0,0,0
黑神话悟空实机剧情演示2022在线观看,0,0,0,0,0
黑神话悟空首发实机演示多少人看过,0,0,0,0,0
黑神话悟空实机剧情演示视频播放,0,0,0,0,0
黑神话悟空8.24实机演示,0,0,0,0,0
黑神话悟空13分钟实机演示解析图片,0,0,0,0,0
黑神话悟空最新5分钟实机演示视频,0,0,0,0,0
黑神话悟空3分钟实机演示视频大全,0,0,0,0,0
黑神话悟空实机剧情演示视频大全,0,0,0,0,0
黑神话悟空实机剧情演示视频,0,0,0,0,0
黑神话悟空剧情实机演示视频大全,0,0,0,0,0
黑神话悟空实机演示片段在哪,0,0,0,0,0
黑神话悟空实机剧情演示视频在线观看全集,0,0,0,0,0
黑神话悟空新实机演示高清图片下载安装,0,0,0,0,0
看黑神话悟空最新实机演示的反应,0,0,0,0,0
黑神话悟空第四次实机演示视频,0,0,0,0,0
黑神话悟空新实机演示四大天王,0,0,0,0,0
黑神话悟空第四次实机演示视频下载,0,0,0,0,0
黑神话悟空实机演示2020,0,0,0,0,0
黑神话悟空新实机演示去哪里看,0,0,0,0,0
黑神话悟空新实机演示解说全集,0,0,0,0,0
黑神话悟空实机演示第一波,0,0,0,0,0
黑神话悟空实机全新演示视频大全集,0,0,0,0,0
黑神话悟空实机演示规则,0,0,0,0,0
黑神话悟空实机演示回放,0,0,0,0,0
黑神话悟空新实机演示画质,0,0,0,0,0
黑神话悟空去年实机演示,0,0,0,0,0
黑神话悟空最新实机测试下载手机版,0,0,0,0,0
黑神话悟空8月新实机价格,0,0,0,0,0
黑神话悟空实机演示视频 4k迅雷下载资源,0,0,0,0,0
黑神话悟空新实机演示视频在线观看高清,0,0,0,0,0
黑神话悟空实机演示去哪看,0,0,0,0,0
黑神话悟空2022实机演示视频在线观看,0,0,0,0,0
老外看黑神话悟空第二次实机演示是哪一集了,0,0,0,0,0
黑神话悟空实机剧情片段解析详解,0,0,0,0,0
黑神话悟空第三次实机演示在哪,0,0,0,0,0
黑神话悟空实机演示上线了吗视频,0,0,0,0,0
黑神话悟空第二期实机演示视频在线观看,0,0,0,0,0
黑神话悟空的实机操作是什么游戏形式,0,0,0,0,0
黑神话悟空第一个实机演示是什么,0,0,0,0,0
黑神话悟空第二期实机演示下载安装,0,0,0,0,0
黑神话悟空第二次实机演示第几集出现的,0,0,0,0,0
黑神话悟空实机演示什么意思,0,0,0,0,0
黑神话悟空是实机演示吗为什么,0,0,0,0,0
如何评价黑神话悟空实机演示的好坏呢,0,0,0,0,0
黑神话悟空实机演示主题曲叫什么,0,0,0,0,0
黑神话悟空官方版实机演示在哪显示,0,0,0,0,0
黑神话悟空官方版实机演示在哪下载,0,0,0,0,0
国产游戏黑神话悟空实机演示,0,0,0,0,0
黑神话悟空最新版实机演示视频,0,0,0,0,0
黑神话悟空实机演示全面解析,0,0,0,0,0
黑神话悟空实机演示剧情是什么,0,0,0,0,0
黑神话:悟空实机演示视频,0,0,0,0,0
黑神话悟空第一次发布实机演示,0,0,0,0,0
老外看黑神话悟空最新实机,0,0,0,0,0
黑神话悟空实机测试哪里看,0,0,0,0,0
黑神话之悟空最新实机演示视频4k,0,0,0,0,0
黑神话悟空只做了实机演示,0,0,0,0,0
黑神话悟空实机演示第一版,0,0,0,0,0
黑神话:悟空新虚幻5实机演示,0,0,0,0,0
黑神话悟空 实机,0,0,0,0,0
黑神话悟空全新12分钟实机演示,0,0,0,0,0
黑神话悟空 实机演示,0,0,0,0,0
黑神话悟空实机演示超清,0,0,0,0,0
黑神话悟空视频是实机演示吗,0,0,0,0,0
黑神话悟空实机演示去哪里看,0,0,0,0,0
黑神话悟空实机演示视频传入日本,0,0,0,0,0
黑神话悟空牛年新实机预告,0,0,0,0,0
黑神话悟空是实机操作吗,0,0,0,0,0
黑神话悟空15分钟实机演示,0,0,0,0,0
黑神话悟空2020年第一次实机测试,0,0,0,0,0
黑神话悟空到底是不是实机画面的,0,0,0,0,0
黑神话悟空实机测试在哪玩的,0,0,0,0,0
黑神话悟空实机演示2022,0,0,0,0,0
黑神话悟空实机2019演示视频下载,0,0,0,0,0
黑神话悟空新实机演示视频在哪看,0,0,0,0,0
黑神话悟空8分钟实机演示,0,0,0,0,0
黑神话悟空新实机演示视频大全,0,0,0,0,0
黑神话悟空实机演示免费在线观看,0,0,0,0,0
黑神话悟空到底是不是实机画面的游戏,0,0,0,0,0
黑神话悟空新实机演示视频在线观看,0,0,0,0,0
黑神话悟空8分钟实机演示视频,0,0,0,0,0
黑神话悟空实机演示主题曲,0,0,0,0,0
黑神话悟空实机演示在哪看,0,0,0,0,0
黑神话悟空新实机演示评价,0,0,0,0,0
黑神话悟空实机演示2060集视频,0,0,0,0,0
黑神话悟空实机演示3d,0,0,0,0,0
黑神话悟空实机演示时间怎么调,0,0,0,0,0
黑神话悟空实机配置,0,0,0,0,0
黑神话悟空实机配置推荐图,0,0,0,0,0
黑神话悟空实机演示是什么显卡,0,0,0,0,0
黑神话悟空实机配置怎么样知乎,0,0,0,0,0
黑神话悟空实机剧情演示视频大全在线观看,0,0,0,0,0
黑神话悟空实机剧情演示视频播放全集下载,0,0,0,0,0
黑神话悟空线下实机演示视频,0,0,0,0,0
黑神话悟空英伟达实机演示在哪看,0,0,0,0,0
黑神话悟空实机演示ign,0,0,0,0,0
英伟达黑神话悟空新实机演示,0,0,0,0,0
黑神话悟空8.24实机演示视频下载手机版,0,0,0,0,0
黑神话悟空实机演示在哪下载的视频,0,0,0,0,0
黑神话悟空剧情实机演示在哪,0,0,0,0,0
黑神话悟空全新实机剧情介绍视频大全,0,0,0,0,0
黑神话悟空实机剧情演示,0,0,0,0,0
黑神话悟空8.24实机演示视频下载,0,0,0,0,0
黑神话悟空实机演示片段视频,0,0,0,0,0
黑神话悟空最新实机宣传图,0,0,0,0,0
黑神话悟空实机演示视频解析,0,0,0,0,0
黑神话悟空新实机演示在哪看啊视频下载,0,0,0,0,0
黑神话悟空8.24实机演示在哪看,0,0,0,0,0
黑神话悟空实机演示视频解析全集,0,0,0,0,0
黑神话悟空实机演示视频哪里下载,0,0,0,0,0
黑神话悟空6分钟实机演示视频大全集,0,0,0,0,0
黑神话悟空新实机演示pc,0,0,0,0,0
黑神话悟空实机演示解析,0,0,0,0,0
黑神话悟空13分钟实机演示国外,0,0,0,0,0
黑神话悟空2实机演示原版,0,0,0,0,0
黑神话悟空全新虚幻5实机演示在哪,0,0,0,0,0
黑神话悟空英伟达实机演示,0,0,0,0,0
黑神话悟空实机剧情解析,0,0,0,0,0
黑神话悟空最新实机演示深度解析,0,0,0,0,0
黑神话悟空最新实机测试答案大全,0,0,0,0,0
黑神话悟空全新实机图片,0,0,0,0,0
黑神话悟空实机体验,0,0,0,0,0
黑神话悟空实机演示视频20秒播放,0,0,0,0,0
黑神话悟空实机测试在哪玩的游戏啊,0,0,0,0,0
黑神话之悟空实机演示,0,0,0,0,0
黑神话悟空新实机在哪看啊,0,0,0,0,0
黑神话悟空实机演示哪里能看到视频,0,0,0,0,0
黑神话悟空实机全新演示视频下载安装,0,0,0,0,0
黑神话悟空2022实机演示视频全部,0,0,0,0,0
黑神话悟空21年实机演示,0,0,0,0,0
黑神话悟空是实机玩的吗,0,0,0,0,0
黑神话悟空实机演示上线下线在哪,0,0,0,0,0
黑神话悟空第二次实机演示第几集出现了吗,0,0,0,0,0
黑神话悟空新的实机演示,0,0,0,0,0
黑神话悟空新实机演示反应慢怎么办呀,0,0,0,0,0
英伟达发布黑神话悟空新实机视频,0,0,0,0,0
如何评价黑神话悟空13分钟实机演示的视频,0,0,0,0,0
如何评价黑神话悟空13分钟实机演示过程,0,0,0,0,0
实机演示黑神话悟空,0,0,0,0,0
黑神话悟空官方版实机演示视频全部,0,0,0,0,0
外国人看黑神话悟空cg实机演示,0,0,0,0,0
黑神话悟空实机演示视频一览,0,0,0,0,0
黑神话悟空最新实机演示视频流出,0,0,0,0,0
黑神话悟空eu5实机演示,0,0,0,0,0
悟空黑神话实机操作,0,0,0,0,0
黑神话悟空实机演示高清,0,0,0,0,0
黑神话悟空新虚幻5实机演示,0,0,0,0,0
黑神话悟空13分钟实机演示,0,0,0,0,0
黑神话悟空虚幻实机演示,0,0,0,0,0
老外看黑神话悟空最新实机演示,0,0,0,0,0
黑神话悟空实机测试帧数,0,0,0,0,0
黑神话悟空第一次实机演示,0,0,0,0,0
黑神话悟空最新的实机演示视频,0,0,0,0,0
黑神话之悟空13分钟实机演示,0,0,0,0,0
黑神话悟空13分钟实机演示bgm,0,0,0,0,0
黑神话悟空12分钟实机演示超清,0,0,0,0,0
黑神话悟空传实机演示,0,0,0,0,0
黑神话悟空第二段实机演示语言,0,0,0,0,0
黑神话悟空技能实机演示,0,0,0,0,0
黑神话悟空实机全新演示,0,0,0,0,0
黑神话悟空实机测试第一期,0,0,0,0,0
黑神话悟空到底是不是实机画面,0,0,0,0,0
黑神话悟空实机演示4k,0,0,0,0,0
黑神话悟空所有实机演示,0,0,0,0,0
黑神话悟空蜘蛛精新实机演示,0,0,0,0,0
黑神话悟空第二次实机演示是哪一集,0,0,0,0,0
黑神话悟空第二期实机演示,0,0,0,0,0
黑神话悟空全新虚幻5实机演示,0,0,0,0,0
黑神话悟空实机演示2060版,0,0,0,0,0
黑神话悟空新实机演示全集,0,0,0,0,0
黑神话悟空新实机在哪看,0,0,0,0,0
黑神话悟空英伟达实机,0,0,0,0,0
黑神话悟空第二期实机演示下载,0,0,0,0,0
黑神话悟空第二次实机演示第几集出现,0,0,0,0,0
黑神话悟空5分钟实机演示2022视频,0,0,0,0,0
黑神话悟空实机演示直播在哪看,0,0,0,0,0
黑神话悟空实机演示是什么配置,0,0,0,0,0
黑神话 悟空实机演示,0,0,0,0,0
黑神话悟空新实机演示全屏,0,0,0,0,0
黑神话悟空实机配置推荐视频,0,0,0,0,0
如何评价黑神话悟空新实机的视频,0,0,0,0,0
黑神话悟空实机剧情演示视频在线观看,0,0,0,0,0
黑神话悟空实机试玩,0,0,0,0,0
黑神话悟空新实机剧情,0,0,0,0,0
黑神话悟空3分钟实机演示视频在线观看,0,0,0,0,0
黑神话悟空实机演示解析图片,0,0,0,0,0
黑神话悟空全新实机剧情介绍大全集下载,0,0,0,0,0
黑神话悟空第三段实机演示在哪一章,0,0,0,0,0
黑神话悟空13分钟实机演示解析图片大全,0,0,0,0,0
黑神话悟空全新实机剧情解析视频大全,0,0,0,0,0
黑神话悟空13分钟实机演示国外版,0,0,0,0,0
黑神话悟空全新实机剧情介绍视频播放,0,0,0,0,0
黑神话悟空新实机演示高清图片大全,0,0,0,0,0
黑神话悟空全新实机剧情介绍大全,0,0,0,0,0
黑神话悟空第三段实机演示,0,0,0,0,0
黑神话悟空6分钟实机剧情,0,0,0,0,0
黑神话悟空剧情实机演示视频,0,0,0,0,0
黑神话悟空13分钟实机演示解析图片大全集,0,0,0,0,0
黑神话悟空27分钟实机演示,0,0,0,0,0
黑神话悟空实机演示视频首发,0,0,0,0,0
黑神话悟空最新5分钟实机演示下载,0,0,0,0,0
黑神话悟空全新实机剧情解析视频大全集,0,0,0,0,0
黑神话悟空3分钟实机演示视频大全集,0,0,0,0,0
黑神话悟空实机演示片段在哪看啊,0,0,0,0,0
黑神话悟空剧情实机演示视频下载观看,0,0,0,0,0
黑神话悟空线下实机演示,0,0,0,0,0
大神看黑神话悟空最新实机演示视频,0,0,0,0,0
黑神话悟空实机演示时间怎么看,0,0,0,0,0
黑神话悟空新实机演示全屏怎么设置,0,0,0,0,0
黑神话悟空剧情实机演示视频下载安装教程,0,0,0,0,0
黑神话悟空第四次实机演示视频大全,0,0,0,0,0
黑神话悟空2021年实机演示视频,0,0,0,0,0
黑神话悟空2023实机视频,0,0,0,0,0
黑神话悟空现场实机配置,0,0,0,0,0
黑神话悟空水体实机演示,0,0,0,0,0
黑神话悟空实机演示现场,0,0,0,0,0
黑神话悟空实机演示全程,0,0,0,0,0
黑神话悟空实机演示视频20秒下载,0,0,0,0,0
黑神话悟空实机演示视频 4k迅雷下载安装,0,0,0,0,0
黑神话悟空实机测试在哪里看啊知乎视频,0,0,0,0,0
黑神话悟空实机演示在哪玩的,0,0,0,0,0
黑神话悟空实机演示评测,0,0,0,0,0
黑神话悟空实机解读,0,0,0,0,0
黑神话悟空新实机演示视频大全集,0,0,0,0,0
黑神话悟空2022实机演示视频完整,0,0,0,0,0
黑神话悟空2022最新实机测试版下载,0,0,0,0,0
黑神话悟空实机演示上线了吗为什么,0,0,0,0,0
黑神话悟空的实机操作是什么游戏类型,0,0,0,0,0
黑神话悟空第二期实机演示视频播放,0,0,0,0,0
黑神话悟空第一部实机演示,0,0,0,0,0
黑神话悟空实机演示cg,0,0,0,0,0
黑神话悟空实机高燃剪辑,0,0,0,0,0
黑神话悟空首个实机演示,0,0,0,0,0
如何评价黑神话悟空实机演示的视频形式,0,0,0,0,0
如何评价黑神话悟空实机演示的人物是谁,0,0,0,0,0
黑神话悟空全新实机视频,0,0,0,0,0
黑神话悟空新实机演示在哪下载,0,0,0,0,0
黑神话悟空全新实机试玩演示,0,0,0,0,0
黑神话悟空实机视频演示,0,0,0,0,0
黑神话悟空实机演示,0,0,0,0,0
外国人看黑神话悟空最新实机演示,0,0,0,0,0
黑悟空神话实机是电脑吗,0,0,0,0,0
黑神话悟空最新实机演示公布,0,0,0,0,0
黑悟空神话实机演示老外,0,0,0,0,0
黑悟空神话新实机张大仙,0,0,0,0,0
实机测试黑神话悟空,0,0,0,0,0
黑神话悟空实机演示逐帧解析,0,0,0,0,0
周淑怡看黑神话悟空实机演示视频,0,0,0,0,0
黑神话悟空实机测试视频bgm,0,0,0,0,0
老外看黑神话悟空最新实机演示视频,0,0,0,0,0
超燃eu5实机测试集锦黑神话悟空,0,0,0,0,0
黑神话悟空实机视频只有三帧,0,0,0,0,0
黑神话悟空实机演示歌词,0,0,0,0,0
黑神话悟空演示视频是实机还是cg,0,0,0,0,0
黑悟空神话实机演示,0,0,0,0,0
黑神话悟空 实机 知乎,0,0,0,0,0
黑神话悟空实机哔哩哔哩,0,0,0,0,0
pdd观看黑神话悟空最新实机,0,0,0,0,0
黑神话悟空实机演示画面高清,0,0,0,0,0
黑神话悟空实机演示13分钟,0,0,0,0,0
黑神话悟空12分钟eu5实机测试,0,0,0,0,0
黑神话悟空实机2019演示视频,0,0,0,0,0
黑神话悟空新实机演示老外评价,0,0,0,0,0
黑神话悟空5分钟实机演示2022,0,0,0,0,0
黑神话悟空实机测试完整版免费下载,0,0,0,0,0
黑神话悟空完整版实机演示下载,0,0,0,0,0
黑神话悟空新实机演示文案,0,0,0,0,0
黑神话悟空实机演示视频20秒,0,0,0,0,0
黑神话悟空第二次实机,0,0,0,0,0
黑神话悟空2021实机演示,0,0,0,0,0
黑神话悟空2022实机演示图片,0,0,0,0,0
如何评价黑神话悟空13分钟实机演示,0,0,0,0,0
黑神话悟空实机演示完整,0,0,0,0,0
黑神话悟空实机演示2022最新版,0,0,0,0,0
悟空黑暗神话2020年实机演示,0,0,0,0,0
英伟达黑神话悟空实机试玩,0,0,0,0,0
黑神话悟空实机演示2023,0,0,0,0,0
2021年黑神话悟空新实机演示,0,0,0,0,0
2020黑神话悟空实机演示,0,0,0,0,0
黑神话悟空剧情实机演示视频在线观看,0,0,0,0,0
黑神话悟空3分钟实机演示视频在线观看下载,0,0,0,0,0
黑神话悟空剧情实机演示视频下载,0,0,0,0,0
黑神话悟空第三段实机演示视频下载,0,0,0,0,0
黑神话悟空27分钟实机演示视频大全下载,0,0,0,0,0
黑神话悟空实机演示显卡怎么设置,0,0,0,0,0
黑神话悟空实机演示什么时候出,0,0,0,0,0
黑神话悟空最新5分钟实机演示下载破解版,0,0,0,0,0
黑神话悟空新实机演示8分钟,0,0,0,0,0
黑神话悟空新实机演示在哪看啊,0,0,0,0,0
黑神话悟空剧情实机演示,0,0,0,0,0
黑神话悟空8.24实机演示在哪,0,0,0,0,0
黑神话悟空全新实机剧情解析,0,0,0,0,0
黑神话悟空剧情实机演示视频下载安装,0,0,0,0,0
黑神话悟空最新5分钟实机演示下载手机版,0,0,0,0,0
黑神话悟空第三次实机演示视频下载,0,0,0,0,0
黑神话悟空8.24实机演示在哪下载,0,0,0,0,0
黑神话悟空全新实机剧情解析视频在线观看,0,0,0,0,0
黑神话悟空实机演示发布时间,0,0,0,0,0
黑神话悟空新实机演示超高清,0,0,0,0,0
黑神话悟空首次实机演示,0,0,0,0,0
黑神话悟空实机展示rtx,0,0,0,0,0
黑神话悟空第一个预告不是真实实机,0,0,0,0,0
黑神话悟空实机测试完整版免费下载中文,0,0,0,0,0
黑神话悟空实机剧情60帧,0,0,0,0,0
黑神话悟空实机演示对比,0,0,0,0,0
黑神话悟空新实机演示什么时候发布的游戏,0,0,0,0,0
如何评价黑神话悟空实机,0,0,0,0,0
黑神话悟空新实机演示视频大全下载,0,0,0,0,0
黑神话悟空最新实机测试答案是什么,0,0,0,0,0
黑神话悟空实机2019演示视频大全下载,0,0,0,0,0
黑神话悟空实机全新演示视频大全在线观看,0,0,0,0,0
黑神话悟空新实机试玩,0,0,0,0,0
黑神话悟空实机全新演示视频大全下载,0,0,0,0,0
黑神话悟空2022实机演示图片大全,0,0,0,0,0
黑神话悟空第一个实机演示是哪一集,0,0,0,0,0
黑神话悟空第一个实机演示观音禅院boss,0,0,0,0,0
黑神话悟空实机介绍,0,0,0,0,0
黑神话悟空第二次实机怎么打,0,0,0,0,0
黑神话悟空的实机操作是什么意思啊,0,0,0,0,0
黑神话悟空新实机演示一共几分钟,0,0,0,0,0
黑神话悟空新实机演示反应慢怎么办啊,0,0,0,0,0
黑神话悟空实机演示图片高清,0,0,0,0,0
如何评价黑神话悟空实机演示的视频有哪些,0,0,0,0,0
黑神话悟空是实机演示吗是真的吗,0,0,0,0,0
黑神话悟空实机演示优缺点,0,0,0,0,0
实机演示黑神话悟空四大天王,0,0,0,0,0
黑神话悟空英伟达8分钟实机演示,0,0,0,0,0
黑神话悟空ps5实机演示,0,0,0,0,0
黑神话悟空官方版实机演示视频大全,0,0,0,0,0
黑神话悟空官方实机视频,0,0,0,0,0
黑神话悟空实机演示从哪下载,0,0,0,0,0
黑神话悟空又爆实机演示片,0,0,0,0,0
黑神话悟空实机演示如何公开,0,0,0,0,0
黑神话悟空今年的实机出了吗,0,0,0,0,0
黑神话悟空又出实机演示了,0,0,0,0,0
黑神话悟空12分钟实机测试,0,0,0,0,0
黑神话悟空游戏实机演示,0,0,0,0,0
黑神话悟空实机展示2,0,0,0,0,0
黑神话悟空实机演示一小时,0,0,0,0,0
外国人看黑神话悟空实机展示含字幕,0,0,0,0,0
黑神话悟空实机展示,0,0,0,0,0
黑神话悟空实机测试第一版,0,0,0,0,0
黑悟空神话用的什么实机,0,0,0,0,0
黑悟空神话实机演示高清,0,0,0,0,0
黑神话悟空实机测评,0,0,0,0,0
游民星空黑神话悟空实机演示,0,0,0,0,0
黑神话悟空到底是不是实机,0,0,0,0,0
黑神话悟空全部实机演示,0,0,0,0,0
2021黑神话悟空实机测试,0,0,0,0,0
黑神话悟空2022年实机演示,0,0,0,0,0
黑神话悟空第二次实机演示第几集,0,0,0,0,0
黑神话悟空的实机操作怎么样,0,0,0,0,0
黑神话悟空全新实机演示解析,0,0,0,0,0
黑神话悟空实机演示3,0,0,0,0,0
黑神话悟空2022年实机演示视频,0,0,0,0,0
黑神话悟空实机演示2060集,0,0,0,0,0
黑神话悟空实机演示多少人看,0,0,0,0,0
黑神话悟空完整版实机演示视频大全,0,0,0,0,0
黑神话悟空新实机演示全集免费观看,0,0,0,0,0
黑神话悟空8月份实机演示,0,0,0,0,0
黑神话悟空新实机演示反应慢怎么办,0,0,0,0,0
黑神话悟空实机剧情高清下载,0,0,0,0,0
黑神话悟空 实机剧情,0,0,0,0,0
黑神话悟空实机演示2022下载,0,0,0,0,0
黑神话悟空实机演示1080p下载安装,0,0,0,0,0
黑神话悟空8分钟剧情实机演示,0,0,0,0,0
黑神话悟空实机演示视频官方,0,0,0,0,0
黑神话悟空第三次实机演示视频下载观看,0,0,0,0,0
黑神话悟空实机演示在哪下载的,0,0,0,0,0
黑神话悟空全新实机剧情介绍,0,0,0,0,0
黑神话悟空全新实机剧情介绍大全下载,0,0,0,0,0
黑神话悟空新实机演示高清图片下载,0,0,0,0,0
黑神话悟空13分钟实机演示解析图片视频,0,0,0,0,0
黑神话悟空实机演示在哪下载的视频啊,0,0,0,0,0
黑神话悟空实机演示片段视频下载,0,0,0,0,0
黑神话悟空五分钟实机演示在线观看中文,0,0,0,0,0
看黑神话悟空最新实机演示的反应怎么样,0,0,0,0,0
黑神话悟空6分钟实机剧情分析,0,0,0,0,0
黑神话悟空实机剧情演示视频播放全集,0,0,0,0,0
黑神话悟空27分钟实机演示视频下载,0,0,0,0,0
黑神话悟空第三段实机演示在哪,0,0,0,0,0
黑神话悟空五分钟实机演示在线观看视频,0,0,0,0,0
黑神话悟空最早实机演示是哪一集,0,0,0,0,0
黑神话悟空2021年实机演示图片,0,0,0,0,0
黑神话悟空13分钟实机演示解析视频,0,0,0,0,0
黑神话悟空新实机演示在哪看啊视频全集免费,0,0,0,0,0
黑神话悟空新实机演示在哪看啊视频,0,0,0,0,0
黑神话悟空实机演示30秒,0,0,0,0,0
黑神话悟空的预告是实机演示吗,0,0,0,0,0
黑神话悟空实机剧情分析,0,0,0,0,0
黑神话悟空实机演示什么时候发布的游戏,0,0,0,0,0
黑神话悟空实机演示测评,0,0,0,0,0
黑悟空神话最新实机演示,0,0,0,0,0
黑神话悟空最新实机测试下载安装,0,0,0,0,0
黑神话悟空再次发布全新实机演示,0,0,0,0,0
黑神话悟空到底是不是实机画面的人物,0,0,0,0,0
黑神话悟空实机演示汇总,0,0,0,0,0
黑神话悟空实机演示上线了吗是真的吗,0,0,0,0,0
黑神话悟空第二期实机演示下载中文版,0,0,0,0,0
黑神话悟空发布实机片段,0,0,0,0,0
黑神话悟空实机试玩超清视频,0,0,0,0,0
如何评价黑神话悟空实机演示的人物特点,0,0,0,0,0
黑神话悟空是实机演示吗视频,0,0,0,0,0
黑神话悟空实机试玩超清,0,0,0,0,0
黑神话悟空官方版实机演示在哪看,0,0,0,0,0
黑神话悟空实机和正式版,0,0,0,0,0
计算机黑神话悟空实机演示,0,0,0,0,0
黑神话悟空实机演示放出,0,0,0,0,0
黑神话悟空实机测试,0,0,0,0,0
黑神话悟空最新实机演示,0,0,0,0,0
黑神话悟空12分钟实机演示公布,0,0,0,0,0
寅子看黑神话悟空最新实机演示,0,0,0,0,0
黑神话悟空初版实机演示,0,0,0,0,0
黑神话悟空实机演示有可能**吗,0,0,0,0,0
黑神话·悟空实机演示,0,0,0,0,0
黑神话悟空eu5 实机演示,0,0,0,0,0
黑神话悟空实机测试的显卡,0,0,0,0,0
黑神话悟空首次实机发布时间,0,0,0,0,0
黑神话悟空第二部实机演示,0,0,0,0,0
黑神话悟空实机演示用的什么显卡,0,0,0,0,0
pdd看黑神话悟空最新实机演示,0,0,0,0,0
老外看黑神话悟空实机演示合集,0,0,0,0,0
黑神话悟空实机演示bilibili,0,0,0,0,0
黑神话悟空的新实机,0,0,0,0,0
黑神话悟空8.20实机演示视频,0,0,0,0,0
黑神话悟空实机演示预告完整版,0,0,0,0,0
黑神话悟空12分钟eu5实机测试集锦,0,0,0,0,0
黑神话悟空新实机演示视频,0,0,0,0,0
黑神话悟空实机演示上线,0,0,0,0,0
黑神话悟空新实机演示4k,0,0,0,0,0
黑神话悟空实机剧情,0,0,0,0,0
国外网友黑神话悟空新实机演示,0,0,0,0,0
黑神话悟空实机演示合集,0,0,0,0,0
黑神话悟空实机测试在哪玩的游戏,0,0,0,0,0
如何评价黑神话悟空实机演示的人物,0,0,0,0,0
黑神话悟空官方版实机演示在哪,0,0,0,0,0
黑神话悟空5分钟实机演示2022版,0,0,0,0,0
黑神话悟空实机演示用什么显卡,0,0,0,0,0
黑神话悟空实机演示直播在线观看,0,0,0,0,0
黑神话悟空实机配置怎么样,0,0,0,0,0
黑神话悟空8分钟实机试玩,0,0,0,0,0
黑神话悟空新实机演示可以玩吗,0,0,0,0,0
黑神话悟空全新实机剧情介绍视频,0,0,0,0,0
黑神话悟空全新实机剧情介绍大全集,0,0,0,0,0
黑神话悟空实机演示怎么弄,0,0,0,0,0
黑神话悟空新实机演示在哪看啊视频全集下载,0,0,0,0,0
黑神话悟空新实机演示高清图片,0,0,0,0,0
黑神话悟空新实机演示时间,0,0,0,0,0
黑神话悟空实机演示在哪下载,0,0,0,0,0
黑神话悟空6分钟实机演示视频在线观看,0,0,0,0,0
黑神话悟空实机剧情演示视频大全集下载,0,0,0,0,0
黑神话悟空27分钟实机演示视频大全集,0,0,0,0,0
黑神话悟空第三段实机演示视频在线观看,0,0,0,0,0
黑神话悟空第三段实机演示视频播放,0,0,0,0,0
黑神话悟空新实机演示四大天王是哪一集,0,0,0,0,0
黑神话悟空新实机演示在哪看啊视频全集,0,0,0,0,0
黑神话悟空27分钟实机演示视频,0,0,0,0,0
黑神话悟空30分钟实机演示,0,0,0,0,0
黑神话悟空最新5分钟实机演示视频下载,0,0,0,0,0
黑神话悟空3分钟实机演示视频大全下载,0,0,0,0,0
黑神话悟空3分钟实机演示视频在线观看全集,0,0,0,0,0
黑神话悟空实机剧情演示2022年版,0,0,0,0,0
黑神话悟空最早实机演示,0,0,0,0,0
黑神话悟空实机演示在哪下载的啊视频,0,0,0,0,0
黑神话悟空新实机演示什么配置,0,0,0,0,0
黑神话悟空第一个预告非实机演示,0,0,0,0,0
ign黑神话悟空实机演示视频,0,0,0,0,0
黑神话悟空实机剧情介绍,0,0,0,0,0
黑神话悟空实机演示什么时候出的,0,0,0,0,0
黑神话悟空实机2019演示视频下载观看,0,0,0,0,0
黑神神话悟空实机演示,0,0,0,0,0
黑神话悟空实机演示官方,0,0,0,0,0
黑神话悟空实机演示是谁玩的,0,0,0,0,0
黑神话悟空最新实机测试视频,0,0,0,0,0
黑神话悟空实机全新演示版下载安装教程,0,0,0,0,0
黑神话悟空实机测试在哪里看啊视频教程,0,0,0,0,0
黑神话悟空2022最新实机测试版,0,0,0,0,0
黑神话悟空实机超燃剪辑,0,0,0,0,0
黑神话悟空第二期实机演示下载免费版,0,0,0,0,0
黑神话悟空第二期实机演示下载手机版,0,0,0,0,0
黑神话悟空实机剧情片段解析解析,0,0,0,0,0
如何评价黑神话悟空实机演示的好坏视频,0,0,0,0,0
黑神话悟空实机演示最高难度,0,0,0,0,0
黑神话悟空实机演示公,0,0,0,0,0
黑神话悟空实机在哪玩,0,0,0,0,0
黑神话悟空内容实机演示,0,0,0,0,0
悟空黑神话发布实机破事氵,0,0,0,0,0
黑神话悟空的实机已经出了,0,0,0,0,0
黑神话悟空实机演示有哪些亮点,0,0,0,0,0
外国人看黑神话悟空实机演示,0,0,0,0,0
黑神话悟空第二次实机演示流出,0,0,0,0,0
黑神话悟空实机演示配置,0,0,0,0,0
黑神话悟空实机视频,0,0,0,0,0
黑神话悟空游戏实体机演示,0,0,0,0,0
黑神话悟空游戏新实机演示,0,0,0,0,0
黑神话:悟空实机演示公布,0,0,0,0,0
战神之父评黑神话悟空新实机演示,0,0,0,0,0
黑神话悟空最新12分钟实机演示,0,0,0,0,0
黑神话悟空13分钟实机演示下载,0,0,0,0,0
黑神话悟空实机演示下载,0,0,0,0,0
黑神话悟空实机视频藏了多少彩蛋,0,0,0,0,0
老外看黑神话悟空13分钟实机演示,0,0,0,0,0
黑神话悟空实机演示哔哩哔哩,0,0,0,0,0
外国人看黑神话悟空实机演示视频,0,0,0,0,0
黑神话悟空ue5实机测试集锦,0,0,0,0,0
如何评价黑神话悟空的实机演示,0,0,0,0,0
黑神话悟空真的是实机演示吗,0,0,0,0,0
黑神话之悟空最新实机演示视频,0,0,0,0,0
黑神话悟空12分钟实机演示,0,0,0,0,0
黑神话: 悟空实机演示,0,0,0,0,0
黑神话悟空实机测试完整,0,0,0,0,0
黑神话悟空第一段实机演示,0,0,0,0,0
黑神话悟空第二段实机演示文本,0,0,0,0,0
黑神话悟空2021实机背景音乐,0,0,0,0,0
老外看最新黑神话悟空实机演示,0,0,0,0,0
黑神话悟空的实机操作,0,0,0,0,0
黑神话悟空新实机,0,0,0,0,0
黑神话悟空什么时候实机,0,0,0,0,0
黑神话悟空新实机演示在哪里看,0,0,0,0,0
黑神话悟空实机演示解读,0,0,0,0,0
黑神话悟空实机演示什么时候发布的,0,0,0,0,0
黑神话悟空新实机演示什么时候发布的,0,0,0,0,0
黑神话悟空最新实机测试答案,0,0,0,0,0
黑神话悟空实机演示哪里能看到,0,0,0,0,0
黑神话悟空二次实机演示,0,0,0,0,0
黑神话悟空2022最新实机测试,0,0,0,0,0
黑神话悟空六分钟实机演示解析,0,0,0,0,0
黑神话悟空8分钟实机演示在线观看,0,0,0,0,0
黑神话悟空第三次实机演示,0,0,0,0,0
如何评价黑神话悟空实机演示的视频,0,0,0,0,0
黑神话悟空2022年实机演示视频播放,0,0,0,0,0
黑神话悟空实机演示2022视频,0,0,0,0,0
黑神话悟空实机演示2060版视频,0,0,0,0,0
黑神话悟空2022年实机演示视频大全,0,0,0,0,0
黑神话悟空实机显卡,0,0,0,0,0
黑神话悟空新实机演示四大天王是哪四个,0,0,0,0,0
黑神话悟空英伟达实机演示高清,0,0,0,0,0
黑神话悟空8.24实机演示视频,0,0,0,0,0
黑神话悟空实机剧情演示视频大全集在线观看,0,0,0,0,0
黑神话悟空13分钟实机演示国外版视频下载,0,0,0,0,0
黑神话悟空实机剧情演示2022年版视频,0,0,0,0,0
黑神话悟空6分钟实机演示视频,0,0,0,0,0
黑神话悟空首发实机演示多少人看,0,0,0,0,0
黑神话悟空实机剧情演示在哪,0,0,0,0,0
黑神话悟空全新实机剧情解析视频,0,0,0,0,0
黑神话悟空13分钟实机演示解析,0,0,0,0,0
黑神话悟空6分钟实机演示视频大全,0,0,0,0,0
黑神话悟空新实机演示解读,0,0,0,0,0
黑神话悟空第三次实机演示视频,0,0,0,0,0
黑神话悟空实机剧情演示视频大全集,0,0,0,0,0
黑神话悟空剧情实机演示视频下载安装手机版,0,0,0,0,0
黑神话悟空2021年实机演示,0,0,0,0,0
游戏黑神话悟空实机演示,0,0,0,0,0
英伟达黑神话悟空8分钟实机演示,0,0,0,0,0
黑神话悟空实机配置推荐,0,0,0,0,0
黑神话悟空实机演示是什么配置的,0,0,0,0,0
黑神话悟空实机测试完整版免费下载安装,0,0,0,0,0
黑神话悟空实机剧情怎么样,0,0,0,0,0
主播看黑神话悟空最新实机演示是真的吗,0,0,0,0,0
黑神话悟空2023实机演示,0,0,0,0,0
黑神话悟空新实机演示讲解,0,0,0,0,0
黑神话悟空实机演示画面,0,0,0,0,0
黑神话悟空新实机演示完整版下载,0,0,0,0,0
黑神话悟空实机演示是真的吗,0,0,0,0,0
黑神话悟空新实机演示视频在线观看全集,0,0,0,0,0
黑神话悟空线下实机体验国外反应,0,0,0,0,0
黑神话悟空第二次实机是第几集,0,0,0,0,0
黑神话悟空2022实机演示图片最新,0,0,0,0,0
黑神话悟空第一个实机演示是谁,0,0,0,0,0
如何评价黑神话悟空实机演示的人物形象,0,0,0,0,0
如何评价黑神话悟空实机演示的人物呢,0,0,0,0,0
黑神话悟空实机演示主题曲是什么,0,0,0,0,0
黑神话悟空是实机演示吗知乎,0,0,0,0,0
黑神话悟空黑熊精boss实机公开,0,0,0,0,0
黑神话悟空第二段实机演示,0,0,0,0,0
黑神话悟空实机演示视频,0,0,0,0,0
黑神话悟空公开了实机演示,0,0,0,0,0
国产游戏黑神话悟空实机演示视频,0,0,0,0,0
黑神话悟空实机演示内容一览,0,0,0,0,0
黑神话悟空的实机演示里,0,0,0,0,0
去b站看黑神话悟空的实机演示吧,0,0,0,0,0
黑神话悟空实机,0,0,0,0,0
黑神话:悟空实机演示,0,0,0,0,0
黑神话悟空游戏实机,0,0,0,0,0
黑神话悟空实机演示首发,0,0,0,0,0
黑神话悟空游戏实机演示画面一览,0,0,0,0,0
黑神话悟空的实机演示,0,0,0,0,0
黑神话悟空12分钟实机演示台词,0,0,0,0,0
如何看待黑神话悟空实机演示,0,0,0,0,0
黑神话悟空实机演示知乎,0,0,0,0,0
黑神话 悟空首次实机发布,0,0,0,0,0
黑神话悟空12分钟实机演示画外音,0,0,0,0,0
黑神话悟空实机演示旁白,0,0,0,0,0
黑神话悟空全新实机演示发布,0,0,0,0,0
黑神话悟空实机演示台词,0,0,0,0,0
黑神话悟空最新实机演示视频,0,0,0,0,0
黑神话悟空 实机测试,0,0,0,0,0
黑神话悟空最新实机演示壁纸,0,0,0,0,0
黑神话悟空的新实机演示,0,0,0,0,0
黑神话悟空实机测试被骂,0,0,0,0,0
黑神话悟空实机测试在哪里看,0,0,0,0,0
黑神话悟空实机视频2021,0,0,0,0,0
黑神话悟空实机全新演示视频,0,0,0,0,0
黑神话悟空实机测试完整版,0,0,0,0,0
黑神话悟空2022实机演示,0,0,0,0,0
黑神话悟空实机演示1,0,0,0,0,0
黑神话悟空实机2019演示视频在线观看,0,0,0,0,0
黑神话悟空实机全新演示视频下载,0,0,0,0,0
黑神话悟空全新实机,0,0,0,0,0
黑神话悟空实机什么时候出的,0,0,0,0,0
解析黑神话悟空的实机演示,0,0,0,0,0
黑神话悟空实机演示视频 4k迅雷下载,0,0,0,0,0
黑神话悟空第一个实机演示,0,0,0,0,0
黑神话悟空实机剧情片段解析,0,0,0,0,0
黑神话悟空实机演示中配乐,0,0,0,0,0
黑神话悟空新实机演示在哪里看到,0,0,0,0,0
油管黑神话悟空新实机演示,0,0,0,0,0
如何评价黑神话悟空实机演示的好坏,0,0,0,0,0
黑神话悟空官方版实机演示视频,0,0,0,0,0
黑神话悟空实机演示2060版下载,0,0,0,0,0
黑神话悟空实机演示虚幻5,0,0,0,0,0
黑神话悟空实机评价,0,0,0,0,0
黑神话悟空实机剧情片段,0,0,0,0,0
黑神话悟空实机演示视频解析大全,0,0,0,0,0
黑神话悟空 空全新实机,0,0,0,0,0
黑神话悟空3分钟实机演示,0,0,0,0,0
黑神话悟空最新实机宣传,0,0,0,0,0
黑神话悟空27分钟实机演示视频在线观看,0,0,0,0,0
黑神话悟空全新实机剧情介绍大全集免费观看,0,0,0,0,0
黑神话悟空第二波实机演示,0,0,0,0,0
黑神话悟空27分钟实机演示视频大全,0,0,0,0,0
黑神话悟空实机剧情演示视频播放下载,0,0,0,0,0
黑神话悟空超长实机演示,0,0,0,0,0
黑神话悟空新实机演示时间怎么看,0,0,0,0,0
黑神话悟空实机演示在哪下载的啊,0,0,0,0,0
黑神话悟空第三次实机演示视频在线观看,0,0,0,0,0
黑神话悟空新战斗实机演示,0,0,0,0,0
黑神话悟空6分钟实机演示视频大全集下载,0,0,0,0,0
黑神话悟空实机剧情演示2022下载,0,0,0,0,0
黑神话悟空实机演示视频解析大全集,0,0,0,0,0
黑神话悟空实机剧情演示视频大全集免费观看,0,0,0,0,0
黑神话悟空实机演示片段视频在线观看,0,0,0,0,0
黑神话悟空第三段实机演示视频,0,0,0,0,0
黑神话悟空第一个预告非实机演示是第几集,0,0,0,0,0
黑神话悟空第一个预告非实机演示是什么意思,0,0,0,0,0
黑神话:悟空boss战实机演示,0,0,0,0,0
黑神话悟空实机剧情详解,0,0,0,0,0
黑神话悟空实机演示公开,0,0,0,0,0
黑神话悟空新实机演示视频在哪看啊,0,0,0,0,0
黑神话悟空完整实机演示视频,0,0,0,0,0
黑神话悟空实机什么时候出的游戏,0,0,0,0,0
黑神话悟空2021实机演示顺序,0,0,0,0,0
黑神话悟空第二期实机演示视频完整,0,0,0,0,0
黑神话悟空的实机操作是什么意思呀,0,0,0,0,0
黑神话悟空新实机演示在哪里看到了,0,0,0,0,0
黑神话悟空实机演示上线了吗知乎,0,0,0,0,0
黑神话悟空6分钟实机片段,0,0,0,0,0
如何评价黑神话悟空实机演示的好坏是什么,0,0,0,0,0
黑神话悟空+实机演示视频,0,0,0,0,0
黑神话悟空官方版实机演示视频最新,0,0,0,0,0
