"""黑神话悟空""+""试玩""的长尾词",长尾词数,竞价词数,全网指数,PC日均流量,移动日均流量
黑神话悟空现场试玩,0,0,0,0,0
黑神话悟空steam试玩,0,0,0,0,0
黑神话悟空试玩版在哪,0,0,0,0,0
黑神话: 悟空试玩版,0,0,0,0,0
黑悟空神话试玩片,0,0,0,0,0
黑神话悟空试玩版免安装,0,0,0,0,0
黑神话悟空**试玩视频,0,0,0,0,0
黑神话悟空线下试玩会,0,0,0,0,0
黑神话悟空线下试玩官网关注,0,0,0,0,0
黑神话悟空试玩会将举办,0,0,0,0,0
黑神话悟空科隆试玩直播,0,0,0,0,0
黑神话悟空德国科隆展后试玩评论,0,0,0,0,0
黑神话悟空线下试玩多少人参与,0,0,0,0,0
科隆游戏展黑神话悟空试玩,0,0,0,0,0
黑神话悟空试玩会员多少钱一个小时啊知乎,0,0,0,0,0
黑神话悟空线下试玩在哪儿看到的,0,0,0,0,0
黑神话悟空线下试玩外网,0,0,0,0,0
黑神话悟空八分钟实机试玩,0,0,0,0,0
黑神话悟空首次线下试玩结果,0,0,0,0,0
黑神话悟空线下试玩几号,0,0,0,0,0
黑神话悟空线下试玩给什么装备好用一点,0,0,0,0,0
黑神话悟空试玩画面怎么调出来,0,0,0,0,0
黑神话悟空试玩demo腾讯看点版本,0,0,0,0,0
黑神话悟空首次线下试玩问卷在哪,0,0,0,0,0
黑神话悟空试玩会下架吗,0,0,0,0,0
黑神话悟空线下试玩预告怎么看不了了,0,0,0,0,0
黑神话悟空线下试玩预告视频在线观看,0,0,0,0,0
黑神话悟空线下试玩给什么装备好,0,0,0,0,0
黑神话悟空试玩画面,0,0,0,0,0
黑神话悟空线下试玩保密吗,0,0,0,0,0
黑神话悟空线下试玩在哪儿看,0,0,0,0,0
黑神话悟空试玩地点怎么选,0,0,0,0,0
黑神话悟空线下试玩画面怎么样,0,0,0,0,0
黑神话悟空试玩资格什么时候给的啊,0,0,0,0,0
黑神话悟空线下试玩多少号开始,0,0,0,0,0
黑神话悟空试玩会员多少钱,0,0,0,0,0
黑神话悟空试玩会员多少钱一个国际版,0,0,0,0,0
黑神话悟空试玩地点攻略大全,0,0,0,0,0
黑神话悟空试玩会封号吗安全吗,0,0,0,0,0
黑神话悟空在哪里可以试玩啊视频教程,0,0,0,0,0
黑神话悟空线下试玩能观看吗视频,0,0,0,0,0
黑神话悟空线下试玩多少号结束的啊视频播放,0,0,0,0,0
黑神话悟空线下试玩测评在哪看,0,0,0,0,0
黑神话悟空线下试玩评论在哪找到的啊,0,0,0,0,0
黑神话悟空线下试玩在哪儿看到的啊视频,0,0,0,0,0
黑神话悟空线下试玩给什么装备好用,0,0,0,0,0
黑悟空神话怎么试玩视频教程全集下载,0,0,0,0,0
黑神话悟空线下试玩保密吗是真的吗吗,0,0,0,0,0
黑神话悟空线下试玩活动怎么玩的快一些,0,0,0,0,0
黑神话悟空线上试玩有几次,0,0,0,0,0
黑神话悟空线上试玩有几次了,0,0,0,0,0
黑神话悟空线下试玩画面怎么调出来,0,0,0,0,0
黑神话悟空试玩可以拍照吗知乎视频下载,0,0,0,0,0
黑神话悟空线下试玩预告怎么看的啊多少钱,0,0,0,0,0
黑悟空神话怎么试玩的啊视频教程大全集,0,0,0,0,0
黑悟空神话怎么试玩的视频教学下载安装苹果,0,0,0,0,0
黑神话悟空线下试玩会地点,0,0,0,0,0
黑神话悟空试玩地址,0,0,0,0,0
黑神话悟空线下试玩会在哪,0,0,0,0,0
黑神话悟空试玩可以观看吗,0,0,0,0,0
黑神话悟空线下试玩能自己去吗,0,0,0,0,0
黑神话悟空试玩报告,0,0,0,0,0
黑神话悟空怎么报名试玩,0,0,0,0,0
黑神话悟空线下试玩会时间,0,0,0,0,0
如何试玩黑神话悟空,0,0,0,0,0
黑神话:悟空线下试玩会,0,0,0,0,0
黑神话悟空线下试玩所有boss合集,0,0,0,0,0
黑神话悟空线下试玩国外反应,0,0,0,0,0
黑神话悟空线下试玩测评在哪看啊,0,0,0,0,0
黑神话悟空线下试玩报名核验码,0,0,0,0,0
黑神话悟空线下试玩测评怎么过的呀,0,0,0,0,0
黑神话悟空线下试玩评论在哪看到,0,0,0,0,0
黑神话悟空科隆游戏展试玩评价,0,0,0,0,0
杭州黑神话悟空科隆游戏展试玩,0,0,0,0,0
黑神话悟空科隆线下试玩外网,0,0,0,0,0
黑神话悟空什么时候在steam试玩,0,0,0,0,0
黑神话悟空线下试玩科隆,0,0,0,0,0
黑神话悟空科隆试玩视频,0,0,0,0,0
黑神话悟空线下试玩线上哪里直播,0,0,0,0,0
黑神话悟空老外杭州线下试玩,0,0,0,0,0
黑神话悟空杭州线下试玩地点,0,0,0,0,0
黑神话悟空场景试玩版下载教程,0,0,0,0,0
黑神话悟空试玩版要钱吗,0,0,0,0,0
黑神话悟空试玩版能下吗,0,0,0,0,0
黑神话悟空哪能下载试玩,0,0,0,0,0
黑神话悟空试玩版什么时候出的,0,0,0,0,0
黑神话悟空试玩电脑配置,0,0,0,0,0
黑神话悟空试玩版什么时候上线,0,0,0,0,0
黑神话悟空试玩流程,0,0,0,0,0
黑神话悟空试玩会怎么样,0,0,0,0,0
黑神话悟空试玩配置公布,0,0,0,0,0
ps5黑神话悟空试玩版,0,0,0,0,0
如何评价黑神话悟空线下试玩,0,0,0,0,0
黑神话悟空在哪个平台试玩好,0,0,0,0,0
黑神话悟空试玩国外视频,0,0,0,0,0
黑神话悟空国外试玩测评,0,0,0,0,0
黑神话悟空试玩报告出炉,0,0,0,0,0
黑神话悟空在哪有试玩,0,0,0,0,0
外国小哥玩黑神话悟空试玩,0,0,0,0,0
黑神话悟空在哪里试玩,0,0,0,0,0
黑悟空神话30分钟游戏试玩,0,0,0,0,0
黑悟空神话试玩演示,0,0,0,0,0
黑神话悟空游戏试玩,0,0,0,0,0
黑神话悟空可以试玩吗,0,0,0,0,0
黑神话悟空国外试玩,0,0,0,0,0
黑神话之悟空试玩demo,0,0,0,0,0
黑神话悟空早期试玩,0,0,0,0,0
黑神话悟空线下试玩,0,0,0,0,0
黑神话悟空哪里试玩,0,0,0,0,0
黑神话悟空线下试玩名额,0,0,0,0,0
黑神话悟空线下试玩邀请短信,0,0,0,0,0
黑神话悟空试玩直播,0,0,0,0,0
黑神话悟空线下试玩图片怎么弄,0,0,0,0,0
黑神话悟空线下试玩怎么预约,0,0,0,0,0
黑神话悟空线下试玩什么时间可以玩啊,0,0,0,0,0
黑神话悟空线下试玩缅北,0,0,0,0,0
黑神话悟空线下试玩总结,0,0,0,0,0
黑神话悟空线下试玩几点开始,0,0,0,0,0
黑神话悟空试玩心得,0,0,0,0,0
黑神话悟空线下试玩可以传播吗知乎,0,0,0,0,0
黑神话悟空试玩免费吗知乎,0,0,0,0,0
黑神话悟空试玩现场照片曝光,0,0,0,0,0
黑神话悟空线下试玩多少号结束的啊知乎,0,0,0,0,0
黑神话悟空线下试玩多少号开始玩的,0,0,0,0,0
黑神话悟空试玩会员多少钱一个国际版的游戏,0,0,0,0,0
黑神话悟空线下试玩预告视频在哪看到的,0,0,0,0,0
如何试玩黑神话悟空皮肤视频教学,0,0,0,0,0
黑悟空神话怎么试玩的啊视频教学大全集,0,0,0,0,0
如何试玩黑神话悟空皮肤,0,0,0,0,0
科隆黑神话悟空线下试玩,0,0,0,0,0
黑神话悟空试玩归来怎么玩,0,0,0,0,0
黑神话悟空线下试玩验证码是什么,0,0,0,0,0
黑神话悟空试玩价格,0,0,0,0,0
黑神话悟空试玩泄露,0,0,0,0,0
黑神话悟空线下试玩验证码怎么用,0,0,0,0,0
教学如何试玩黑神话悟空游戏,0,0,0,0,0
老外看黑神话悟空最新实机试玩,0,0,0,0,0
教学如何试玩黑神话悟空视频,0,0,0,0,0
黑神话悟空线下试玩预告,0,0,0,0,0
黑神话悟空线下试玩画面,0,0,0,0,0
黑神话悟空线下试玩评论怎么看的啊,0,0,0,0,0
黑神话悟空试玩可以拍照吗知乎,0,0,0,0,0
黑神话悟空试玩名单攻略大全,0,0,0,0,0
黑神话悟空线下试玩能观看吗知乎,0,0,0,0,0
黑神话悟空试玩会封号吗知乎,0,0,0,0,0
黑神话悟空试玩解说吧,0,0,0,0,0
黑神话悟空试玩资格什么时候给的啊多少钱,0,0,0,0,0
黑神话悟空试玩会员多少钱一年啊,0,0,0,0,0
黑神话悟空在哪里可以试玩啊视频,0,0,0,0,0
黑神话悟空线下试玩能观看吗知乎视频,0,0,0,0,0
黑神话悟空试玩地点怎么选的呀,0,0,0,0,0
黑悟空神话怎么试玩的啊多少钱一个,0,0,0,0,0
黑神话悟空线下试玩有直播吗,0,0,0,0,0
黑神话悟空线下试玩画面怎么设置的,0,0,0,0,0
黑神话悟空试玩可以拍照吗知乎视频,0,0,0,0,0
如何试玩黑神话悟空游戏,0,0,0,0,0
黑神话悟空线下试玩预告怎么看的啊视频,0,0,0,0,0
黑悟空神话怎么试玩的啊多少钱一次呀,0,0,0,0,0
黑神话悟空试玩可以拍照吗视频下载,0,0,0,0,0
黑神话悟空在哪里可以试玩啊,0,0,0,0,0
黑神话悟空线下试玩有直播吗安全吗知乎,0,0,0,0,0
黑神话悟空线下试玩预告在哪看,0,0,0,0,0
黑神话悟空试玩会下架吗知乎推荐,0,0,0,0,0
黑神话悟空线下试玩在哪,0,0,0,0,0
黑神话悟空线下试玩直播,0,0,0,0,0
黑神话悟空线下试玩可以去看吗,0,0,0,0,0
黑神话悟空线下试玩在哪里,0,0,0,0,0
黑神话悟空ps5线上试玩,0,0,0,0,0
黑神话悟空杭州试玩,0,0,0,0,0
黑神话悟空试玩怎么报名,0,0,0,0,0
黑神话悟空线下试玩视频,0,0,0,0,0
杭州黑神话悟空试玩没资格能去吗,0,0,0,0,0
黑神话悟空线下试玩中奖,0,0,0,0,0
黑神话悟空线上试玩,0,0,0,0,0
黑神话悟空线下试玩报名截止,0,0,0,0,0
黑神话悟空试玩归来怎么玩视频,0,0,0,0,0
黑神话悟空试玩试玩,0,0,0,0,0
科隆展黑神话悟空试玩,0,0,0,0,0
黑神话悟空steam试玩多久出,0,0,0,0,0
黑神话悟空国外试玩反应,0,0,0,0,0
黑神话悟空杭州线下试玩boss,0,0,0,0,0
黑神话悟空老外试玩,0,0,0,0,0
黑神话悟空线下试玩直播开播,0,0,0,0,0
黑神话悟空去哪线下试玩上海,0,0,0,0,0
黑神话悟空线下试玩直播总结,0,0,0,0,0
黑神话悟空官方直播试玩演示合集,0,0,0,0,0
黑神话悟空试玩steam,0,0,0,0,0
外国人看黑神话悟空试玩,0,0,0,0,0
黑神话悟空场景试玩版怎么下载安装,0,0,0,0,0
黑神话悟空demo试玩下载,0,0,0,0,0
黑神话悟空场景试玩版下载安装,0,0,0,0,0
黑神话悟空可以试玩了吗视频,0,0,0,0,0
黑神话悟空试玩好玩吗,0,0,0,0,0
黑神话悟空试玩安装包,0,0,0,0,0
黑神话悟空试玩ps5,0,0,0,0,0
黑神话悟空试玩xbox,0,0,0,0,0
黑神话悟空试玩画面曝光,0,0,0,0,0
黑神话悟空第一个试玩版本,0,0,0,0,0
国外玩家试玩黑神话悟空,0,0,0,0,0
黑神话悟空 全民试玩,0,0,0,0,0
黑悟空神话试玩版怎么下载,0,0,0,0,0
黑神话悟空试玩云在线玩,0,0,0,0,0
黑神话悟空这13分钟的试玩视频,0,0,0,0,0
乌仁吉首次试玩黑神话悟空,0,0,0,0,0
黑神话悟空在哪试玩,0,0,0,0,0
黑神话悟空13分钟试玩,0,0,0,0,0
黑神话悟空试玩版哪里下载,0,0,0,0,0
黑神话悟空手机版试玩,0,0,0,0,0
黑神话悟空怎么提前试玩,0,0,0,0,0
黑神话悟空下载试玩,0,0,0,0,0
steam试玩黑神话悟空游戏,0,0,0,0,0
黑神话悟空场景试玩版,0,0,0,0,0
黑神话悟空场景试玩版多少钱,0,0,0,0,0
黑神话悟空试玩会持续多久,0,0,0,0,0
杭州黑神话悟空试玩会地点,0,0,0,0,0
黑神话悟空线下试玩太原,0,0,0,0,0
黑神话悟空杭州哪里试玩,0,0,0,0,0
黑神话悟空线下试玩多少号结束的啊视频,0,0,0,0,0
黑神话悟空线下试玩给什么装备好一点,0,0,0,0,0
黑悟空神话怎么试玩视频教程下载不了,0,0,0,0,0
黑悟空神话怎么试玩的啊视频教程大全,0,0,0,0,0
黑神话悟空试玩地点怎么选择不了了,0,0,0,0,0
黑神话悟空线下试玩多少号结束的啊,0,0,0,0,0
黑神话悟空首次爆料试玩,0,0,0,0,0
黑神话悟空线下试玩多少号免费的啊视频,0,0,0,0,0
黑神话悟空线下试玩可以观看吗,0,0,0,0,0
黑神话悟空线下试玩资格信息,0,0,0,0,0
黑神话悟空试玩会将开启,0,0,0,0,0
黑神话悟空线下试玩可以传播吗是真的吗,0,0,0,0,0
黑神话悟空线下试玩画面怎么设置不了了,0,0,0,0,0
黑神话悟空线下试玩画面怎么调出来的,0,0,0,0,0
黑神话悟空线下试玩几天,0,0,0,0,0
黑神话悟空线下试玩资格,0,0,0,0,0
黑神话悟空线下试玩通知,0,0,0,0,0
黑神话悟空试玩国外评价,0,0,0,0,0
老外试玩黑神话悟空视频,0,0,0,0,0
黑神话悟空试玩官网,0,0,0,0,0
黑神话悟空试玩需要什么条件,0,0,0,0,0
黑神话悟空线下试玩可以拍视频吗,0,0,0,0,0
黑神话悟空试玩评价,0,0,0,0,0
黑悟空神话怎么试玩的视频,0,0,0,0,0
黑悟空神话怎么试玩,0,0,0,0,0
黑神话悟空首次线下试玩时间,0,0,0,0,0
黑神话悟空线下试玩多少号开始的,0,0,0,0,0
黑神话悟空线下试玩能观看吗,0,0,0,0,0
黑神话悟空线下试玩活动,0,0,0,0,0
黑神话悟空首次线下试玩怎么参加,0,0,0,0,0
黑神话悟空线下试玩多少号免费,0,0,0,0,0
黑神话悟空试玩地点在哪,0,0,0,0,0
黑神话悟空线下试玩评论,0,0,0,0,0
黑神话悟空线下试玩活动怎么玩不了了,0,0,0,0,0
黑神话悟空线下试玩给什么,0,0,0,0,0
黑神话悟空线下试玩在哪看视频啊,0,0,0,0,0
黑神话悟空战斗试玩,0,0,0,0,0
黑神话悟空试玩会在哪,0,0,0,0,0
黑神话悟空线下试玩评论在哪,0,0,0,0,0
黑神话悟空线下试玩有多少名额,0,0,0,0,0
黑神话悟空线下试玩预告在哪,0,0,0,0,0
黑神话悟空试玩地点怎么选的,0,0,0,0,0
国外媒体黑神话悟空线下试玩,0,0,0,0,0
黑悟空神话8分钟试玩,0,0,0,0,0
黑神话悟空线下试玩多少号开始玩的啊视频,0,0,0,0,0
黑神话悟空首次线下试玩会,0,0,0,0,0
老外看黑神话悟空线下试玩,0,0,0,0,0
黑神话悟空试玩场地照片,0,0,0,0,0
黑神话悟空为什么线上试玩不能玩,0,0,0,0,0
黑神话悟空线下试玩图片,0,0,0,0,0
黑神话悟空 线下试玩,0,0,0,0,0
黑神话悟空怎么参加试玩任务的视频,0,0,0,0,0
黑神话悟空试玩地点怎么选的啊知乎推荐一个,0,0,0,0,0
黑神话悟空线下试玩预约通知,0,0,0,0,0
黑神话悟空线下试玩多少号开始玩比较好,0,0,0,0,0
黑神话悟空试玩可以拍照吗视频教学,0,0,0,0,0
黑神话悟空试玩免费吗,0,0,0,0,0
黑悟空神话怎么试玩的视频教学下载,0,0,0,0,0
黑神话悟空线下试玩保密吗是真的吗知乎,0,0,0,0,0
黑悟空神话怎么试玩的啊视频教学下载安装,0,0,0,0,0
黑神话悟空游戏试玩视频大全,0,0,0,0,0
黑神话悟空线下试玩多少号结束的啊知乎视频,0,0,0,0,0
黑神话悟空线下试玩短信通知,0,0,0,0,0
黑神话悟空游戏试玩视频在线观看,0,0,0,0,0
黑神话悟空线下试玩会在哪看,0,0,0,0,0
黑神话悟空试玩会下架吗贴吧知乎,0,0,0,0,0
黑神话悟空科隆游戏展试玩视频,0,0,0,0,0
老外看试玩黑神话悟空,0,0,0,0,0
黑神话悟空线下试玩在哪里看,0,0,0,0,0
黑神话悟空科隆游戏展有试玩吗,0,0,0,0,0
黑神话悟空国外线下试玩,0,0,0,0,0
为什么steam上没有试玩黑神话悟空,0,0,0,0,0
黑神话悟空steam试玩在哪里玩,0,0,0,0,0
黑神话悟空游戏展试玩,0,0,0,0,0
黑神话.悟空试玩,0,0,0,0,0
德国科隆黑神话悟空线下试玩,0,0,0,0,0
黑神话悟空科隆试玩挟魂崖,0,0,0,0,0
黑神话悟空杭州线下试玩玩家,0,0,0,0,0
老外观看黑神话悟空试玩,0,0,0,0,0
黑神话悟空试玩演示直播回放,0,0,0,0,0
黑神话悟空科隆线下试玩排队,0,0,0,0,0
老外看黑神话悟空试玩,0,0,0,0,0
黑神话悟空场景试玩版怎么下载不了,0,0,0,0,0
黑神话悟空什么时候线下试玩,0,0,0,0,0
黑神话 悟空 线下试玩会,0,0,0,0,0
欧美玩家试玩黑神话悟空,0,0,0,0,0
黑神话悟空**试玩是几点,0,0,0,0,0
黑神话悟空怎么下载试玩,0,0,0,0,0
黑神话悟空国内试玩,0,0,0,0,0
腾讯黑悟空神话试玩,0,0,0,0,0
黑神话悟空安卓试玩版,0,0,0,0,0
黑神话悟空试玩版下载,0,0,0,0,0
悟空黑神话试玩解说,0,0,0,0,0
黑神话悟空ps5试玩,0,0,0,0,0
黑悟空神话试玩版,0,0,0,0,0
黑神话悟空端游试玩版,0,0,0,0,0
黑神话悟空试玩图片,0,0,0,0,0
黑神话悟空为什么不出试玩版,0,0,0,0,0
黑神话悟空试玩pc版下载,0,0,0,0,0
黑神话悟空团队的第一款作品试玩,0,0,0,0,0
黑神话悟空英伟达八分钟试玩,0,0,0,0,0
黑神话悟空在哪个平台试玩,0,0,0,0,0
黑神话悟空首次线下试玩,0,0,0,0,0
黑神话:悟空线下试玩,0,0,0,0,0
黑神话悟空宣布首次线下试玩会,0,0,0,0,0
黑神话悟空线下试玩资格怎么获取,0,0,0,0,0
黑神话悟空线下试玩在哪抽,0,0,0,0,0
新品试玩节黑神话悟空免费吗,0,0,0,0,0
黑神话悟空线下试玩会直播吗,0,0,0,0,0
黑神话悟空线下试玩在杭州哪里,0,0,0,0,0
黑神话悟空线下试玩什么时间开始,0,0,0,0,0
黑神话悟空线下试玩全流程,0,0,0,0,0
黑神话悟空线下试玩能进去吗,0,0,0,0,0
黑神话悟空试玩时间,0,0,0,0,0
黑神话悟空线下试玩现场怎么玩,0,0,0,0,0
黑神话悟空线下试玩是不是免费的呢,0,0,0,0,0
黑神话悟空线下试玩直播么,0,0,0,0,0
黑神话悟空线下试玩评价,0,0,0,0,0
如何评价 黑神话 悟空 线下试玩会,0,0,0,0,0
黑神话悟空发售线下试玩,0,0,0,0,0
如何评价黑神话悟空试玩,0,0,0,0,0
黑神话悟空科隆游戏展试玩,0,0,0,0,0
黑神话 悟空试玩报名,0,0,0,0,0
黑神话悟空试玩归来怎么玩的,0,0,0,0,0
黑神话悟空试玩入口怎么进,0,0,0,0,0
黑神话悟空试玩地点怎么选择的啊知乎,0,0,0,0,0
黑神话悟空线下试玩预告怎么看的啊视频教程,0,0,0,0,0
黑神话悟空线下试玩活动怎么玩不了了呢视频,0,0,0,0,0
黑神话悟空线下试玩预告怎么看的到了,0,0,0,0,0
黑悟空神话怎么试玩的啊视频教学大全,0,0,0,0,0
黑神话悟空线下试玩演示,0,0,0,0,0
黑悟空神话怎么试玩的啊视频下载安装,0,0,0,0,0
黑神话悟空怎么参加试玩模式任务,0,0,0,0,0
黑神话悟空试玩地点攻略图文最新版,0,0,0,0,0
黑悟空神话怎么试玩的啊视频教程下载安装,0,0,0,0,0
黑神话悟空试玩可以拍照吗知乎视频下载不了,0,0,0,0,0
黑悟空神话怎么试玩的啊视频教程大全下载,0,0,0,0,0
黑神话悟空线下试玩多少号开始的啊视频教学,0,0,0,0,0
黑悟空神话怎么试玩的啊多少钱一次啊视频,0,0,0,0,0
黑悟空神话怎么试玩的视频教学下载安装不了,0,0,0,0,0
黑神话悟空试玩内容,0,0,0,0,0
黑神话悟空试玩会地点,0,0,0,0,0
黑神话悟空为什么线下试玩那么便宜,0,0,0,0,0
黑神话悟空试玩资格公布,0,0,0,0,0
黑神话悟空线下试玩时间地点,0,0,0,0,0
黑神话悟空试玩会将开启吗手游,0,0,0,0,0
黑悟空神话怎么试玩视频教程下载,0,0,0,0,0
黑神话悟空试玩好评如潮,0,0,0,0,0
黑神话悟空线下试玩活动怎么玩,0,0,0,0,0
黑神话悟空线下试玩评论在哪找,0,0,0,0,0
黑悟空神话怎么试玩视频教程全集,0,0,0,0,0
黑神话悟空怎么参加试玩,0,0,0,0,0
黑神话悟空线下试玩活动怎么玩不了了呀,0,0,0,0,0
黑悟空神话怎么试玩的啊视频教学,0,0,0,0,0
黑神话悟空线下试玩能观看吗知乎全文免费,0,0,0,0,0
黑悟空神话怎么试玩视频教程全集免费,0,0,0,0,0
黑神话悟空游戏试玩视频,0,0,0,0,0
黑神话悟空线下试玩活动怎么玩不了了呢,0,0,0,0,0
黑悟空神话怎么试玩的啊视频教程下载,0,0,0,0,0
黑悟空神话怎么试玩的啊视频教学全集,0,0,0,0,0
黑神话悟空线下试玩多少号开始的啊多少钱,0,0,0,0,0
黑神话悟空试玩画面怎么调,0,0,0,0,0
黑神话悟空试玩资格什么时候给,0,0,0,0,0
黑神话悟空线下试玩活动怎么玩的,0,0,0,0,0
黑神话悟空线下试玩在哪看视频啊知乎,0,0,0,0,0
黑神话悟空线下试玩多少号开始玩,0,0,0,0,0
黑神话悟空线下试玩在哪看视频啊知乎推荐,0,0,0,0,0
黑神话悟空线下试玩预告视频在哪看到,0,0,0,0,0
黑神话悟空线下试玩活动怎么玩的快,0,0,0,0,0
黑神话悟空试玩会下架吗贴吧,0,0,0,0,0
黑神话悟空科隆游戏展试玩时间,0,0,0,0,0
黑神话悟空怎样试玩的,0,0,0,0,0
黑神话悟空试玩主线,0,0,0,0,0
黑神话悟空试玩实况,0,0,0,0,0
黑神话悟空科隆展试玩,0,0,0,0,0
黑神话悟空上线steam怎么试玩,0,0,0,0,0
黑神话悟空试玩demo什么时候出,0,0,0,0,0
黑神话悟空线下试玩会已开,0,0,0,0,0
黑神话悟空老外试玩后反应,0,0,0,0,0
黑神话悟空线下试玩外国人评价,0,0,0,0,0
最新黑神话悟空试玩外国人评价,0,0,0,0,0
杭州黑神话悟空线下试玩,0,0,0,0,0
黑神话悟空在国外线下试玩,0,0,0,0,0
黑神话悟空老外试玩版下载,0,0,0,0,0
黑神话悟空试玩电脑,0,0,0,0,0
外国人黑神话悟空线下试玩视频,0,0,0,0,0
黑神话悟空试玩现场,0,0,0,0,0
外国人看黑神话悟空试玩视频,0,0,0,0,0
ps5有黑神话悟空试玩版消息,0,0,0,0,0
黑神话悟空场景试玩版多少钱一张,0,0,0,0,0
黑神话悟空什么时候上线试玩,0,0,0,0,0
ps5 黑神话悟空试玩能下载吗手机版,0,0,0,0,0
ps5黑神话悟空试玩版在哪,0,0,0,0,0
外国人试玩黑神话悟空评价,0,0,0,0,0
游戏风云试玩黑神话悟空,0,0,0,0,0
黑神话悟空pc试玩,0,0,0,0,0
黑神话悟空试玩视频xbox,0,0,0,0,0
黑神话悟空闭门试玩视频,0,0,0,0,0
黑神话悟空吉吉国王试玩版下载,0,0,0,0,0
黑神话悟空可以在哪试玩,0,0,0,0,0
老外黑神话悟空试玩,0,0,0,0,0
黑神话悟空单机试玩版,0,0,0,0,0
黑神话悟空试玩版要收费?,0,0,0,0,0
黑神话:悟空试玩版,0,0,0,0,0
黑神话悟空试玩版在哪下,0,0,0,0,0
ign小编试玩黑神话悟空发生闪退,0,0,0,0,0
黑神话悟空试玩演示视频,0,0,0,0,0
黑神话悟空试玩版本有吗,0,0,0,0,0
黑神话悟空ps4试玩,0,0,0,0,0
黑神话悟空试玩版多少g,0,0,0,0,0
黑神话悟空线下试玩在哪报名,0,0,0,0,0
黑神话悟空线下试玩什么时间,0,0,0,0,0
老外试玩黑神话悟空,0,0,0,0,0
黑神话悟空线下试玩会视频,0,0,0,0,0
黑神话悟空线下试玩什么时间结束,0,0,0,0,0
黑神话悟空为什么线上试玩进不去,0,0,0,0,0
黑神话悟空线下试玩是不是免费的,0,0,0,0,0
黑神话悟空线下试玩会直播,0,0,0,0,0
黑神话悟空线下试玩地点攻略,0,0,0,0,0
黑悟空神话千人试玩会下架吗知乎,0,0,0,0,0
黑神话悟空在哪里可以试玩啊视频教学,0,0,0,0,0
黑神话悟空试玩可以拍照吗视频,0,0,0,0,0
黑神话悟空线下试玩名额查询,0,0,0,0,0
黑神话悟空线下试玩在哪儿下载,0,0,0,0,0
黑神话悟空实机试玩,0,0,0,0,0
黑神话悟空线下试玩在哪儿玩啊,0,0,0,0,0
黑神话悟空试玩会员多少钱一个国际版的,0,0,0,0,0
黑神话悟空最新试玩版下载,0,0,0,0,0
黑悟空神话怎么试玩视频教学,0,0,0,0,0
黑神话悟空线下试玩预告怎么看的,0,0,0,0,0
黑神话悟空最新试玩,0,0,0,0,0
黑神话悟空线下试玩出现的新妖怪,0,0,0,0,0
黑神话悟空试玩申请,0,0,0,0,0
黑神话悟空线下试玩评论怎么看不到,0,0,0,0,0
黑悟空神话怎么试玩的视频教学,0,0,0,0,0
黑神话悟空线下试玩预告怎么看不了,0,0,0,0,0
黑神话悟空试玩会员多少钱一个,0,0,0,0,0
黑神话悟空线下试玩评论怎么看不了,0,0,0,0,0
黑神话悟空线下试玩预告怎么看的啊,0,0,0,0,0
黑神话悟空线下试玩预告怎么看不到,0,0,0,0,0
黑神话悟空试玩地点攻略图文,0,0,0,0,0
黑神话悟空试玩会员多少钱一年,0,0,0,0,0
黑神话悟空线下试玩画面怎么设置,0,0,0,0,0
黑神话悟空线下试玩多少号开始玩比较好一点,0,0,0,0,0
黑神话悟空线下试玩外国,0,0,0,0,0
黑神话悟空试玩会内容解析,0,0,0,0,0
黑神话悟空线下试玩解说,0,0,0,0,0
黑悟空神话怎么试玩视频教程下载安装,0,0,0,0,0
黑神话悟空试玩名额,0,0,0,0,0
黑神话悟空试玩版怎么样好玩吗,0,0,0,0,0
黑神话悟空试玩地点怎么选的啊知乎,0,0,0,0,0
黑悟空神话怎么试玩的啊多少钱一次啊,0,0,0,0,0
黑神话悟空线下试玩保密吗是真的吗吗知乎,0,0,0,0,0
黑神话悟空线下试玩保密吗是真的吗还是假的,0,0,0,0,0
黑神话悟空线下试玩能观看吗视频教程全集,0,0,0,0,0
悟空黑暗神话试玩版可以玩多久啊,0,0,0,0,0
黑神话悟空线下试玩多少号免费的啊视频下载,0,0,0,0,0
黑神话悟空线下试玩多少号开始玩的啊多少钱,0,0,0,0,0
黑神话悟空线下试玩有直播吗安全吗,0,0,0,0,0
黑悟空神话怎么试玩的啊多少钱一个小时啊,0,0,0,0,0
黑神话悟空试玩免费吗是真的吗,0,0,0,0,0
黑神话悟空线下试玩问卷,0,0,0,0,0
黑神话悟空线下试玩可以传播吗安全吗,0,0,0,0,0
黑神话悟空为什么线下试玩,0,0,0,0,0
黑神话悟空杭州线下试玩视频,0,0,0,0,0
黑神话悟空为什么线上试玩进不去了,0,0,0,0,0
黑神话悟空线下试玩啥意思,0,0,0,0,0
黑神话悟空8月线下试玩怎么玩,0,0,0,0,0
黑神话悟空线下试玩会引关注,0,0,0,0,0
黑神话悟空试玩会在杭州哪里,0,0,0,0,0
黑神话悟空缅甸线下试玩,0,0,0,0,0
外国评价黑神话悟空首次线下试玩,0,0,0,0,0
黑神话悟空试玩会员多少钱一年啊怎么用啊,0,0,0,0,0
黑神话悟空线下试玩在哪儿玩啊视频,0,0,0,0,0
黑神话悟空线下试玩测评怎么样啊知乎,0,0,0,0,0
黑神话悟空线下试玩邀请,0,0,0,0,0
黑神话悟空科隆试玩,0,0,0,0,0
黑神话悟空怎么参加试玩模式,0,0,0,0,0
黑神话悟空试玩地点攻略图文最新,0,0,0,0,0
如何试玩黑神话悟空皮肤视频,0,0,0,0,0
黑神话悟空线下试玩画面怎么样啊多少钱一张,0,0,0,0,0
黑神话悟空线下试玩在哪儿玩啊多少钱,0,0,0,0,0
黑神话悟空线下试玩评论怎么看不了了,0,0,0,0,0
黑神话悟空线下试玩解说大全,0,0,0,0,0
黑神话悟空怎么参加试玩模式任务的,0,0,0,0,0
黑神话悟空试玩手柄,0,0,0,0,0
黑神话悟空最低配置试玩版下载,0,0,0,0,0
黑神话悟空试玩资源,0,0,0,0,0
黑神话悟空科隆游戏展试玩完整版,0,0,0,0,0
黑神话悟空科隆线下试玩boss,0,0,0,0,0
黑神话悟空线下试玩直播地址,0,0,0,0,0
黑神话悟空线下试玩资格售卖,0,0,0,0,0
黑神话悟空线下试玩主播是谁,0,0,0,0,0
黑神话悟空线下试玩主播在哪,0,0,0,0,0
山寨黑神话悟空线下试玩,0,0,0,0,0
黑神话悟空线下试玩现场直播,0,0,0,0,0
黑神话悟空线下试玩装机,0,0,0,0,0
黑神话悟空试玩版评价,0,0,0,0,0
黑神话悟空现场试玩西伯利亚,0,0,0,0,0
黑神话悟空专业玩家试玩演示视频,0,0,0,0,0
黑神话悟空能在电脑上试玩吗,0,0,0,0,0
黑神话悟空试玩通关视频,0,0,0,0,0
黑神话悟空试玩老外反应,0,0,0,0,0
大司马看黑神话悟空线下试玩,0,0,0,0,0
ps5 黑神话悟空试玩能下载吗手机吗,0,0,0,0,0
国外主播看黑神话悟空线下试玩,0,0,0,0,0
黑神话悟空国外主播试玩,0,0,0,0,0
外国人科隆试玩黑神话悟空,0,0,0,0,0
黑神话悟空试玩是完整版吗,0,0,0,0,0
黑神话.悟空闭门试玩,0,0,0,0,0
黑神话悟空up试玩,0,0,0,0,0
黑神话悟空泉州免费试玩,0,0,0,0,0
黑神话悟空几月开放试玩的,0,0,0,0,0
黑神话悟空全新实机试玩演示,0,0,0,0,0
黑神话悟空试玩,0,0,0,0,0
黑神话悟空试玩资格,0,0,0,0,0
黑神话悟空试玩版在哪下载,0,0,0,0,0
黑神话悟空试玩版手机版,0,0,0,0,0
黑神话悟空怎么免费试玩,0,0,0,0,0
黑神话悟空外媒试玩,0,0,0,0,0
黑神话悟空什么时间能试玩,0,0,0,0,0
黑神话悟空试玩版游戏,0,0,0,0,0
ps5 黑神话悟空试玩,0,0,0,0,0
ps5 黑神话悟空试玩能下载吗,0,0,0,0,0
steam黑神话悟空试玩,0,0,0,0,0
黑神话悟空场景试玩版下载,0,0,0,0,0
黑神话悟空试玩迅雷下载,0,0,0,0,0
黑神话悟空杭州线下试玩,0,0,0,0,0
黑悟空神话线下试玩,0,0,0,0,0
黑神话悟空为什么线下试玩不了,0,0,0,0,0
黑神话悟空线下试玩名单,0,0,0,0,0
黑神话悟空线下试玩感受,0,0,0,0,0
黑神话悟空820杭州线下试玩,0,0,0,0,0
英伟达黑神话悟空实机试玩,0,0,0,0,0
黑神话悟空媒体试玩,0,0,0,0,0
黑神话悟空试玩预约,0,0,0,0,0
杭州黑神话悟空试玩没资格能去吗安全吗,0,0,0,0,0
黑神话悟空线下试玩国外,0,0,0,0,0
黑神话悟空线下试玩几号更新,0,0,0,0,0
黑神话悟空试玩在哪玩,0,0,0,0,0
杭州黑神话悟空试玩会,0,0,0,0,0
黑神话悟空8月线下试玩,0,0,0,0,0
黑神话悟空试玩地点怎么选择的啊知乎推荐,0,0,0,0,0
悟空黑暗神话试玩版可以玩多久呀,0,0,0,0,0
黑神话悟空怎么参加试玩任务的啊,0,0,0,0,0
黑神话悟空线下试玩画面怎么设置的啊视频,0,0,0,0,0
如何试玩黑神话悟空皮肤视频教程,0,0,0,0,0
黑神话悟空线下试玩预告怎么看不了了呀,0,0,0,0,0
黑神话悟空线下试玩多少号开始的啊视频,0,0,0,0,0
黑神话悟空线下试玩预告怎么看不了了呢,0,0,0,0,0
黑神话悟空线下试玩多少号免费的啊知乎,0,0,0,0,0
黑神话悟空线下试玩能观看吗视频教程下载,0,0,0,0,0
黑神话悟空线下试玩预告怎么看不了了呀视频,0,0,0,0,0
黑悟空神话试玩在哪,0,0,0,0,0
黑神话悟空线下试玩多少号开始的啊视频教程,0,0,0,0,0
黑神话悟空线下试玩给什么装备好一点啊视频,0,0,0,0,0
黑神话悟空线下试玩在哪儿看到,0,0,0,0,0
黑神话悟空线下试玩预告怎么看的到,0,0,0,0,0
黑神话悟空线下试玩能观看吗视频下载,0,0,0,0,0
黑神话悟空试玩会员多少钱一个g,0,0,0,0,0
黑神话悟空线下试玩预告视频在哪看,0,0,0,0,0
黑神话悟空线下试玩预告视频,0,0,0,0,0
黑悟空神话怎么试玩的啊视频,0,0,0,0,0
黑神话悟空线下试玩测评,0,0,0,0,0
黑神话悟空线下试玩评论在哪看,0,0,0,0,0
黑神话悟空线下试玩有要求吗,0,0,0,0,0
黑神话悟空试玩地点攻略,0,0,0,0,0
黑神话悟空线下试玩多少号开始的啊,0,0,0,0,0
黑神话悟空试玩资格什么时候给的啊知乎推荐,0,0,0,0,0
黑悟空神话怎么试玩视频,0,0,0,0,0
黑神话悟空试玩地点怎么选择的,0,0,0,0,0
黑神话悟空将提供线下试玩版,0,0,0,0,0
黑神话悟空线下试玩文案,0,0,0,0,0
黑神话悟空线下试玩多少号免费下载,0,0,0,0,0
黑神话悟空线下试玩测评怎么过的啊,0,0,0,0,0
黑神话悟空线下试玩1660ti,0,0,0,0,0
黑悟空神话试玩版上线时间,0,0,0,0,0
黑神话悟空试玩全流程,0,0,0,0,0
黑神话悟空试玩关卡,0,0,0,0,0
黑神话悟空科隆游戏展试玩全流程,0,0,0,0,0
如何看待黑神话悟空线下试玩,0,0,0,0,0
黑神话悟空线下试玩boss,0,0,0,0,0
黑神话悟空怎么线下试玩的,0,0,0,0,0
黑神话悟空线下试玩配置,0,0,0,0,0
黑神话悟空杭州线下试玩直播,0,0,0,0,0
黑神话悟空老外试玩评价,0,0,0,0,0
黑神话悟空试玩国外反应,0,0,0,0,0
一张图总结今日黑神话悟空试玩,0,0,0,0,0
黑神话悟空试玩会同款手柄,0,0,0,0,0
黑神话悟空线下试玩完整版,0,0,0,0,0
黑神话悟空试玩五分钟,0,0,0,0,0
黑神话悟空可以试玩了吗,0,0,0,0,0
黑神话悟空线下试玩会怎么样,0,0,0,0,0
黑神话悟空德国试玩,0,0,0,0,0
黑神话悟空最新试玩合集,0,0,0,0,0
黑神话悟空新实机试玩,0,0,0,0,0
黑神话悟空什么时候出试玩版,0,0,0,0,0
b站黑神话悟空线下试玩从哪看,0,0,0,0,0
黑神话悟空在哪个平台试玩的,0,0,0,0,0
黑悟空神话什么时候试玩,0,0,0,0,0
黑神话悟空在哪可以试玩,0,0,0,0,0
游戏主播试玩黑神话悟空,0,0,0,0,0
黑神话悟空试玩评价知乎,0,0,0,0,0
国产游戏黑神话悟空试玩视频对比,0,0,0,0,0
黑神话悟空试玩版,0,0,0,0,0
黑神话悟空试玩下载,0,0,0,0,0
黑神话悟空ps4试玩版,0,0,0,0,0
黑神话悟空怎么试玩,0,0,0,0,0
黑神话悟空试玩视频,0,0,0,0,0
ign小编试玩黑神话悟空却闪退,0,0,0,0,0
黑神话悟空demo试玩,0,0,0,0,0
黑神话悟空8分钟试玩,0,0,0,0,0
黑神话悟空怎样试玩,0,0,0,0,0
黑神话悟空线下试玩代表什么,0,0,0,0,0
黑神话悟空试玩入口,0,0,0,0,0
黑神话悟空8月线下试玩多少钱,0,0,0,0,0
黑神话悟空线下试玩图片大全,0,0,0,0,0
黑神话悟空线下试玩地点在哪看,0,0,0,0,0
黑神话之悟空线下试玩,0,0,0,0,0
黑神话悟空线下试玩日期,0,0,0,0,0
黑神话悟空线下试玩什么时候出结果,0,0,0,0,0
老外试玩黑神话悟空游戏,0,0,0,0,0
黑神话悟空线下试玩会地址,0,0,0,0,0
黑神话悟空在哪里可以试玩啊视频播放,0,0,0,0,0
黑神话悟空线下试玩问卷调查,0,0,0,0,0
黑神话悟空线下试玩在哪儿玩,0,0,0,0,0
黑神话悟空试玩会下架吗知乎,0,0,0,0,0
黑神话悟空试玩地点怎么选择不了,0,0,0,0,0
黑神话悟空杭州线下试玩在哪里,0,0,0,0,0
黑神话悟空线下试玩预告视频在哪看啊,0,0,0,0,0
黑神话悟空试玩可以拍照吗,0,0,0,0,0
黑神话悟空线下试玩短信,0,0,0,0,0
黑神话悟空线下试玩测评怎么样,0,0,0,0,0
黑神话悟空线下试玩多少号开始玩的啊,0,0,0,0,0
黑神话悟空线下试玩多少号开始玩比较好玩,0,0,0,0,0
黑神话悟空线下试玩能观看吗知乎视频全集,0,0,0,0,0
黑神话悟空试玩免费吗安全吗,0,0,0,0,0
黑神话悟空线下试玩测评怎么过的,0,0,0,0,0
黑悟空神话怎么试玩的啊视频教学全集下载,0,0,0,0,0
黑悟空神话怎么试玩的啊视频教学大全下载,0,0,0,0,0
黑悟空神话怎么试玩的啊多少钱一个小时呀,0,0,0,0,0
黑神话悟空试玩地点怎么选择的啊视频下载,0,0,0,0,0
黑神话悟空上线steam试玩,0,0,0,0,0
老外试玩黑神话悟空是真的吗,0,0,0,0,0
怎么试玩黑神话悟空,0,0,0,0,0
黑神话悟空线下试玩技巧,0,0,0,0,0
黑神话悟空线下试玩报告,0,0,0,0,0
黑神话悟空试玩会将开启吗,0,0,0,0,0
黑神话悟空线下试玩地点在哪,0,0,0,0,0
黑神话 悟空试玩,0,0,0,0,0
黑神话悟空首次线下试玩视频,0,0,0,0,0
黑神话悟空线下试玩给什么装备好一点啊,0,0,0,0,0
黑神话悟空线下试玩在哪儿看到的啊,0,0,0,0,0
黑神话悟空线下试玩测评在哪,0,0,0,0,0
黑悟空神话怎么试玩的啊视频教学下载,0,0,0,0,0
黑神话悟空试玩地点怎么选择的啊,0,0,0,0,0
黑神话悟空线下试玩活动怎么玩的快一点,0,0,0,0,0
黑神话悟空线下试玩画面怎么样啊多少钱,0,0,0,0,0
黑悟空神话怎么试玩视频教程全集下载免费,0,0,0,0,0
黑神话悟空线下试玩测评在哪进,0,0,0,0,0
黑悟空神话怎么试玩的啊多少钱啊,0,0,0,0,0
黑神话悟空试玩会员多少钱一年啊怎么用,0,0,0,0,0
黑神话悟空线下试玩给什么装备,0,0,0,0,0
黑悟空神话怎么试玩视频教程,0,0,0,0,0
黑悟空神话怎么试玩的啊多少钱,0,0,0,0,0
黑神话悟空试玩名单攻略,0,0,0,0,0
黑神话悟空试玩会员多少钱一年啊知乎,0,0,0,0,0
黑神话悟空线下试玩报名人数,0,0,0,0,0
黑神话悟空线下试玩评论在哪找到,0,0,0,0,0
黑神话悟空试玩名单,0,0,0,0,0
黑神话悟空线下试玩可以传播吗安全吗知乎,0,0,0,0,0
黑神话悟空线下试玩场地,0,0,0,0,0
黑神话悟空线下试玩评论怎么看的到啊,0,0,0,0,0
黑神话悟空试玩完整版,0,0,0,0,0
黑神话悟空线下试玩评论怎么看不到了,0,0,0,0,0
游戏黑神话悟空线下试玩,0,0,0,0,0
黑神话悟空试玩归来,0,0,0,0,0
黑神话悟空怎样试玩视频,0,0,0,0,0
黑神话悟空线下可以试玩多久,0,0,0,0,0
黑神话悟空试玩游侠,0,0,0,0,0
高清版黑神话悟空试玩,0,0,0,0,0
黑神话悟空线下试玩出来后以前唱衰,0,0,0,0,0
黑神话悟空科隆线下试玩外网能玩吗,0,0,0,0,0
黑神话悟空科隆游戏展试玩红牌,0,0,0,0,0
黑神话悟空科隆试玩现场,0,0,0,0,0
黑神话悟空线下试玩在哪里直播,0,0,0,0,0
苏州黑神话悟空线下试玩,0,0,0,0,0
黑神话悟空线下试玩手柄,0,0,0,0,0
长沙黑神话悟空线下试玩会,0,0,0,0,0
哥黑神话悟空试玩,0,0,0,0,0
黑神话悟空试玩体验,0,0,0,0,0
老外看黑神话悟空2023年试玩,0,0,0,0,0
黑神话悟空线下试玩剧情全,0,0,0,0,0
悟空黑神话试玩版下载,0,0,0,0,0
黑神话悟空能不能试玩,0,0,0,0,0
黑神话悟空什么时候开始试玩,0,0,0,0,0
黑神话悟空什么时候上线试玩的,0,0,0,0,0
黑神话悟空试玩演示视频完整版,0,0,0,0,0
黑神话悟空试玩是全部流程么,0,0,0,0,0
黑悟空神话科隆游戏展试玩,0,0,0,0,0
黑神话悟空在哪个平台试玩比较好,0,0,0,0,0
黑神话悟空在哪个平台试玩最好,0,0,0,0,0
黑神话悟空试玩版吉吉国王在哪里,0,0,0,0,0
黑神话悟空实机试玩超清视频,0,0,0,0,0
黑神话悟空外网试玩,0,0,0,0,0
黑神话悟空实机试玩超清,0,0,0,0,0
黑神话悟空哪里下载试玩,0,0,0,0,0
黑悟空神话外国试玩,0,0,0,0,0
黑神话悟空媒体试玩评价解禁,0,0,0,0,0
黑神话悟空外国人试玩,0,0,0,0,0
黑神话悟空残局应用宝试玩,0,0,0,0,0
老外线下排队试玩黑神话悟空,0,0,0,0,0
ps4黑神话悟空试玩,0,0,0,0,0
黑悟空神话试玩,0,0,0,0,0
黑神话: 悟空试玩版怎么下载,0,0,0,0,0
黑神话悟空试玩者是谁,0,0,0,0,0
黑神话: 悟空试玩版在哪下载,0,0,0,0,0
黑神话悟空试玩版手机怎么玩,0,0,0,0,0
黑神话悟空八分钟试玩,0,0,0,0,0
黑神话悟空场景试玩版怎么下载,0,0,0,0,0
ps5 黑神话悟空试玩能下载吗手机,0,0,0,0,0
试玩黑神话悟空,0,0,0,0,0
黑神话 悟空线下试玩,0,0,0,0,0
黑神话悟空线下试玩报名,0,0,0,0,0
黑神话悟空试玩报名,0,0,0,0,0
黑神话悟空线下试玩怎么样,0,0,0,0,0
黑神话悟空线下试玩怎么报名,0,0,0,0,0
黑神话悟空线下试玩资格什么时候,0,0,0,0,0
黑神话悟空线下试玩验证码,0,0,0,0,0
黑神话悟空线下试玩什么时间可以玩,0,0,0,0,0
黑神话悟空8分钟实机试玩,0,0,0,0,0
黑神话悟空试玩会将开启吗知乎,0,0,0,0,0
黑神话悟空试玩会将开启什么模式进入,0,0,0,0,0
黑神话悟空线下试玩什么时间开始玩,0,0,0,0,0
黑神话悟空线下试玩缅甸,0,0,0,0,0
黑神话悟空试玩资格发放,0,0,0,0,0
黑神话悟空线下试玩感受怎么样,0,0,0,0,0
黑神话悟空试玩在哪买,0,0,0,0,0
黑神话悟空线下试玩几号出结果,0,0,0,0,0
黑神话悟空线下试玩细节,0,0,0,0,0
黑神话悟空试玩地点攻略图解,0,0,0,0,0
黑神话悟空线下试玩保密吗安全吗,0,0,0,0,0
黑神话悟空试玩资格什么时候给的,0,0,0,0,0
黑神话悟空试玩名单攻略图,0,0,0,0,0
黑悟空神话千人试玩会,0,0,0,0,0
老外黑神话悟空线下试玩,0,0,0,0,0
黑神话悟空线下试玩评论怎么看的到,0,0,0,0,0
黑神话悟空试玩会,0,0,0,0,0
黑神话悟空线下试玩能观看吗知乎全文,0,0,0,0,0
黑神话悟空演示海外试玩,0,0,0,0,0
黑神话悟空线下试玩保密吗是真的吗,0,0,0,0,0
黑神话悟空线下试玩问卷怎么答,0,0,0,0,0
黑神话悟空线下试玩多少号免费的,0,0,0,0,0
黑神话悟空试玩版怎么样啊知乎,0,0,0,0,0
黑神话悟空线下试玩有直播吗知乎,0,0,0,0,0
黑神话悟空试玩版怎么样啊值得买吗,0,0,0,0,0
黑神话悟空线下试玩画面怎么样啊多少钱一个,0,0,0,0,0
黑神话悟空线下试玩画面怎么样啊知乎,0,0,0,0,0
黑神话悟空线下试玩画面怎么设置的啊,0,0,0,0,0
黑神话悟空线下试玩预告怎么看不了了呢视频,0,0,0,0,0
黑神话悟空线下试玩测评怎么过不了,0,0,0,0,0
黑神话悟空杭州线下试玩会,0,0,0,0,0
黑神话悟空线下试玩评论在哪看啊,0,0,0,0,0
黑神话悟空线下试玩可以传播吗知乎小说,0,0,0,0,0
黑神话悟空线下试玩测评怎么样啊多少钱,0,0,0,0,0
黑神话 悟空 试玩,0,0,0,0,0
黑神话悟空8.20线下试玩,0,0,0,0,0
黑神话悟空线下试玩多少人报名,0,0,0,0,0
黑神话悟空线下试玩录像,0,0,0,0,0
黑神话悟空线下试玩蝎子精,0,0,0,0,0
黑神话悟空试玩最终boss,0,0,0,0,0
黑神话悟空线下试玩如何,0,0,0,0,0
黑神话悟空线下试玩核验码,0,0,0,0,0
黑神话悟空线下试玩时间段,0,0,0,0,0
黑神话 悟空 线下试玩,0,0,0,0,0
悟空黑神话试玩版在哪里下载,0,0,0,0,0
如何评价黑神话悟空线下试玩会,0,0,0,0,0
黑神话悟空线下试玩会虎先锋,0,0,0,0,0
黑神话悟空线下试玩多少号,0,0,0,0,0
黑神话悟空线下试玩杭州,0,0,0,0,0
黑神话悟空线下试玩能观看吗视频教程,0,0,0,0,0
黑神话悟空试玩会员多少钱一个小时呀,0,0,0,0,0
黑神话悟空在哪里可以试玩,0,0,0,0,0
黑神话悟空线下试玩活动怎么玩的啊,0,0,0,0,0
黑神话悟空线上试玩有几次了啊,0,0,0,0,0
黑神话悟空线下试玩给什么装备好一点啊知乎,0,0,0,0,0
黑神话悟空线下试玩活动怎么玩的啊多少钱,0,0,0,0,0
黑神话悟空线下试玩多少号免费的啊,0,0,0,0,0
黑神话悟空试玩地点攻略图文大全,0,0,0,0,0
黑悟空神话怎么试玩的视频教学下载不了,0,0,0,0,0
黑神话悟空线下试玩画面怎么样啊,0,0,0,0,0
黑神话悟空试玩版怎么样,0,0,0,0,0
黑神话悟空怎么参加试玩任务,0,0,0,0,0
黑神话悟空怎么参加试玩模式的,0,0,0,0,0
黑神话悟空试玩可以拍照吗知乎文章,0,0,0,0,0
黑神话悟空线下试玩画面怎么设置不了,0,0,0,0,0
黑神话悟空试玩画面怎么调整,0,0,0,0,0
黑神话悟空steam能下试玩了吗,0,0,0,0,0
黑神话悟空线下试玩外网评价,0,0,0,0,0
黑神话悟空试玩评测,0,0,0,0,0
黑神话悟空科隆游戏展老外试玩,0,0,0,0,0
科隆游戏展2023黑神话悟空试玩,0,0,0,0,0
黑神话悟空科隆试玩5个boss,0,0,0,0,0
参加黑神话悟空线下试玩,0,0,0,0,0
黑神话悟空线下试玩苏州有吗,0,0,0,0,0
黑神话悟空线下试玩会场馆,0,0,0,0,0
黑神话悟空试玩在哪里,0,0,0,0,0
黑神话悟空试玩感受,0,0,0,0,0
黑神话悟空官方试玩,0,0,0,0,0
黑神话悟空试玩链接,0,0,0,0,0
黑神话悟空场景试玩版多少钱一个,0,0,0,0,0
黑神话悟空线下试玩多少钱,0,0,0,0,0
黑神话悟空试玩剧情,0,0,0,0,0
黑神话悟空试玩如何,0,0,0,0,0
黑神话悟空+线下试玩,0,0,0,0,0
黑神话悟空哪里试玩的,0,0,0,0,0
黑神话 悟空 试玩体验,0,0,0,0,0
黑神话悟空外国人试玩视频,0,0,0,0,0
黑神话悟空试玩版吉吉国王,0,0,0,0,0
黑神话悟空可以在xbox试玩吗,0,0,0,0,0
黑神话悟空闭门试玩,0,0,0,0,0
黑悟空神话直播试玩好玩吗,0,0,0,0,0
黑神话悟空腾讯试玩,0,0,0,0,0
外国小哥玩黑神话悟空试玩视频,0,0,0,0,0
上海哪里可以试玩神话黑悟空,0,0,0,0,0
黑神话悟空应用宝试玩视频,0,0,0,0,0
黑神话悟空试玩视频下载,0,0,0,0,0
黑神话悟空试玩版破解补丁下载,0,0,0,0,0
黑神话悟空 试玩,0,0,0,0,0
黑神话悟空试玩官方下载,0,0,0,0,0
黑悟空神话在哪里试玩,0,0,0,0,0
试玩黑悟空神话,0,0,0,0,0
黑神话悟空试玩在哪个平台玩,0,0,0,0,0
黑神话悟空试玩demo,0,0,0,0,0
黑神话悟空试玩在哪下,0,0,0,0,0
黑神话悟空最低配置试玩,0,0,0,0,0
黑神话悟空宣布线下试玩,0,0,0,0,0
黑神话悟空试玩申请结束,0,0,0,0,0
xbox黑神话悟空线下试玩,0,0,0,0,0
黑神话悟空线下试玩地址,0,0,0,0,0
黑神话悟空试玩版怎么下载,0,0,0,0,0
黑神话悟空试玩会将开启什么模式,0,0,0,0,0
黑神话悟空线下试玩怎么去,0,0,0,0,0
黑神话悟空线下试玩直播回放,0,0,0,0,0
黑神话悟空试玩场地,0,0,0,0,0
获得黑神话悟空线下试玩资格,0,0,0,0,0
黑神话悟空为什么线上试玩,0,0,0,0,0
黑神话悟空线下试玩几号公布,0,0,0,0,0
黑神话悟空为什么线上试玩不了,0,0,0,0,0
黑神话悟空线下试玩现场,0,0,0,0,0
黑神话悟空试玩地点怎么选择,0,0,0,0,0
黑神话悟空线下试玩预告怎么看,0,0,0,0,0
悟空黑暗神话试玩版可以玩多久,0,0,0,0,0
黑神话悟空线下试玩什么时间开始的,0,0,0,0,0
黑神话悟空试玩杭州,0,0,0,0,0
黑神话悟空线下试玩预约,0,0,0,0,0
黑神话悟空线下试玩验证码是多少,0,0,0,0,0
黑神话悟空什么时候可以线上试玩,0,0,0,0,0
黑神话悟空首次线下试玩外网,0,0,0,0,0
黑神话悟空杭州线下试玩哪里报名,0,0,0,0,0
黑神话悟空试玩地点攻略图文最新版大全,0,0,0,0,0
黑神话悟空试玩版怎么样啊,0,0,0,0,0
黑悟空神话怎么试玩的视频教学下载安装,0,0,0,0,0
黑悟空神话怎么试玩的啊视频教程,0,0,0,0,0
黑神话悟空试玩地点怎么选择不了了呀,0,0,0,0,0
黑神话悟空试玩地点怎么选的啊知乎推荐,0,0,0,0,0
黑神话悟空线下试玩评论在哪找到的,0,0,0,0,0
黑悟空神话怎么试玩的,0,0,0,0,0
黑神话悟空在哪里报名线下试玩,0,0,0,0,0
黑悟空神话怎么试玩的啊,0,0,0,0,0
黑神话悟空线下试玩在哪看视频,0,0,0,0,0
黑神话悟空线下试玩邀请函,0,0,0,0,0
黑神话悟空线下试玩在哪看,0,0,0,0,0
黑神话悟空试玩会员多少钱一个小时啊,0,0,0,0,0
黑悟空神话千人试玩会下架吗视频,0,0,0,0,0
黑神话悟空线下试玩评论怎么看,0,0,0,0,0
黑神话悟空试玩画面怎么设置,0,0,0,0,0
黑神话悟空线下试玩多少号结束,0,0,0,0,0
黑神话悟空线下试玩评论怎么看的,0,0,0,0,0
黑神话悟空线下试玩多少号结束的,0,0,0,0,0
黑悟空神话怎么试玩的啊视频教程全集,0,0,0,0,0
黑神话悟空线下试玩画面怎么调,0,0,0,0,0
黑神话悟空试玩资格什么时候给的啊知乎,0,0,0,0,0
黑神话悟空线下试玩画面怎么调整,0,0,0,0,0
黑神话悟空线下试玩保密吗安全吗是真的吗,0,0,0,0,0
黑神话悟空线下试玩保密吗是真的吗吗安全吗,0,0,0,0,0
黑神话悟空8.20试玩,0,0,0,0,0
黑神话悟空线下试玩多少号免费的啊知乎推荐,0,0,0,0,0
黑悟空神话怎么试玩的啊视频教程全集下载,0,0,0,0,0
黑神话悟空线下试玩预告视频在哪看到的啊,0,0,0,0,0
黑神话悟空试玩画面怎么调出来的,0,0,0,0,0
黑神话悟空线下试玩画面怎么设置不了了呢,0,0,0,0,0
黑神话悟空线下试玩画面怎么调出来的啊,0,0,0,0,0
黑神话悟空线下试玩是不是免费的呀,0,0,0,0,0
黑神话悟空线下试玩图片高清,0,0,0,0,0
黑神话悟空首次线下试玩会返场吗,0,0,0,0,0
黑神话悟空试玩4k,0,0,0,0,0
黑神话悟空科隆游戏展现场试玩,0,0,0,0,0
黑神话悟空怎么线下试玩,0,0,0,0,0
杭州黑神话悟空线下试玩会员多少钱,0,0,0,0,0
德国黑神话悟空线下试玩,0,0,0,0,0
国外黑神话悟空试玩,0,0,0,0,0
黑神话悟空线下试玩boss难易排行,0,0,0,0,0
黑神话悟空线下试玩主播有哪些,0,0,0,0,0
黑神话悟空试玩攻略,0,0,0,0,0
黑神话悟空820线下试玩会,0,0,0,0,0
黑神话悟空试玩解说,0,0,0,0,0
黑神话悟空传试玩,0,0,0,0,0
ps5 黑神话悟空试玩能下载吗手机上,0,0,0,0,0
如何评价黑神话悟空的试玩视频,0,0,0,0,0
黑神话悟空 试玩资格,0,0,0,0,0
黑神话悟空老外试玩视频,0,0,0,0,0
黑神话悟空最终试玩体验确实稳了,0,0,0,0,0
黑神话悟空全流程试玩,0,0,0,0,0
黑神话悟空试玩版本下载,0,0,0,0,0
黑神话悟空开发者辱女抱怨试玩版没女性角色,0,0,0,0,0
黑神话悟空吉吉国王试玩版中文版,0,0,0,0,0
黑神话悟空首日封面新闻在线试玩,0,0,0,0,0
黑神话悟空试玩什么时候出,0,0,0,0,0
黑神话: 悟空试玩,0,0,0,0,0
大司马试玩黑神话悟空,0,0,0,0,0
黑神话悟空免费试玩,0,0,0,0,0
黑神话悟空 试玩版,0,0,0,0,0
黑神话悟空pc试玩版,0,0,0,0,0
黑神话悟空线下试玩会报名,0,0,0,0,0
黑神话悟空线下试玩地点,0,0,0,0,0
黑神话悟空线下试玩狮驼岭,0,0,0,0,0
黑神话悟空线下试玩会时间安卓版,0,0,0,0,0
悟空黑神话线下试玩,0,0,0,0,0
黑神话悟空线下试玩可以传播吗知乎文章,0,0,0,0,0
黑神话悟空线下试玩测评怎么过不了呢,0,0,0,0,0
黑神话悟空线下试玩有直播吗安全吗是真的吗,0,0,0,0,0
黑神话悟空线下试玩保密吗是真的吗知乎视频,0,0,0,0,0
黑神话悟空线下试玩评论在哪找啊怎么关闭,0,0,0,0,0
黑神话悟空线下试玩电脑配置,0,0,0,0,0
黑神话悟空试玩地点怎么选的啊,0,0,0,0,0
黑悟空神话千人试玩会下架吗,0,0,0,0,0
黑神话悟空试玩地点攻略图,0,0,0,0,0
黑悟空神话怎么试玩的啊视频下载安装教程,0,0,0,0,0
黑神话悟空线下试玩时间,0,0,0,0,0
黑神话悟空线下试玩评论在哪找啊,0,0,0,0,0
黑神话悟空线下试玩在哪儿,0,0,0,0,0
黑悟空神话怎么试玩的啊多少钱一个小时,0,0,0,0,0
黑神话悟空试玩可以拍照吗视频教程,0,0,0,0,0
黑神话悟空线下试玩可以传播吗,0,0,0,0,0
黑悟空神话怎么试玩的啊多少钱一次,0,0,0,0,0
黑悟空神话怎么试玩的啊视频下载,0,0,0,0,0
黑神话悟空试玩拍摄,0,0,0,0,0
黑神话悟空线下试玩外国人评论,0,0,0,0,0
教学如何试玩黑神话悟空,0,0,0,0,0
黑神话悟空试玩会员多少钱一个小时,0,0,0,0,0
黑神话悟空试玩资格没收到,0,0,0,0,0
黑神话悟空线下试玩活动怎么玩不了,0,0,0,0,0
黑悟空神话怎么试玩的视频教程,0,0,0,0,0
黑神话悟空首次线下试玩门票,0,0,0,0,0
黑神话悟空试玩地点,0,0,0,0,0
黑神话悟空试玩会封号吗,0,0,0,0,0
黑神话悟空试玩名单在哪,0,0,0,0,0
黑神话悟空试玩地点攻略图文最新版下载,0,0,0,0,0
黑神话悟空线下试玩测评怎么样啊,0,0,0,0,0
黑悟空神话怎么试玩视频教程全集下载手机版,0,0,0,0,0
黑神话悟空怎么参加试玩任务的,0,0,0,0,0
黑悟空神话怎么试玩视频教程全集免费版,0,0,0,0,0
黑神话悟空试玩地点怎么选择不了了呢,0,0,0,0,0
黑神话悟空试玩地点怎么选择的啊视频,0,0,0,0,0
黑神话悟空线下试玩测评怎么过,0,0,0,0,0
黑神话悟空线下试玩时间多久,0,0,0,0,0
黑神话悟空首次线下试玩申请,0,0,0,0,0
黑神话悟空线下试玩什么时间结束的,0,0,0,0,0
黑神话悟空线下试玩结果,0,0,0,0,0
黑神话悟空线下试玩几号结束,0,0,0,0,0
黑神话悟空线上试玩资格,0,0,0,0,0
黑神话悟空线下试玩报名地址,0,0,0,0,0
黑神话之悟空 试玩,0,0,0,0,0
黑神话悟空线下试玩几号开始,0,0,0,0,0
黑神话悟空试玩问卷,0,0,0,0,0
黑神话之悟空试玩,0,0,0,0,0
黑神话悟空试玩会将开启什么模式呢,0,0,0,0,0
黑神话悟空试玩在哪,0,0,0,0,0
黑神话:悟空线下试玩会活动,0,0,0,0,0
黑神话悟空最低配置试玩多少钱,0,0,0,0,0
黑神话+悟空+线下试玩,0,0,0,0,0
黑神话悟空试玩游侠怎么玩,0,0,0,0,0
黑神话悟空外国试玩,0,0,0,0,0
德国科隆游戏展黑神话悟空试玩,0,0,0,0,0
黑神话悟空线下试玩直播科隆,0,0,0,0,0
黑神话悟空科隆游戏试玩直播,0,0,0,0,0
黑神话悟空上海线下试玩,0,0,0,0,0
黑神话悟空线下试玩主播,0,0,0,0,0
外国人试玩黑神话悟空,0,0,0,0,0
国外评价黑神话悟空线下试玩,0,0,0,0,0
黑神话悟空线下试玩直播全过程,0,0,0,0,0
杭州黑神话悟空线下试玩会,0,0,0,0,0
黑神话悟空线下试玩会广州,0,0,0,0,0
黑神话悟空试玩表情包,0,0,0,0,0
黑神话悟空试玩版本,0,0,0,0,0
黑神话悟空demo试玩怎么下,0,0,0,0,0
黑神话悟空试玩怎么样,0,0,0,0,0
黑神话悟空在线试玩,0,0,0,0,0
黑神话悟空试玩搞笑视频,0,0,0,0,0
黑神话悟空试玩配置,0,0,0,0,0
ps5游戏黑神话悟空试玩,0,0,0,0,0
黑神话悟空线下试玩会是真的吗,0,0,0,0,0
黑神话悟空可以下载试玩吗,0,0,0,0,0
黑神话悟空试玩版本 下载,0,0,0,0,0
黑神话悟空试玩版在哪里下载,0,0,0,0,0
黑神话悟空吉吉国王试玩版,0,0,0,0,0
画面惊艳黑神话悟空试玩画面曝光,0,0,0,0,0
四大天王黑神话悟空试玩,0,0,0,0,0
黑神话悟空吉吉国王试玩版视视频,0,0,0,0,0
黑神话悟空吉吉国王试玩版在线玩,0,0,0,0,0
下载黑神话悟空试玩视频,0,0,0,0,0
黑神话悟空试玩版在线玩网页版,0,0,0,0,0
黑神话悟空吉吉国王试玩版在线玩免费版,0,0,0,0,0
