"""黑神话悟空""+""官网""的长尾词",长尾词数,竞价词数,全网指数,PC日均流量,移动日均流量
黑神话悟空官网,154,206,1939,0,0
黑神话悟空官网进入攻略,0,0,0,0,0
黑神话悟空官网版下载,0,0,0,0,0
黑神话悟空官网地址一览,0,0,0,0,0
黑神话悟空官网版预约,0,0,0,0,0
黑神话悟空官网地址在哪,0,0,0,0,0
黑神话悟空官网正式版预约,0,0,0,0,0
黑暗神话悟空官网,0,0,0,0,0
黑神话悟空官网价格,0,0,0,0,0
黑神话悟空官网壁纸,0,0,0,0,0
黑神话悟空官网上市公司,0,0,0,0,0
黑神话悟空官网谁做的广告,0,0,0,0,0
黑神话悟空官网免费下载,0,0,0,0,0
黑神话悟空官网下载安装最新版,0,0,0,0,0
黑神话悟空官网攻略手游版,0,0,0,0,0
黑神话悟空官网攻略手游下载,0,0,0,0,0
黑神话悟空官网网址是多少,0,0,0,0,0
黑神话悟空官网最新版下载手机,0,0,0,0,0
黑神话悟空官网最新,0,0,0,0,0
黑神话悟空官网最新破解版中文下载,0,0,0,0,0
黑神话悟空官网最新版本是多少级的啊视频,0,0,0,0,0
黑神话悟空官网最新破解版中文,0,0,0,0,0
黑神话悟空官网最新版下载手机安装不了,0,0,0,0,0
黑神话悟空官网最新版本下载,0,0,0,0,0
黑神话悟空官网直播在哪看,0,0,0,0,0
黑神话悟空官网网址是什么呀怎么下载,0,0,0,0,0
黑神话悟空官网如何试玩,0,0,0,0,0
黑神话悟空官网网址是什么啊英文名,0,0,0,0,0
黑神话悟空官网如何试玩账号和密码呢,0,0,0,0,0
黑神话悟空官网免费下载中文版,0,0,0,0,0
黑神话悟空官网破解版,0,0,0,0,0
黑神话悟空官网更新内容一览视频最新,0,0,0,0,0
黑神话悟空官网链接,0,0,0,0,0
黑神话悟空官网谁做的广告啊多少钱,0,0,0,0,0
黑神话悟空官网攻略手游版本,0,0,0,0,0
黑神话悟空官网wegame,0,0,0,0,0
黑神话悟空官网电脑配置检测,0,0,0,0,0
黑神话悟空官网电脑配置要求,0,0,0,0,0
黑神话悟空官网剧情详解,0,0,0,0,0
黑神话悟空官网合作公司,0,0,0,0,0
黑神话悟空官网预约地址分享,0,0,0,0,0
黑神话悟空官网版预约下载,0,0,0,0,0
黑暗神话悟空官网版,0,0,0,0,0
黑神话悟空官网预约入口分析,0,0,0,0,0
黑神话悟空官网进不去怎么回事,0,0,0,0,0
黑神话悟空官网版试玩预约,0,0,0,0,0
黑神话悟空官网手机版,0,0,0,0,0
黑神话悟空官网宣传片,0,0,0,0,0
黑神话悟空官网主页,0,0,0,0,0
游戏科学黑神话悟空官网,0,0,0,0,0
黑神话悟空官网攻略大全下载,0,0,0,0,0
黑神话悟空官网关注,0,0,0,0,0
黑神话悟空官网曝光,0,0,0,0,0
黑神话悟空官网线下试玩,0,0,0,0,0
黑神话悟空官网网址是什么呀,0,0,0,0,0
黑神话悟空官网最新版本是多少啊下载安装包,0,0,0,0,0
黑神话悟空官网最新破解版下载安装,0,0,0,0,0
黑神话悟空官网最新破解版下载安装中文,0,0,0,0,0
黑神话悟空官网最新破解版下载教程视频,0,0,0,0,0
黑神话悟空官网最新版,0,0,0,0,0
黑神话悟空官网最新破解版下载安装教程苹果,0,0,0,0,0
黑神话悟空官网发售时间表下载,0,0,0,0,0
黑神话悟空官网最新版本下载苹果手机安装,0,0,0,0,0
黑神话悟空官网最新版本下载手机安装教程,0,0,0,0,0
黑神话悟空官网最新版本是多少啊视频教程,0,0,0,0,0
黑神话悟空官网最新版本是多少级的啊,0,0,0,0,0
黑神话悟空官网最新版本下载手机安装不了,0,0,0,0,0
黑神话悟空官网最新版本是多少级的游戏,0,0,0,0,0
黑神话悟空官网ps5,0,0,0,0,0
黑神话悟空官网发售时间表最新,0,0,0,0,0
黑神话悟空官网更新内容一览视频全部,0,0,0,0,0
黑神话悟空官网更新内容一览视频教程,0,0,0,0,0
黑神话悟空官网更新内容一览视频教学,0,0,0,0,0
黑神话悟空官网维护手册,0,0,0,0,0
黑神话悟空官网最新演示视频,0,0,0,0,0
黑神话悟空官网购买后里面还需要购买道具吗,0,0,0,0,0
黑神话悟空官网购买人数,0,0,0,0,0
黑神话悟空官网版手游下载,0,0,0,0,0
黑神话悟空官网电脑配置检测在哪里使用,0,0,0,0,0
黑神话悟空官网与制作背景详解,0,0,0,0,0
黑神话悟空官网是多少,0,0,0,0,0
黑神话悟空官网在哪,0,0,0,0,0
黑神话悟空官网地址在哪里,0,0,0,0,0
黑神话中悟空官网怎么进入,0,0,0,0,0
黑神话悟空官网截图,0,0,0,0,0
黑神话悟空官网游戏科学,0,0,0,0,0
黑神话悟空官网电视,0,0,0,0,0
国产单机黑神话悟空官网,0,0,0,0,0
黑神话悟空官网什么时候发售,0,0,0,0,0
黑神话悟空官网试玩,0,0,0,0,0
黑神话悟空官网最新消息,0,0,0,0,0
黑神话悟空官网制作人,0,0,0,0,0
黑神话悟空官网游戏视频下载,0,0,0,0,0
黑神话悟空官网简介,0,0,0,0,0
黑神话悟空官网爆料,0,0,0,0,0
黑神话悟空官网下载安装,0,0,0,0,0
黑神话悟空官网下载安装最新版苹果,0,0,0,0,0
黑神话悟空官网下载安装手机版苹果,0,0,0,0,0
黑神话悟空官网谁做的广告好,0,0,0,0,0
黑神话悟空官网页面更新,0,0,0,0,0
黑神话悟空官网如何试玩游戏模式,0,0,0,0,0
黑神话悟空官网如何试玩游戏,0,0,0,0,0
黑神话悟空官网网址是什么,0,0,0,0,0
黑神话悟空官网如何试玩的啊视频教学,0,0,0,0,0
黑神话悟空官网网址是什么呀怎么下载不了,0,0,0,0,0
黑神话悟空官网最新版下载安装教程视频,0,0,0,0,0
黑神话悟空官网最新破解版下载安装苹果,0,0,0,0,0
黑神话悟空官网最新版下载安装苹果手机,0,0,0,0,0
黑神话悟空官网最新版下载手机安装教程,0,0,0,0,0
黑神话悟空官网最新版本下载安装教程,0,0,0,0,0
黑神话悟空官网最新版下载安装教程手机视频,0,0,0,0,0
黑神话悟空官网最新版本是多少啊视频教学,0,0,0,0,0
黑神话悟空官网最新版本是多少啊下载安装,0,0,0,0,0
黑神话悟空官网最新版本是多少级的啊知乎,0,0,0,0,0
黑神话悟空官网最新版本,0,0,0,0,0
黑神话悟空官网最新破解版下载教程安装,0,0,0,0,0
黑神话悟空官网最新版下载安装苹果,0,0,0,0,0
黑神话悟空官网最新版本是多少啊,0,0,0,0,0
黑神话悟空官网最新版本下载手机,0,0,0,0,0
黑神话之悟空官网视频,0,0,0,0,0
黑神话悟空官网预售为什么找不到,0,0,0,0,0
黑神话悟空官网维护在哪里,0,0,0,0,0
黑神话悟空官网新图,0,0,0,0,0
黑神话悟空官网更新内容一览视频下载,0,0,0,0,0
黑神话悟空官网谁做的广告最多啊,0,0,0,0,0
黑神话悟空官网攻略大全下载手机版,0,0,0,0,0
黑神话悟空官网攻略大全最新下载,0,0,0,0,0
黑神话悟空官网购买后里面还需要购买吗,0,0,0,0,0
黑神话悟空官网电脑配置检测视频教程,0,0,0,0,0
黑神话悟空官网地址分享,0,0,0,0,0
黑神话悟空官网版,0,0,0,0,0
黑神话悟空官网是什么,0,0,0,0,0
黑神话悟空官网怎么进入,0,0,0,0,0
黑神话之悟空官网,0,0,0,0,0
黑神话悟空官网下载安卓版app,0,0,0,0,0
黑神话悟空官网预约地址在哪,0,0,0,0,0
黑神话悟空官网版最新预约,0,0,0,0,0
黑神话悟空官网版测试预约,0,0,0,0,0
黑神话悟空官网预约地址,0,0,0,0,0
黑神话:悟空官网,0,0,0,0,0
黑神话悟空官网平台,0,0,0,0,0
黑神话 悟空官网下载,0,0,0,0,0
黑神话之悟空官网唯一正版,0,0,0,0,0
黑神话悟空官网视频是4k吗,0,0,0,0,0
黑神话悟空官网啥时候发售,0,0,0,0,0
黑神话悟空官网图,0,0,0,0,0
黑神话悟空官网贺岁,0,0,0,0,0
黑神话悟空官网打不开,0,0,0,0,0
黑神话悟空官网配置要求,0,0,0,0,0
黑神话悟空官网预售,0,0,0,0,0
黑神话悟空官网入口,0,0,0,0,0
黑神话悟空官网需要什么配置,0,0,0,0,0
黑神话悟空官网下载安装手机版,0,0,0,0,0
黑神话悟空官网更新内容一览视频,0,0,0,0,0
黑神话悟空官网爆料网站,0,0,0,0,0
黑神话悟空官网直播在哪,0,0,0,0,0
国产3a大作黑神话悟空官网,0,0,0,0,0
黑神话悟空官网如何试玩的啊视频下载,0,0,0,0,0
黑神话悟空官网如何试玩游戏视频,0,0,0,0,0
黑神话悟空官网最新版本是多少级,0,0,0,0,0
黑神话悟空官网最新版本下载苹果,0,0,0,0,0
黑神话悟空官网最新版下载,0,0,0,0,0
黑神话悟空官网最新破解版下载,0,0,0,0,0
黑神话悟空官网最新破解版中文下载安卓手机,0,0,0,0,0
黑神话悟空官网最新破解版下载教程视频全集,0,0,0,0,0
黑神话悟空官网最新版本是多少啊下载,0,0,0,0,0
黑神话悟空官网最新版本下载安装苹果手机,0,0,0,0,0
黑神话悟空官网最新破解版下载教程安装苹果,0,0,0,0,0
黑神话悟空官网蜘蛛精五妹,0,0,0,0,0
黑神话悟空官网能下载吗,0,0,0,0,0
黑神话悟空官网攻略手游下载地址,0,0,0,0,0
黑神话悟空官网攻略大全下载安装,0,0,0,0,0
黑神话悟空官网steam,0,0,0,0,0
黑神话悟空官网视频下载,0,0,0,0,0
黑神话悟空官网电话是多少客服,0,0,0,0,0
黑暗神话悟空官网首页,0,0,0,0,0
黑神话悟空官网网址,0,0,0,0,0
黑色神话悟空官网版,0,0,0,0,0
黑神话悟空官网中文手机版,0,0,0,0,0
黑神话悟空官网地址介绍,0,0,0,0,0
神话黑悟空官网,0,0,0,0,0
黑神话悟空官网视频,0,0,0,0,0
黑神话悟空官网设计图,0,0,0,0,0
黑神话悟空官网是手游吗,0,0,0,0,0
黑神话悟空官网进入,0,0,0,0,0
黑神话悟空官网概念图,0,0,0,0,0
黑神话悟空官网配置需求,0,0,0,0,0
黑神话悟空官网视频开场白,0,0,0,0,0
黑神话悟空官网维护,0,0,0,0,0
黑神话悟空官网爆料是真的吗,0,0,0,0,0
黑神话悟空官网问卷,0,0,0,0,0
如何进入黑神话悟空官网,0,0,0,0,0
黑神话悟空官网如何试玩的啊视频教程下载,0,0,0,0,0
黑神话悟空官网如何试玩的啊视频教学下载,0,0,0,0,0
黑神话悟空官网如何试玩的啊视频教程全集,0,0,0,0,0
黑神话悟空官网网址是什么啊,0,0,0,0,0
黑神话悟空官网图鉴,0,0,0,0,0
黑神话悟空官网最新版本是多少啊下载安卓,0,0,0,0,0
黑神话悟空官网最新破解版下载中文免费安装,0,0,0,0,0
黑神话悟空官网最新版本下载安装手机桌面,0,0,0,0,0
黑神话悟空官网最新版本下载苹果手机安装包,0,0,0,0,0
黑神话悟空官网最新破解版下载安装教程视频,0,0,0,0,0
黑神话悟空官网最新破解版中文下载安装教程,0,0,0,0,0
黑神话悟空官网最新破解版下载安装教程,0,0,0,0,0
黑神话悟空官网最新版本下载安装苹果,0,0,0,0,0
黑神话悟空官网最新版下载安装,0,0,0,0,0
黑神话悟空官网发售,0,0,0,0,0
黑神话悟空官网预购多少钱,0,0,0,0,0
黑神话悟空官网攻略大全最新版本,0,0,0,0,0
黑神话悟空官网游戏攻略,0,0,0,0,0
黑神话悟空官网配置推荐,0,0,0,0,0
黑神话悟空官网电话是多少,0,0,0,0,0
黑神话悟空官网什么时候能玩啊,0,0,0,0,0
黑神话悟空官网电脑配置一定要独立显卡吗,0,0,0,0,0
黑神话悟空官网提起预约打折是真的吗,0,0,0,0,0
黑神话悟空官网版下载安装,0,0,0,0,0
黑神话悟空官网免费激活码,0,0,0,0,0
黑神话悟空官网地址入口,0,0,0,0,0
黑神话悟空官网在哪里,0,0,0,0,0
黑神话悟空官网地址,0,0,0,0,0
黑神话悟空官网礼包,0,0,0,0,0
黑神话悟空官网公司,0,0,0,0,0
黑神话悟空官网用什么电脑测试的,0,0,0,0,0
黑神话悟空官网更新内容一览图,0,0,0,0,0
黑神话悟空官网攻略大全手机版,0,0,0,0,0
黑神话悟空官网谁做的广告啊,0,0,0,0,0
黑神话悟空官网文字,0,0,0,0,0
黑神话悟空官网地址多少,0,0,0,0,0
黑神话悟空官网直播,0,0,0,0,0
黑神话悟空官网如何试玩账号的登录,0,0,0,0,0
黑神话悟空官网如何试玩游戏模式的视频,0,0,0,0,0
黑神话悟空官网如何试玩账号和密码,0,0,0,0,0
黑神话悟空官网如何试玩的啊视频教程,0,0,0,0,0
黑神话悟空官网发售时间表,0,0,0,0,0
黑神话悟空官网最新破解版下载中文免费,0,0,0,0,0
黑神话悟空官网最新版本下载手机安装,0,0,0,0,0
黑神话悟空官网电脑配置推荐,0,0,0,0,0
黑神话悟空官网攻略大全手机版下载,0,0,0,0,0
黑神话悟空官网谁做的广告好啊,0,0,0,0,0
黑神话悟空官网谁做的广告啊视频,0,0,0,0,0
黑神话悟空官网购买教程,0,0,0,0,0
黑神话悟空官网能联网吗,0,0,0,0,0
黑神话悟空官网衣服,0,0,0,0,0
黑神话悟空官网有几个结局,0,0,0,0,0
黑神话悟空官网攻略最新,0,0,0,0,0
黑神话悟空官网ps5国行中文版,0,0,0,0,0
黑神话悟空官网涉及到山西哪几个县,0,0,0,0,0
黑神话悟空官网客服电话是多少,0,0,0,0,0
黑神话悟空官网需要氪金吗,0,0,0,0,0
黑神话悟空官网宣传片画质,0,0,0,0,0
黑神话悟空官网性能测试工具,0,0,0,0,0
黑神话悟空官网下载,0,0,0,0,0
黑神话悟空官网中文手机版预约,0,0,0,0,0
黑神话悟空官网最新下载,0,0,0,0,0
黑神话悟空官网手游,0,0,0,0,0
黑暗神话悟空官网版最新游戏预约,0,0,0,0,0
黑神话悟空官网预约地址介绍,0,0,0,0,0
黑神话悟空官网在哪个平台,0,0,0,0,0
黑神话悟空官网招聘,0,0,0,0,0
黑神话悟空悟空官网,0,0,0,0,0
黑神话悟空官网多少钱,0,0,0,0,0
黑神话悟空官网图片,0,0,0,0,0
黑神话悟空官网宣传视频,0,0,0,0,0
黑神话: 悟空官网,0,0,0,0,0
黑神话悟空官网工作室,0,0,0,0,0
黑暗神话之悟空官网,0,0,0,0,0
黑神话悟空官网全部视频,0,0,0,0,0
黑神话悟空官网demo,0,0,0,0,0
黑神话悟空官网攻略手游,0,0,0,0,0
黑神话悟空官网更新内容一览,0,0,0,0,0
黑神话悟空官网攻略大全,0,0,0,0,0
黑神话悟空官网更新,0,0,0,0,0
黑神话悟空官网攻略大全最新,0,0,0,0,0
黑神话悟空官网如何试玩的,0,0,0,0,0
黑神话悟空官网如何试玩游戏的模式,0,0,0,0,0
黑神话悟空官网如何试玩的啊视频,0,0,0,0,0
黑神话悟空官网如何试玩游戏模式的,0,0,0,0,0
黑神话悟空官网如何试玩账号的,0,0,0,0,0
黑神话悟空官网最新版本是多少级的游戏啊,0,0,0,0,0
黑神话悟空官网最新破解版中文下载安卓,0,0,0,0,0
黑神话悟空官网最新破解版下载教程安装中文,0,0,0,0,0
黑神话悟空官网最新版下载手机安装教程苹果,0,0,0,0,0
黑神话悟空官网最新版本是多少啊视频,0,0,0,0,0
黑神话悟空官网最新版下载手机安装,0,0,0,0,0
黑神话悟空官网预告片,0,0,0,0,0
黑神话悟空官网发售时间是多少,0,0,0,0,0
黑神话悟空官网爆料视频下载,0,0,0,0,0
黑神话悟空官网爆料视频大全,0,0,0,0,0
黑神话悟空官网更新内容一览视频在线观看,0,0,0,0,0
黑神话悟空官网谁做的广告好看,0,0,0,0,0
黑神话悟空官网攻略大全手机版免费下载,0,0,0,0,0
黑神话悟空官网攻略手游下载安装,0,0,0,0,0
黑神话悟空官网攻略大全最新版,0,0,0,0,0
黑神话悟空官网电脑配置检测在哪里,0,0,0,0,0
黑神话悟空官网客服电话,0,0,0,0,0
黑神话悟空官网steam和weggame,0,0,0,0,0
黑神话悟空官网cg,0,0,0,0,0
黑神话悟空官网电脑配置推荐2024最新版,0,0,0,0,0
黑色神话悟空官网下载,0,0,0,0,0
黑神话悟空官网电脑配置检测工具,0,0,0,0,0
黑神话之悟空官网版,0,0,0,0,0
黑神话悟空官网下载在哪里,0,0,0,0,0
黑神话悟空官网进不去怎么解决,0,0,0,0,0
黑神话悟空官网如何预约,0,0,0,0,0
黑神话悟空官网正式版手游预约,0,0,0,0,0
黑神话悟空官网正版预约,0,0,0,0,0
泥土大同黑神话悟空官网,0,0,0,0,0
黑神话悟空官网进不去,0,0,0,0,0
黑神话悟空官网原画,0,0,0,0,0
黑神话悟空官网发售时间,0,0,0,0,0
黑神话悟空官网废稿,0,0,0,0,0
黑色神话悟空官网,0,0,0,0,0
黑神话悟空官网bug,0,0,0,0,0
黑神话悟空官网谁做的,0,0,0,0,0
黑神话悟空官网谁做的广告最多,0,0,0,0,0
黑神话悟空官网爆料视频,0,0,0,0,0
黑神话悟空官网如何试玩的啊,0,0,0,0,0
黑神话悟空官网如何试玩账号,0,0,0,0,0
黑神话悟空官网如何试玩游戏的,0,0,0,0,0
黑神话悟空官网demo下载,0,0,0,0,0
黑神话悟空官网最新版本是多少级的,0,0,0,0,0
黑神话悟空官网最新版本下载安装苹果11,0,0,0,0,0
黑神话悟空官网最新版下载手机安装教程视频,0,0,0,0,0
黑神话悟空官网如何试玩的啊视频下载安装,0,0,0,0,0
黑神话悟空官网如何试玩游戏模式视频,0,0,0,0,0
黑神话悟空官网如何试玩游戏视频教程,0,0,0,0,0
黑神话悟空官网最新破解版下载中文,0,0,0,0,0
黑神话悟空官网最新版下载安装教程手机,0,0,0,0,0
黑神话悟空官网最新版本是多少,0,0,0,0,0
黑神话悟空官网最新破解版下载安装苹果手机,0,0,0,0,0
黑神话之悟空官网什么时候出,0,0,0,0,0
黑神话悟空官网电脑配置,0,0,0,0,0
黑神话悟空官网爆料视频最新,0,0,0,0,0
黑神话悟空官网实测视频,0,0,0,0,0
黑神话悟空官网攻略大全下载最新版,0,0,0,0,0
黑神话悟空官网攻略手游下载最新版,0,0,0,0,0
黑神话悟空官网谁做的广告啊呢,0,0,0,0,0
黑神话悟空官网版游戏介绍,0,0,0,0,0
黑神话悟空官网谁做的广告好用,0,0,0,0,0
黑神话悟空官网更新内容一览图片大全,0,0,0,0,0
黑神话悟空官网steam售价,0,0,0,0,0
黑神话悟空官网测试工具免费版,0,0,0,0,0
黑神话悟空官网激活码最新,0,0,0,0,0
黑神话悟空官网最新宣传片,0,0,0,0,0
黑神话悟空官网怎么预约,0,0,0,0,0
黑神话悟空官网游戏预约,0,0,0,0,0
抖音黑神话之悟空官网版,0,0,0,0,0
黑神话悟空官网地址是什么,0,0,0,0,0
黑神话 悟空官网,0,0,0,0,0
黑神话悟空官网剧情,0,0,0,0,0
黑神话悟空官网配置,0,0,0,0,0
国游黑神话悟空官网,0,0,0,0,0
黑神话悟空官网最新破解版中文下载安装,0,0,0,0,0
黑神话悟空官网最新版下载安装手机,0,0,0,0,0
黑神话悟空官网最新版下载安装教程视频大全,0,0,0,0,0
黑神话悟空官网最新版本下载安装教程视频,0,0,0,0,0
黑神话悟空官网网址是什么啊怎么下载,0,0,0,0,0
黑神话悟空官网网址是什么啊英文版,0,0,0,0,0
黑神话悟空官网高清,0,0,0,0,0
黑神话悟空官网免费下载手机版,0,0,0,0,0
黑神话悟空官网隐藏图,0,0,0,0,0
黑神话悟空官网可以购买吗,0,0,0,0,0
黑神话悟空官网爆料视频在线观看,0,0,0,0,0
黑神话悟空官网实体收藏版,0,0,0,0,0
黑神话悟空官网谁做的广告好一点,0,0,0,0,0
黑神话悟空官网谁做的广告最多了,0,0,0,0,0
黑神话悟空官网攻略手游版在线玩,0,0,0,0,0
黑神话悟空官网攻略大全最新破解版,0,0,0,0,0
黑神话悟空官网谁做的广告好推荐,0,0,0,0,0
黑神话悟空官网攻略手游版下载,0,0,0,0,0
黑神话悟空官网攻略大全最新中文版,0,0,0,0,0
黑神话悟空官网发布新图,0,0,0,0,0
黑神话悟空官网可以卖装备吗,0,0,0,0,0
黑神话悟空官网浮屠上层崩溃怎么办,0,0,0,0,0
黑神话悟空官网视频合集最新,0,0,0,0,0
黑神话悟空官网在外网火不火,0,0,0,0,0
黑神话悟空官网客服在哪里找,0,0,0,0,0
黑神话悟空官网怎么下载,0,0,0,0,0
黑神话悟空官网版apk下载,0,0,0,0,0
黑神话悟空官网版手游,0,0,0,0,0
黑神话悟空官网进不去怎么办,0,0,0,0,0
黑神话之悟空官网唯一正版预约,0,0,0,0,0
黑神话悟空官网什么时候出,0,0,0,0,0
黑神话悟空官网手机版截图,0,0,0,0,0
黑神话悟空官网什么时候能玩,0,0,0,0,0
黑神话悟空官网售价,0,0,0,0,0
黑神话悟空官网heishenhua,0,0,0,0,0
黑神话悟空官网演示,0,0,0,0,0
黑神话悟空官网叫什么,0,0,0,0,0
黑神话悟空官网最新情况,0,0,0,0,0
黑神话悟空官网开发商,0,0,0,0,0
黑神话悟空官网攻略,0,0,0,0,0
黑神话悟空官网游戏,0,0,0,0,0
黑神话悟空官网下载安装手机版最新,0,0,0,0,0
黑神话悟空官网下载安装最新版本,0,0,0,0,0
黑神话悟空官网预约,0,0,0,0,0
黑神话:悟空官网预约,0,0,0,0,0
黑神话悟空官网直播在线观看,0,0,0,0,0
黑神话悟空官网网址是什么啊英文,0,0,0,0,0
黑神话悟空官网最新版本是多少啊视频下载,0,0,0,0,0
黑神话悟空官网最新版本下载安装手机,0,0,0,0,0
黑神话悟空官网最新版下载安装教程,0,0,0,0,0
黑神话悟空官网最新版本下载安装,0,0,0,0,0
黑神话悟空官网最新破解版下载教程视频大全,0,0,0,0,0
黑神话悟空官网最新版本下载苹果手机,0,0,0,0,0
黑神话悟空官网最新破解版中文下载安装苹果,0,0,0,0,0
黑神话悟空官网最新破解版,0,0,0,0,0
黑神话悟空官网最新破解版下载教程,0,0,0,0,0
黑神话悟空官网预购,0,0,0,0,0
黑神话悟空官网免费下载安装,0,0,0,0,0
黑神话悟空官网更新截图,0,0,0,0,0
黑神话悟空官网是网游还是单机,0,0,0,0,0
黑神话悟空官网定价页面,0,0,0,0,0
黑神话悟空官网爆料视频在线看,0,0,0,0,0
黑神话悟空官网介绍,0,0,0,0,0
黑神话悟空官网更新内容一览图最新版,0,0,0,0,0
黑神话悟空官网发售多少套,0,0,0,0,0
黑神话悟空官网攻略大全手机版最新版,0,0,0,0,0
黑神话悟空官网攻略手游版官方,0,0,0,0,0
黑神话悟空官网制作团队信息,0,0,0,0,0
黑神话悟空官网手机版下载教程,0,0,0,0,0
