"""黑神话悟空""+""股票""的长尾词",长尾词数,竞价词数,全网指数,PC日均流量,移动日均流量
黑神话悟空有关股票,0,0,0,0,0
和黑神话悟空相关的股票一览表,0,0,0,0,0
和黑神话悟空相关的股票有哪些,0,0,0,0,0
和黑神话悟空相关的股票是什么,0,0,0,0,0
与黑神话悟空有关的股票叫什么来着呢,0,0,0,0,0
与黑神话悟空有关的股票叫什么来着什么,0,0,0,0,0
黑神话悟空涉及哪些股票,0,0,0,0,0
腾讯控股黑神话悟空股票代码是什么,0,0,0,0,0
腾讯控股黑神话悟空股票怎么样好不好,0,0,0,0,0
腾讯控股黑神话悟空股票怎么样了,0,0,0,0,0
黑神话悟空股票大涨,0,0,0,0,0
黑神话悟空的股票叫什么,0,0,0,0,0
怎么买黑神话悟空股票,0,0,0,0,0
黑神话悟空影响的股票,0,0,0,0,0
黑悟空神话影响的旅游股票,0,0,0,0,0
黑神话悟空的股票在哪买,0,0,0,0,0
与黑神话悟空有关的股票代码,0,0,0,0,0
黑悟空神话股票,0,0,0,0,0
与黑神话悟空有关的股票代码有哪些推荐,0,0,0,0,0
与黑神话悟空有关的股票代码是哪些,0,0,0,0,0
与黑神话悟空有关的股票有哪些名字和图片,0,0,0,0,0
黑神话悟空什么股票能买到,0,0,0,0,0
腾讯控股黑神话悟空股票价格是多少,0,0,0,0,0
黑神话悟空股票值得买吗,0,0,0,0,0
黑神话悟空的股票有哪些,0,0,0,0,0
黑神话悟空游戏的股票,0,0,0,0,0
黑神话悟空为什么使华谊兄弟腾讯股票暴涨,0,0,0,0,0
黑神话 悟空 股票,0,0,0,0,0
黑神话悟空股票代码,0,0,0,0,0
黑神话悟空游戏相关股票,0,0,0,0,0
与黑神话悟空有关的股票叫什么名字,0,0,0,0,0
腾讯控股黑神话悟空股票价格,0,0,0,0,0
腾讯控股黑神话悟空股票怎么样,0,0,0,0,0
与黑神话悟空有关的股票代码是什么,0,0,0,0,0
与黑神话悟空有关的股票代码是,0,0,0,0,0
和黑神话悟空相关的股票,0,0,0,0,0
黑神话悟空股票代码是多少,0,0,0,0,0
黑神话悟空的股票是哪只,0,0,0,0,0
与黑神话悟空有关的股票代码是多少,0,0,0,0,0
与黑神话悟空有关的股票有哪些龙头有哪些,0,0,0,0,0
与黑神话悟空有关的股票有哪些呢啊,0,0,0,0,0
与黑神话悟空有关的股票代码是什么版本,0,0,0,0,0
黑神话悟空公司股票代码,0,0,0,0,0
黑神话悟空投资股票,0,0,0,0,0
与黑神话悟空有关的股票有哪些名字,0,0,0,0,0
黑神话悟空跟哪个股票有关,0,0,0,0,0
黑神话悟空的股票怎么买,0,0,0,0,0
与黑神话悟空有关的股票叫什么名字啊,0,0,0,0,0
与黑神话悟空有关的股票代码是什么意思,0,0,0,0,0
黑神话悟空股票购买,0,0,0,0,0
黑神话悟空带动股票有哪些,0,0,0,0,0
黑神话悟空股票,0,0,0,0,0
悟空黑神话股票代码,0,0,0,0,0
黑神话悟空相关股票,0,0,0,0,0
与黑神话悟空有关的股票有哪些龙头,0,0,0,0,0
黑神话悟空上市股票代码多少,0,0,0,0,0
与黑神话悟空有关的股票代码有哪些呢,0,0,0,0,0
黑神话悟空上市买什么股票,0,0,0,0,0
黑神话悟空股票怎么买的,0,0,0,0,0
黑神话悟空概念股票有哪些,0,0,0,0,0
黑神话悟空买什么股票,0,0,0,0,0
黑神话悟空什么股票能买吗,0,0,0,0,0
黑神话悟空要买哪只股票,0,0,0,0,0
腾讯控股黑神话悟空股票怎么样靠谱吗,0,0,0,0,0
黑神话悟空产业股票,0,0,0,0,0
黑神话悟空股票市值,0,0,0,0,0
如何买黑神话悟空的股票,0,0,0,0,0
黑神话悟空 股票,0,0,0,0,0
与黑神话悟空有关的股票,0,0,0,0,0
黑神话悟空什么股票能买,0,0,0,0,0
与黑神话悟空有关的股票叫什么来着,0,0,0,0,0
与黑神话悟空有关的股票代码有哪些,0,0,0,0,0
黑神话悟空的股票,0,0,0,0,0
腾讯控股黑神话悟空股票代码,0,0,0,0,0
与黑神话悟空有关的股票有哪些呢,0,0,0,0,0
黑神话悟空抄什么股票,0,0,0,0,0
黑暗神话悟空有关的股票,0,0,0,0,0
与黑神话悟空有关的股票叫什么名字呢,0,0,0,0,0
与黑神话悟空有关的股票代码有哪些名字,0,0,0,0,0
与黑神话悟空有关的股票代码是什么样的,0,0,0,0,0
与黑神话悟空有关的股票代码有哪些一览表,0,0,0,0,0
黑悟空神话和股票,0,0,0,0,0
黑神话悟空对应股票,0,0,0,0,0
腾讯控股黑神话悟空股票代码是多少,0,0,0,0,0
涉及黑神话悟空的股票,0,0,0,0,0
黑神话悟空关联股票有哪些,0,0,0,0,0
腾讯控股黑神话悟空股票,0,0,0,0,0
与黑神话悟空有关的股票代码是什么呢,0,0,0,0,0
黑神话悟空股票怎么买啊,0,0,0,0,0
黑神话悟空什么股票,0,0,0,0,0
黑神话悟空受益股票,0,0,0,0,0
与黑神话悟空有关的股票有哪些名字呢,0,0,0,0,0
与黑神话悟空有关的股票代码是什么级别,0,0,0,0,0
与黑神话悟空有关的股票叫什么名字来着,0,0,0,0,0
与黑神话悟空有关的股票有哪些呢知乎,0,0,0,0,0
与黑神话悟空有关的股票代码是什么名字,0,0,0,0,0
想买黑神话悟空的股票,0,0,0,0,0
黑神话悟空的股票一览表,0,0,0,0,0
黑神话悟空设备股票有哪些,0,0,0,0,0
与黑神话悟空有关的股票有哪些,0,0,0,0,0
黑神话悟空股票怎么买,0,0,0,0,0
黑神话悟空的股票代码,0,0,0,0,0
黑神话悟空概念股票,0,0,0,0,0
黑神话悟空涉及哪只股票,0,0,0,0,0
与黑神话悟空有关的股票有哪些呢图片,0,0,0,0,0
黑神话悟空的股票是谁买的,0,0,0,0,0
怎么购买黑神话悟空的股票,0,0,0,0,0
黑神话悟空会带动哪些板块股票,0,0,0,0,0
与黑神话悟空有关的股票叫什么,0,0,0,0,0
黑神话悟空对应的股票是什么,0,0,0,0,0
黑神话悟空上线怎么买股票,0,0,0,0,0
黑神话悟空关联股票,0,0,0,0,0
黑神话悟空股票怎么买最好,0,0,0,0,0
与黑神话悟空有关的股票有哪些龙头呢,0,0,0,0,0
黑神话悟空利好哪只股票,0,0,0,0,0
黑神话悟空股票走势怎样,0,0,0,0,0
黑神话悟空利好哪些股票,0,0,0,0,0
黑神话悟空有关的股票一览表,0,0,0,0,0
黑神话悟空相关股票有哪些,0,0,0,0,0
速通黑神话悟空受益股票有哪些,0,0,0,0,0
黑神话悟空公司股票代码是什么,0,0,0,0,0
悟空黑神话概念股票,0,0,0,0,0
