"""黑神话悟空""+""插曲""的长尾词",长尾词数,竞价词数,全网指数,PC日均流量,移动日均流量
黑神话悟空插曲歌词,0,0,0,0,0
黑神话悟空最新演示插曲,0,0,0,0,0
黑神话悟空pv2的插曲,0,0,0,0,0
黑神话悟空最新预告插曲,0,0,0,0,0
黑悟空神话插曲,0,0,0,0,0
黑神话悟空游戏插曲有哪些推荐,0,0,0,0,0
黑悟空神话游戏插曲是什么,0,0,0,0,0
黑神话悟空游戏插曲叫什么来着,0,0,0,0,0
黑神话悟空游戏插曲是什么歌,0,0,0,0,0
黑神话悟空插曲演唱是谁唱的,0,0,0,0,0
黑神话悟空全部插曲,0,0,0,0,0
黑神话悟空插曲屁的由来,0,0,0,0,0
黑神话悟空插曲合集在线看,0,0,0,0,0
黑神话悟空插曲三界四州,0,0,0,0,0
黑暗神话悟空插曲,0,0,0,0,0
黑悟空神话游戏插曲有哪些,0,0,0,0,0
黑神话悟空游戏插曲有哪些版本,0,0,0,0,0
黑神话悟空游戏插曲有哪些名字,0,0,0,0,0
黑神话悟空插曲演唱视频,0,0,0,0,0
黑神话悟空插曲高清版,0,0,0,0,0
黑神话悟空宣传片插曲,0,0,0,0,0
黑神话悟空游戏插曲叫什么,0,0,0,0,0
黑神话悟空游戏插曲大全集,0,0,0,0,0
黑神话悟空游戏插曲叫什么版本,0,0,0,0,0
黑神话悟空游戏插曲是什么歌曲,0,0,0,0,0
黑神话悟空插曲青花,0,0,0,0,0
黑神话悟空插曲合集,0,0,0,0,0
黑神话悟空插曲戒网混剪,0,0,0,0,0
黑神话悟空 蜘蛛插曲叫什么,0,0,0,0,0
黑神话悟空游戏插曲是什么名字,0,0,0,0,0
黑神话悟空插曲璧上关,0,0,0,0,0
黑神话悟空插曲,0,0,0,0,0
黑神话悟空插曲演唱,0,0,0,0,0
黑神话悟空游戏插曲大全中文版,0,0,0,0,0
黑神话悟空游戏插曲大全最新,0,0,0,0,0
黑神话悟空游戏插曲是什么级别,0,0,0,0,0
黑神话悟空插曲屁,0,0,0,0,0
黑神话悟空的插曲,0,0,0,0,0
黑神话悟空游戏插曲大全,0,0,0,0,0
黑神话悟空游戏插曲是什么,0,0,0,0,0
黑悟空神话游戏插曲,0,0,0,0,0
黑神话悟空插曲戒网原唱,0,0,0,0,0
黑神话悟空插曲戒网下载,0,0,0,0,0
黑神话悟空插曲mv,0,0,0,0,0
黑神话悟空插曲戒网,0,0,0,0,0
黑神话悟空游戏插曲有哪些歌,0,0,0,0,0
黑神话悟空游戏插曲有哪些歌曲,0,0,0,0,0
黑神话悟空插曲看见歌词,0,0,0,0,0
黑神话悟空插曲女生唱的,0,0,0,0,0
黑神话悟空游戏插曲有哪些,0,0,0,0,0
黑神话悟空插曲演唱技巧,0,0,0,0,0
如何评价黑神话悟空的插曲,0,0,0,0,0
黑神话悟空插曲三界四州原创是谁,0,0,0,0,0
黑神话悟空游戏插曲大全视频,0,0,0,0,0
黑神话悟空 插曲,0,0,0,0,0
黑神话悟空插曲四海九州,0,0,0,0,0
黑神话悟空戒网插曲,0,0,0,0,0
黑悟空神话游戏插曲叫什么,0,0,0,0,0
黑神话悟空插曲演唱者是谁,0,0,0,0,0
黑神话悟空游戏插曲,0,0,0,0,0
黑神话悟空游戏插曲是什么版本,0,0,0,0,0
黑神话悟空游戏插曲叫什么名字,0,0,0,0,0
