"""黑神话悟空""+""预售""的长尾词",长尾词数,竞价词数,全网指数,PC日均流量,移动日均流量
黑神话悟空什么时候开始预售,0,0,0,0,0
黑神话悟空什么时候预售,0,0,0,0,0
黑神话悟空steam预售,0,0,0,0,0
黑神话悟空全球预售开启,0,0,0,0,0
黑神话悟空预售壁纸,0,0,0,0,0
黑神话悟空开启全球预售多少号,0,0,0,0,0
黑神话悟空三天预售额超亿元,0,0,0,0,0
黑神话悟空预售火出圈,0,0,0,0,0
黑神话悟空第二波实体版预售,0,0,0,0,0
黑神话悟空预售平台,0,0,0,0,0
黑神话悟空预售特别活动,0,0,0,0,0
黑神话悟空预售的区别,0,0,0,0,0
黑神话悟空预售宣传片,0,0,0,0,0
黑神话悟空预售时间多久结束,0,0,0,0,0
黑神话悟空预售多长时间,0,0,0,0,0
黑神话悟空预售是真的吗,0,0,0,0,0
黑神话悟空在哪个平台预售,0,0,0,0,0
黑神话悟空预售几号开始,0,0,0,0,0
黑神话悟空预售销量多少,0,0,0,0,0
黑神话悟空预售价格一览,0,0,0,0,0
黑神话悟空预售价格曝光,0,0,0,0,0
黑神话悟空几号预售,0,0,0,0,0
黑神话悟空开启预售已达三天,0,0,0,0,0
黑神话悟空预售卡价,0,0,0,0,0
黑神话悟空预售奖励有什么效果,0,0,0,0,0
黑神话悟空虚幻4预售,0,0,0,0,0
黑神话悟空国外预售视频,0,0,0,0,0
黑神话悟空3天预售额破亿,0,0,0,0,0
黑神话悟空预售领券在哪里,0,0,0,0,0
黑神话悟空现在预售多少钱了,0,0,0,0,0
黑神话悟空预售和后面购买有区别吗,0,0,0,0,0
黑神话悟空ps5有预售吗,0,0,0,0,0
黑神话悟空预售多少份了,0,0,0,0,0
黑神话悟空预售时间一览表,0,0,0,0,0
黑神话悟空预售破亿真的吗,0,0,0,0,0
黑神话悟空预售和正式购买区别,0,0,0,0,0
黑神话悟空预售视频,0,0,0,0,0
联想拯救者黑神话悟空版预售,0,0,0,0,0
黑神话悟空什么时候开始预售的,0,0,0,0,0
黑神话悟空实体版预售,0,0,0,0,0
黑神话悟空预售有什么奖励,0,0,0,0,0
外国人看黑神话悟空预售,0,0,0,0,0
黑神话悟空预售豪华版有什么区别,0,0,0,0,0
黑神话悟空ps5预售,0,0,0,0,0
黑神话悟空预售回本了吗,0,0,0,0,0
黑神话悟空豪华版全款预售开启,0,0,0,0,0
黑神话悟空预售,0,0,0,0,0
黑神话悟空预售多少钱,0,0,0,0,0
黑神话悟空什么时候可以预售,0,0,0,0,0
黑神话悟空开启全球预售,0,0,0,0,0
黑神话悟空预售销量多少万,0,0,0,0,0
黑神话悟空实体预售规则,0,0,0,0,0
黑神话悟空刚开始预售多少钱,0,0,0,0,0
黑神话悟空预售4亿,0,0,0,0,0
黑神话悟空武预售了么,0,0,0,0,0
黑神话悟空预售时间,0,0,0,0,0
黑神话悟空预售价格,0,0,0,0,0
黑神话悟空什么时候预售的,0,0,0,0,0
黑神话悟空预售量,0,0,0,0,0
黑神话悟空预售奖励,0,0,0,0,0
黑神话悟空预售和发售价格一样吗,0,0,0,0,0
黑神话悟空国外预售,0,0,0,0,0
黑神话悟空预售多少了,0,0,0,0,0
黑神话悟空ps5预售有什么内容,0,0,0,0,0
黑神话悟空预售宣传语,0,0,0,0,0
黑神话悟空预售好玩吗,0,0,0,0,0
国外黑神话悟空预售销量排行榜,0,0,0,0,0
黑神话悟空预售了多少,0,0,0,0,0
黑神话悟空什么时候上线预售,0,0,0,0,0
黑神话悟空预售价格预估,0,0,0,0,0
神话黑悟空预售时间,0,0,0,0,0
黑神话: 悟空预售,0,0,0,0,0
黑神话悟空 预售,0,0,0,0,0
黑神话 悟空预售,0,0,0,0,0
黑神话悟空预售的皮肤,0,0,0,0,0
黑神话悟空预售表情包,0,0,0,0,0
黑神话悟空预售销量多少份,0,0,0,0,0
黑神话悟空预售破亿是真的吗,0,0,0,0,0
黑神话悟空 预售约120万份,0,0,0,0,0
黑神话悟空预售奖励截止时间,0,0,0,0,0
黑神话悟空 预售销量,0,0,0,0,0
黑神话悟空预售销量在哪看,0,0,0,0,0
黑神话悟空预售活动,0,0,0,0,0
黑神话悟空预售超四亿元,0,0,0,0,0
黑神话之悟空预售价格,0,0,0,0,0
黑神话悟空预售了吗,0,0,0,0,0
黑神话悟空预售销量,0,0,0,0,0
黑神话悟空预售到什么时候,0,0,0,0,0
黑神话悟空预售需要到特定界面吗为什么,0,0,0,0,0
黑神话悟空预售有什么好处,0,0,0,0,0
黑神话悟空开启预售已达三天 销量却只有,0,0,0,0,0
游戏黑神话悟空预售大卖,0,0,0,0,0
黑神话悟空预售多少份,0,0,0,0,0
黑神话悟空预售ps5,0,0,0,0,0
黑神话悟空预售是什么游戏,0,0,0,0,0
黑神话悟空国内预售多少钱,0,0,0,0,0
黑神话:悟空全球预售已超4亿,0,0,0,0,0
黑神话悟空上线预售时间介绍,0,0,0,0,0
神话黑悟空预售,0,0,0,0,0
黑神话悟空什么时候预售好,0,0,0,0,0
黑神话悟空预售时间截止,0,0,0,0,0
黑神话悟空开启预售,0,0,0,0,0
黑神话悟空豪华版全款预售,0,0,0,0,0
黑神话悟空预售破亿,0,0,0,0,0
黑神话悟空预售销量怎么样,0,0,0,0,0
黑神话悟空国外预售多少钱,0,0,0,0,0
黑神话悟空主机版预售,0,0,0,0,0
黑神话悟空全款预售产品秒售罄,0,0,0,0,0
黑神话悟空预售情况,0,0,0,0,0
黑神话悟空预售售出情况,0,0,0,0,0
黑神话悟空预售在哪里购买,0,0,0,0,0
黑神话悟空全球预售gif,0,0,0,0,0
