"""黑神话悟空""+""能不能""的长尾词",长尾词数,竞价词数,全网指数,PC日均流量,移动日均流量
黑神话悟空能不能联机玩,0,0,0,0,0
黑神话悟空能不能多人联机打怪,0,0,0,0,0
黑悟空神话能不能联机,0,0,0,0,0
黑神话悟空能不能一个人买几个人玩,0,0,0,0,0
黑神话悟空xbox能不能玩游戏,0,0,0,0,0
黑神话悟空能不能过审了,0,0,0,0,0
黑神话悟空能不能复制到另一台电脑玩,0,0,0,0,0
黑神话悟空能不能联机打,0,0,0,0,0
笔记本能不能带动黑神话悟空,0,0,0,0,0
xbox能不能玩到黑神话悟空,0,0,0,0,0
黑神话悟空端游能不能下载,0,0,0,0,0
黑神话悟空能不能做出来,0,0,0,0,0
黑神话悟空手机上能不能玩游戏,0,0,0,0,0
黑神话悟空能不能选其他角色,0,0,0,0,0
黑神话悟空能不能过审,0,0,0,0,0
黑神话悟空能不能多人联机玩,0,0,0,0,0
黑神话悟空能不能家庭共享,0,0,0,0,0
黑神话之悟空2020年能不能上线,0,0,0,0,0
黑神话悟空能不能联机,0,0,0,0,0
黑神话悟空能不能多人联机一起玩,0,0,0,0,0
黑神话悟空能不能一个人买几个人玩吗,0,0,0,0,0
黑神话悟空能不能拿年度最佳,0,0,0,0,0
黑神话悟空能不能在手机上玩,0,0,0,0,0
黑神话悟空能不能多人联机一起玩的,0,0,0,0,0
黑神话悟空能不能试玩,0,0,0,0,0
黑神话悟空能不能联机一起玩的,0,0,0,0,0
黑神话悟空能不能关闭血量,0,0,0,0,0
黑神话悟空能不能弹刀,0,0,0,0,0
switch能不能下载黑神话悟空,0,0,0,0,0
黑神话悟空能不能选其他角色技能,0,0,0,0,0
黑神话悟空能不能上线,0,0,0,0,0
黑神话悟空能不能拿下年度最佳,0,0,0,0,0
黑神话悟空能不能多人联机打,0,0,0,0,0
黑神话悟空能不能多人联机,0,0,0,0,0
黑神话悟空到底能不能出来,0,0,0,0,0
黑神话悟空能不能选其他角色玩,0,0,0,0,0
黑神话悟空手机能不能玩了,0,0,0,0,0
黑神话悟空能不能玩了,0,0,0,0,0
黑神话悟空能不能联机玩游戏,0,0,0,0,0
黑神话悟空能不能多人联机**,0,0,0,0,0
黑神话悟空能不能联机一起玩,0,0,0,0,0
