"""黑神话悟空""+""最低""的长尾词",长尾词数,竞价词数,全网指数,PC日均流量,移动日均流量
黑神话悟空最低什么配置,0,0,0,0,0
黑神话悟空最低多少钱,0,0,0,0,0
黑神话悟空电脑最低配置是多少g,0,0,0,0,0
黑神话悟空最低配置能玩吗,0,0,0,0,0
黑神话悟空最低配置多少,0,0,0,0,0
黑神话悟空最低是什么配置,0,0,0,0,0
黑神话悟空笔记本配置最低要求,0,0,0,0,0
黑神话悟空最低配置显卡是多少,0,0,0,0,0
黑神话悟空游戏最低电脑配置,0,0,0,0,0
黑神话悟空电脑最低配置知乎,0,0,0,0,0
黑神话悟空最低多少钱一个,0,0,0,0,0
黑神话悟空最低画质配置,0,0,0,0,0
黑神话悟空电脑最低配置是多少内存的,0,0,0,0,0
黑神话悟空电脑最低配置是多少内存啊,0,0,0,0,0
黑神话悟空电脑最低配置是多少内存合适,0,0,0,0,0
黑神话悟空最低要什么显卡可以开全特效,0,0,0,0,0
黑神话悟空电脑最低配置要求,0,0,0,0,0
黑神话悟空电脑配置最低要求,0,0,0,0,0
黑神话悟空电脑最低配置,0,0,0,0,0
黑神话悟空最低价,0,0,0,0,0
黑悟空神话最低配置显卡,0,0,0,0,0
黑悟空神话最低配置要求,0,0,0,0,0
黑神话悟空最低台式配置要求,0,0,0,0,0
黑神话悟空 显卡最低配置,0,0,0,0,0
悟空黑神话最低配置,0,0,0,0,0
玩黑神话悟空电脑配置最低多少钱,0,0,0,0,0
玩黑神话悟空最低什么配置,0,0,0,0,0
做一份黑神话悟空最低配置表格,0,0,0,0,0
黑神话悟空最低电脑配置要求系统内存显卡,0,0,0,0,0
黑神话悟空显卡最低配置要求,0,0,0,0,0
黑神话悟空最低配置要求是什么,0,0,0,0,0
黑神话悟空最低需要多少钱才能玩,0,0,0,0,0
黑神话悟空笔记本最低配置,0,0,0,0,0
黑神话悟空最低配置笔记本,0,0,0,0,0
黑神话悟空最低画质设置,0,0,0,0,0
悟空黑神话最低配置需要多少钱,0,0,0,0,0
黑神话悟空最低配多少钱,0,0,0,0,0
黑神话悟空最低配置是什么,0,0,0,0,0
黑神话悟空最低配置,0,0,0,0,0
黑神话之悟空最低配置,0,0,0,0,0
黑神话悟空电脑最低配置是多少,0,0,0,0,0
黑神话悟空最低配,0,0,0,0,0
黑神话悟空最低多少钱一个g,0,0,0,0,0
黑神话悟空最低配置试玩版下载,0,0,0,0,0
悟空黑暗神话最低配置,0,0,0,0,0
黑神话悟空pc最低要什么配置,0,0,0,0,0
黑神话悟空的最低配置,0,0,0,0,0
黑神话悟空最低配置是多少,0,0,0,0,0
玩黑神话悟空的最低配置,0,0,0,0,0
黑神话 悟空电脑最低标配,0,0,0,0,0
黑神话悟空最低配置能到多少画质,0,0,0,0,0
黑神话悟空steam国区售价全球最低,0,0,0,0,0
黑神话悟空最低画质怎么调整,0,0,0,0,0
黑神话悟空最低画质会卡顿,0,0,0,0,0
黑神话悟空游戏电脑最低配置,0,0,0,0,0
黑神话悟空最低配帧率,0,0,0,0,0
黑神话悟空pc最低配置是多少,0,0,0,0,0
黑神话悟空笔记本电脑最低配置,0,0,0,0,0
黑神话悟空最低需要多少钱才能玩一个,0,0,0,0,0
黑神话悟空最低价钱,0,0,0,0,0
黑神话悟空最低电脑配置多少钱,0,0,0,0,0
黑神话悟空游戏最低配置要求,0,0,0,0,0
黑神话悟空您的设备无法达到最低标准,0,0,0,0,0
黑神话悟空最低配置要求,0,0,0,0,0
黑神话悟空最低配置多少钱,0,0,0,0,0
黑悟空神话游戏最低配置,0,0,0,0,0
黑神话悟空笔记本最低配置要求,0,0,0,0,0
黑神话悟空最低画质什么效果,0,0,0,0,0
黑神话悟空游戏电脑最低配置要求,0,0,0,0,0
黑神话悟空最低电脑配置要求多少钱,0,0,0,0,0
黑神话悟空最低配置试玩,0,0,0,0,0
黑神话悟空最低配置显卡,0,0,0,0,0
黑神话悟空最低显卡要求,0,0,0,0,0
黑神话悟空最低可能需要什么配置,0,0,0,0,0
黑神话悟空最低配置需求,0,0,0,0,0
黑神话悟空最低需要什么配置,0,0,0,0,0
黑神话悟空配置最低配置,0,0,0,0,0
黑神话悟空最低显卡,0,0,0,0,0
黑神话悟空最低电脑配置,0,0,0,0,0
黑神话悟空最低显卡配置,0,0,0,0,0
目前黑神话悟空最低价格,0,0,0,0,0
黑神话悟空最低配置要求介绍,0,0,0,0,0
黑悟空神话最低配置,0,0,0,0,0
黑神话悟空传游戏最低配置,0,0,0,0,0
黑神话悟空电脑最低配置是多少内存,0,0,0,0,0
黑神话悟空最低画质,0,0,0,0,0
黑神话悟空最低配置试玩多少钱,0,0,0,0,0
黑神话悟空显卡最低要什么配置,0,0,0,0,0
能最低配玩吃鸡的电脑能不能玩黑神话悟空,0,0,0,0,0
黑神话悟空最低配置电脑价格,0,0,0,0,0
