"""黑神话悟空""+""攻略""的长尾词",长尾词数,竞价词数,全网指数,PC日均流量,移动日均流量
黑神话悟空攻略大全,0,0,0,0,0
最新黑神话悟空在哪买攻略教程,0,0,0,0,0
eleven黑神话悟空剧情攻略解说,0,0,0,0,0
ps4黑神话悟空攻略第一章,0,0,0,0,0
黑神话悟空奎木狼攻略,0,0,0,0,0
黑神话悟空玩家自制版攻略视频,0,0,0,0,0
黑神话悟空传剧情详解攻略,0,0,0,0,0
黑神话悟空重制版攻略大全最新版本下载苹果,0,0,0,0,0
黑神话悟空重制版攻略大全图文详解图片,0,0,0,0,0
黑神话悟空boss盘点攻略大全最新视频,0,0,0,0,0
黑神话悟空boss盘点攻略大全视频解说,0,0,0,0,0
黑神话悟空boss盘点攻略大全图文下载,0,0,0,0,0
黑神话悟空boss盘点攻略大全视频下载,0,0,0,0,0
黑神话悟空重制版攻略大全下载安装苹果电脑,0,0,0,0,0
黑神话悟空重制版攻略大全最新版本视频教程,0,0,0,0,0
黑神话悟空上线时间预测攻略大全下载,0,0,0,0,0
黑神话悟空上线时间预测攻略视频,0,0,0,0,0
黑神话悟空boss盘点攻略大全图文,0,0,0,0,0
黑神话悟空试玩地点攻略大全,0,0,0,0,0
黑神话悟空玩法猜测视频大全攻略教程图解,0,0,0,0,0
黑神话悟空玩法猜测视频大全攻略下载安装,0,0,0,0,0
黑神话悟空重制版攻略大全最新,0,0,0,0,0
英雄游戏黑神话悟空攻略图文,0,0,0,0,0
英雄游戏黑神话悟空攻略大全视频,0,0,0,0,0
黑神话之悟空攻略,0,0,0,0,0
黑神话悟空玩家自制版攻略大全下载,0,0,0,0,0
黑神话悟空首发版攻略视频教程,0,0,0,0,0
黑神话悟空传剧情详解攻略最新,0,0,0,0,0
黑神话悟空豪华版攻略图鉴,0,0,0,0,0
黑神话悟空第一章攻略,0,0,0,0,0
黑神话悟空第一关攻略,0,0,0,0,0
黑神话悟空第二章攻略,0,0,0,0,0
黑神话悟空大头娃娃攻略,0,0,0,0,0
黑神话悟空 新手攻略,0,0,0,0,0
黑神话悟空支线主线攻略,0,0,0,0,0
黑神话悟空紫云山攻略,0,0,0,0,0
黑神话悟空石敢当攻略,0,0,0,0,0
黑神话悟空第3章攻略最新,0,0,0,0,0
黑神话悟空前期攻略,0,0,0,0,0
黑神话悟空第一章地图攻略最新,0,0,0,0,0
黑神话悟空青龙背打法攻略,0,0,0,0,0
黑神话悟空第二章地图攻略,0,0,0,0,0
黑神话悟空第六回攻略,0,0,0,0,0
黑神话悟空第二章攻略视频,0,0,0,0,0
黑神话悟空第三章全部攻略图文,0,0,0,0,0
黑神话悟空第二章支线攻略详解,0,0,0,0,0
黑神话悟空boss攻略详解,0,0,0,0,0
黑神话悟空第六章攻略大全图文最新,0,0,0,0,0
黑神话悟空火焰山土地攻略,0,0,0,0,0
黑神话悟空开荒修行加点攻略,0,0,0,0,0
黑神话悟空所有流程攻略,0,0,0,0,0
黑神话悟空流程攻略 游民星空,0,0,0,0,0
黑神话悟空流程攻略视频第三回,0,0,0,0,0
黑神话悟空第五章避水金睛兽攻略,0,0,0,0,0
黑神话悟空攻略视频第一期,0,0,0,0,0
悟空黑神话攻略,0,0,0,0,0
黑神话悟空视频攻略,0,0,0,0,0
单机游戏黑神话悟空流程攻略,0,0,0,0,0
英雄游戏黑神话悟空攻略,0,0,0,0,0
黑神话悟空剧情攻略解说全集,0,0,0,0,0
黑神话悟空玩家自制版攻略大全,0,0,0,0,0
黑神话悟空地点大全攻略图解,0,0,0,0,0
黑神话悟空重制版攻略大全最新下载,0,0,0,0,0
黑神话悟空重制版攻略大全图文详解,0,0,0,0,0
黑神话悟空重制版攻略大全下载安装苹果,0,0,0,0,0
黑神话悟空重制版攻略大全最新下载手机,0,0,0,0,0
黑神话悟空boss盘点攻略大全图文版,0,0,0,0,0
黑神话悟空boss盘点攻略视频大全下载,0,0,0,0,0
黑神话悟空boss盘点攻略图片大全,0,0,0,0,0
黑神话悟空boss盘点攻略大全图文解析,0,0,0,0,0
黑神话悟空试玩名单攻略大全,0,0,0,0,0
黑神话悟空pv3视频攻略下载安装,0,0,0,0,0
黑神话悟空boss盘点攻略大全图文版本,0,0,0,0,0
黑神话悟空boss盘点攻略图文大全集,0,0,0,0,0
黑神话悟空蜘蛛精攻略视频大全,0,0,0,0,0
黑神话悟空连招技巧攻略,0,0,0,0,0
英雄游戏黑神话悟空攻略视频大全,0,0,0,0,0
黑神话悟空团队游戏攻略视频,0,0,0,0,0
黑神话悟空图文流程攻略,0,0,0,0,0
黑神话悟空boss打法攻略,0,0,0,0,0
黑神话悟空最新游戏视频大全攻略,0,0,0,0,0
黑神话悟空首发版攻略大全下载,0,0,0,0,0
黑神话悟空豪华版攻略视频教程,0,0,0,0,0
黑神话悟空剧情流程攻略,0,0,0,0,0
黑神话悟空第五章攻略,0,0,0,0,0
黑神话悟空攻略武器,0,0,0,0,0
黑神话悟空 第二章攻略,0,0,0,0,0
黑神话悟空第四章攻略详解视频,0,0,0,0,0
黑神话悟空最后一章攻略,0,0,0,0,0
黑神话悟空第二章图文攻略,0,0,0,0,0
黑神话悟空第二章图文攻略详解,0,0,0,0,0
黑神话悟空攻略苍狼林隐藏瀑布,0,0,0,0,0
黑神话悟空等级提升攻略,0,0,0,0,0
黑神话悟空雪山攻略,0,0,0,0,0
黑神话悟空第三章全boss位置攻略最新,0,0,0,0,0
黑神话悟空视频解说攻略,0,0,0,0,0
黑神话悟空隐藏结局攻略,0,0,0,0,0
黑神话悟空第四章图文攻略图解,0,0,0,0,0
黑神话悟空第4章攻略,0,0,0,0,0
黑神话悟空复刻版游戏视频大全攻略全部,0,0,0,0,0
黑神话悟空第二章攻略虎先怎么打,0,0,0,0,0
黑神话悟空第四章紫云山路线攻略,0,0,0,0,0
黑神话悟空第六章全收集攻略详解图,0,0,0,0,0
黑神话悟空斯哈里国攻略,0,0,0,0,0
黑神话悟空第三章地图攻略,0,0,0,0,0
黑神话悟空攻略游民星空,0,0,0,0,0
黑神话悟空怎么换法术和变身技能攻略视频,0,0,0,0,0
黑神话悟空石猴攻略详解,0,0,0,0,0
黑神话悟空抢先版下载攻略手机,0,0,0,0,0
黑神话悟空流程攻略图文,0,0,0,0,0
黑神话悟空攻略全流程,0,0,0,0,0
黑神话悟空流程攻略第三关,0,0,0,0,0
黑神话悟空流程攻略17,0,0,0,0,0
黑神话悟空老鼠攻略,0,0,0,0,0
黑神话悟空攻略秘籍,0,0,0,0,0
黑神话悟空攻略,0,0,0,0,0
黑神话悟空攻略视频第二期,0,0,0,0,0
黑神话悟空1.0攻略,0,0,0,0,0
黑悟空神话攻略,0,0,0,0,0
黑暗神话悟空攻略,0,0,0,0,0
黑神话悟空体验版攻略,0,0,0,0,0
英雄游戏黑神话悟空攻略大全,0,0,0,0,0
英雄游戏黑神话悟空攻略视频,0,0,0,0,0
黑神话悟空首发版攻略大全,0,0,0,0,0
黑神话悟空过关攻略,0,0,0,0,0
黑神话悟空地点大全攻略视频解说,0,0,0,0,0
黑神话悟空玩法猜测视频大全攻略,0,0,0,0,0
黑神话悟空重制版攻略大全最新下载安装手机,0,0,0,0,0
黑神话悟空pv3视频攻略,0,0,0,0,0
黑神话悟空重制版攻略大全图文详解视频教程,0,0,0,0,0
黑神话悟空重制版攻略大全下载安装,0,0,0,0,0
黑神话悟空重制版攻略大全最新版本,0,0,0,0,0
黑神话悟空重制版攻略大全图文详解视频,0,0,0,0,0
黑神话悟空重制版攻略大全图文下载手机,0,0,0,0,0
黑神话悟空boss盘点攻略图文大全下载,0,0,0,0,0
黑神话悟空boss盘点攻略视频大全集下载,0,0,0,0,0
黑神话悟空pv3视频攻略大全下载,0,0,0,0,0
黑神话悟空boss盘点攻略图文大全视频,0,0,0,0,0
黑神话悟空boss盘点攻略图片大全集,0,0,0,0,0
黑神话悟空boss盘点攻略大全最新版,0,0,0,0,0
黑神话悟空boss盘点攻略大全最新版本,0,0,0,0,0
黑神话悟空蜘蛛精攻略视频在线观看,0,0,0,0,0
黑神话悟空游戏闯关攻略,0,0,0,0,0
黑神话悟空团队游戏攻略大全,0,0,0,0,0
黑神话悟空玩家自制版攻略视频大全,0,0,0,0,0
黑神话悟空玩家自制版攻略视频教程,0,0,0,0,0
黑神话悟空豪华版攻略视频大全,0,0,0,0,0
黑悟空神话游戏攻略,0,0,0,0,0
黑神话悟空花果山攻略,0,0,0,0,0
黑神话悟空新手攻略pdf,0,0,0,0,0
黑神话悟空完美结局攻略,0,0,0,0,0
黑神话悟空攻略白衣秀才视频全部,0,0,0,0,0
黑神话悟空攻略第二章,0,0,0,0,0
黑神话悟空第五章攻略图文,0,0,0,0,0
黑神话悟空第一章 攻略,0,0,0,0,0
黑神话悟空第三章全收集图文攻略,0,0,0,0,0
黑悟空神话游戏攻略最新,0,0,0,0,0
黑神话悟空水帘洞攻略最新,0,0,0,0,0
黑神话悟空破解版视频攻略解说下载,0,0,0,0,0
黑悟空神话攻略详解大全,0,0,0,0,0
黑神话悟空攻略地图游民星空,0,0,0,0,0
黑神话悟空山西旅游攻略,0,0,0,0,0
黑神话悟空第四章全收集图文攻略,0,0,0,0,0
黑神话悟空黄风岭攻略,0,0,0,0,0
黑神话悟空第五章攻略大全,0,0,0,0,0
黑神话悟空大头怪人攻略,0,0,0,0,0
黑神话悟空第三章攻略大全,0,0,0,0,0
黑神话悟空旅游路线攻略自驾游,0,0,0,0,0
黑神话悟空攻略瓜田里面有什么,0,0,0,0,0
黑神话悟空第二章全收集攻略,0,0,0,0,0
黑神话悟空流程攻略游民星空,0,0,0,0,0
黑神话悟空详细图文攻略,0,0,0,0,0
黑神话悟空视频攻略解说,0,0,0,0,0
黑神话悟空玩家自制版攻略,0,0,0,0,0
黑神话悟空剧情攻略解说,0,0,0,0,0
黑神话悟空流程攻略,0,0,0,0,0
黑神话悟空boss盘点攻略图文,0,0,0,0,0
黑神话悟空重制版攻略大全图文详解图片下载,0,0,0,0,0
黑神话悟空上线时间预测攻略,0,0,0,0,0
黑神话悟空重制版攻略大全下载安装手机,0,0,0,0,0
黑神话悟空上线时间预测攻略视频下载,0,0,0,0,0
黑神话悟空boss盘点攻略视频大全集,0,0,0,0,0
黑神话悟空重制版攻略大全下载,0,0,0,0,0
黑神话悟空试玩地点攻略图文最新版,0,0,0,0,0
黑神话 悟空 攻略,0,0,0,0,0
黑神话悟空玩家自制版攻略大全图解,0,0,0,0,0
黑神话悟空全面解析攻略,0,0,0,0,0
黑神话悟空传剧情详解攻略大全,0,0,0,0,0
黑神话悟空豪华版攻略大全图文,0,0,0,0,0
黑神话悟空国服官方版游戏攻略,0,0,0,0,0
黑神话悟空第四章攻略详解,0,0,0,0,0
众多游戏主播攻略 黑神话悟空,0,0,0,0,0
黑神话悟空第一章地图攻略,0,0,0,0,0
黑神话悟空第三章攻略详解图文,0,0,0,0,0
黑神话悟空第一回攻略,0,0,0,0,0
黑神话悟空虎先锋打法攻略,0,0,0,0,0
黑神话悟空破解版视频攻略解说全集,0,0,0,0,0
黑神话悟空第二章攻略详解,0,0,0,0,0
黑神话悟空花果山攻略大全最新版,0,0,0,0,0
黑神话悟空小雷音寺剧情攻略最新,0,0,0,0,0
学徒黑神话悟空视频攻略全部,0,0,0,0,0
黑神话悟空第三章全探索图文攻略,0,0,0,0,0
黑神话悟空第二章全收集图文攻略,0,0,0,0,0
黑神话悟空石猴打法攻略,0,0,0,0,0
黑神话悟空第五章攻略视频,0,0,0,0,0
黑神话悟空手机版免费下载攻略,0,0,0,0,0
黑悟空神话流程攻略,0,0,0,0,0
黑神话悟空游戏攻略,0,0,0,0,0
黑神话悟空一周目通关攻略,0,0,0,0,0
黑神话悟空攻略解说,0,0,0,0,0
ps4黑神话: 悟空攻略流程万视频,0,0,0,0,0
黑神话悟空豪华版攻略视频,0,0,0,0,0
黑神话悟空豪华版攻略大全,0,0,0,0,0
黑神话悟空复刻版游戏视频大全攻略,0,0,0,0,0
黑神话悟空线下试玩地点攻略,0,0,0,0,0
黑神话悟空试玩地点攻略图文,0,0,0,0,0
黑神话悟空地点大全攻略视频,0,0,0,0,0
黑神话悟空pv3视频攻略下载,0,0,0,0,0
黑悟空神话酷炫技能加点攻略,0,0,0,0,0
黑神话悟空boss盘点攻略视频,0,0,0,0,0
黑神话悟空重制版攻略大全图文下载安装手机,0,0,0,0,0
黑神话悟空boss盘点攻略大全最新,0,0,0,0,0
黑神话悟空重制版攻略大全最新版本视频,0,0,0,0,0
黑神话悟空重制版攻略大全最新版本下载,0,0,0,0,0
黑神话悟空重制版攻略大全图文,0,0,0,0,0
黑神话悟空试玩地点攻略图文最新,0,0,0,0,0
黑神话悟空玩法猜测视频大全攻略图片,0,0,0,0,0
黑神话悟空地点大全攻略视频播放,0,0,0,0,0
黑神话悟空游戏攻略大全,0,0,0,0,0
黑神话悟空通关攻略图文,0,0,0,0,0
黑神话悟空豪华版攻略大全图解,0,0,0,0,0
黑神话悟空豪华版攻略视频教学,0,0,0,0,0
黑神话悟空第四章攻略,0,0,0,0,0
黑神话悟空白金攻略,0,0,0,0,0
黑神话悟空攻略详解最新,0,0,0,0,0
黑神话悟空攻略大全图文详解,0,0,0,0,0
黑神话悟空游戏攻略详解,0,0,0,0,0
黑神话悟空第一章攻略详解图,0,0,0,0,0
黑神话悟空全流程视频攻略解说,0,0,0,0,0
黑悟空神话第三章隐藏关卡攻略,0,0,0,0,0
黑神话悟空狐狸任务攻略最新,0,0,0,0,0
黑神话悟空大头攻略,0,0,0,0,0
黑神话悟空第三章全剧情攻略详解图文,0,0,0,0,0
黑神话悟空二周目攻略,0,0,0,0,0
黑神话悟空攻略第四个珍玩槽怎么开启啊,0,0,0,0,0
黑神话悟空攻略马技巧,0,0,0,0,0
黑神话悟空河北游玩攻略,0,0,0,0,0
黑神话悟空怎么触发杨戬任务新手攻略,0,0,0,0,0
黑神话悟空第一章全收集图文攻略,0,0,0,0,0
黑神话悟空第四回通关流程攻略,0,0,0,0,0
黑神话悟空三周目速通攻略,0,0,0,0,0
黑神话悟空像素版第二章攻略,0,0,0,0,0
黑神话悟空种子全收集攻略,0,0,0,0,0
黑神话悟空流程攻略白衣秀士后面猪是什么,0,0,0,0,0
黑神话悟空流程攻略第三回,0,0,0,0,0
黑神话悟空流程攻略第二章,0,0,0,0,0
黑神话悟空第二章攻略全部完整,0,0,0,0,0
黑神话悟空招式攻略,0,0,0,0,0
黑神话悟空高手攻略,0,0,0,0,0
黑神话悟空最新攻略,0,0,0,0,0
黑神话悟空新手攻略,0,0,0,0,0
黑神话悟空新手入门攻略,0,0,0,0,0
黑神话悟空剧情攻略解读,0,0,0,0,0
黑悟空神话ps4攻略,0,0,0,0,0
黑悟空神话攻略第一期,0,0,0,0,0
黑神话悟空最新剧情攻略,0,0,0,0,0
黑神话悟空试玩地点攻略,0,0,0,0,0
黑神话悟空地点大全攻略,0,0,0,0,0
黑神话悟空boss盘点攻略,0,0,0,0,0
黑神话悟空重制版攻略大全下载手机,0,0,0,0,0
黑神话悟空重制版攻略大全图文下载,0,0,0,0,0
黑神话悟空boss盘点攻略大全视频播放,0,0,0,0,0
黑神话悟空前期视频攻略,0,0,0,0,0
黑神话悟空boss盘点攻略大全视频,0,0,0,0,0
黑神话悟空boss盘点攻略视频大全,0,0,0,0,0
黑神话悟空重制版攻略大全图文详解视频下载,0,0,0,0,0
黑神话悟空重制版攻略大全最新版本视频解说,0,0,0,0,0
黑神话悟空连招顺序攻略,0,0,0,0,0
英雄游戏黑神话悟空攻略图文大全,0,0,0,0,0
黑神话悟空玩家自制版攻略大全图文,0,0,0,0,0
黑神话悟空玩家自制版攻略大全视频,0,0,0,0,0
黑神话悟空具体玩法攻略,0,0,0,0,0
黑神话悟空通关攻略大全,0,0,0,0,0
黑神话悟空首发版攻略视频大全,0,0,0,0,0
黑神话悟空抢先版攻略,0,0,0,0,0
黑神话悟空豪华版攻略大全下载,0,0,0,0,0
黑神话悟空第二结局攻略,0,0,0,0,0
黑神话悟空第四章地图攻略,0,0,0,0,0
黑神话悟空全探索图文详尽攻略,0,0,0,0,0
黑神话悟空选购ps5攻略,0,0,0,0,0
黑神话悟空攻略手册,0,0,0,0,0
黑神话悟空小雷音寺剧情攻略,0,0,0,0,0
黑神话悟空第五章攻略详解最新,0,0,0,0,0
黑神话悟空保姆级攻略,0,0,0,0,0
黑神话悟空醒酒视频攻略详解全部,0,0,0,0,0
黑神话悟空隐藏boss攻略,0,0,0,0,0
黑神话悟空紫云山攻略最新,0,0,0,0,0
黑神话悟空第三章图文攻略详解最新,0,0,0,0,0
黑神话悟空第六章攻略详解视频,0,0,0,0,0
黑神话悟空藏龙洞怎么打视频攻略详解,0,0,0,0,0
黑神话悟空第三章地图攻略详解,0,0,0,0,0
黑神话悟空流程攻略游民,0,0,0,0,0
黑神话悟空全力流程攻略,0,0,0,0,0
黑神话悟空和只狼战斗系统攻略,0,0,0,0,0
黑神话: 悟空攻略,0,0,0,0,0
黑神话悟空ps4攻略,0,0,0,0,0
黑神话悟空剧情攻略解说第2期,0,0,0,0,0
黑神话悟空剧情攻略解说大全,0,0,0,0,0
黑神话悟空攻略图文,0,0,0,0,0
黑神话悟空玩法猜测视频大全攻略下载,0,0,0,0,0
黑神话悟空通关流程攻略,0,0,0,0,0
黑神话悟空地点大全攻略视频下载,0,0,0,0,0
黑神话悟空试玩名单攻略,0,0,0,0,0
黑神话悟空boss盘点攻略大全,0,0,0,0,0
黑神话悟空重制版攻略大全最新版本视频下载,0,0,0,0,0
黑神话悟空boss盘点攻略视频下载,0,0,0,0,0
黑神话悟空上线时间预测攻略视频大全,0,0,0,0,0
黑神话悟空上线时间预测攻略大全视频,0,0,0,0,0
黑神话悟空重制版攻略大全下载安装最新,0,0,0,0,0
黑神话悟空boss盘点攻略图片高清,0,0,0,0,0
黑神话悟空虎先锋攻略,0,0,0,0,0
黑神话悟空游戏攻略视频,0,0,0,0,0
黑神话悟空技巧攻略,0,0,0,0,0
黑神话悟空首发版攻略大全视频,0,0,0,0,0
黑悟空神话虚幻4详细攻略,0,0,0,0,0
黑神话悟空最新版游戏攻略,0,0,0,0,0
黑神话悟空豪华版攻略大全最新版,0,0,0,0,0
黑神话悟空第三章攻略,0,0,0,0,0
黑神话悟空花果山攻略大全,0,0,0,0,0
黑神话悟空第二章地图攻略全图,0,0,0,0,0
黑神话悟空 打boss攻略,0,0,0,0,0
黑神话悟空游戏攻略什么时候解禁,0,0,0,0,0
黑神话悟空第二回黄风大圣怎么打攻略最新,0,0,0,0,0
黑神话悟空的武器升级攻略,0,0,0,0,0
黑神话悟空小狐狸任务攻略,0,0,0,0,0
黑神话悟空技能解析攻略最新,0,0,0,0,0
黑悟空神话第二章攻略详解,0,0,0,0,0
黑神话 悟空 剧情解析详细攻略,0,0,0,0,0
黑神话悟空晦月魔君无伤打法攻略,0,0,0,0,0
黑神话悟空第六章攻略详解,0,0,0,0,0
黑神话悟空虎先锋攻略详解,0,0,0,0,0
黑神话悟空狐妖任务攻略,0,0,0,0,0
黑神话悟空第三回合攻略,0,0,0,0,0
黑神话悟空第三回攻略,0,0,0,0,0
黑神话悟空第二章人物图文攻略详解,0,0,0,0,0
黑神话悟空打杨戬的条件有哪些详细攻略,0,0,0,0,0
黑神话悟空识破攻略详解,0,0,0,0,0
黑神话悟空流程攻略莹雅,0,0,0,0,0
黑神话悟空与只狼攻略,0,0,0,0,0
黑神话悟空中文版下载及攻略秘籍,0,0,0,0,0
黑神话悟空攻略视频,0,0,0,0,0
解说黑神话悟空剧情攻略,0,0,0,0,0
黑神话悟空首发版攻略,0,0,0,0,0
黑神话悟空豪华版攻略,0,0,0,0,0
黑神话悟空团队游戏攻略,0,0,0,0,0
黑神话悟空首发版攻略视频,0,0,0,0,0
黑神话悟空全流程攻略,0,0,0,0,0
黑神话悟空剧情视频攻略,0,0,0,0,0
黑神话黑悟空全通关攻略,0,0,0,0,0
黑神话悟空试玩地点攻略图解,0,0,0,0,0
黑神话悟空玩法猜测视频大全攻略图解,0,0,0,0,0
黑神话悟空boss盘点攻略大全图文版下载,0,0,0,0,0
黑神话悟空boss盘点攻略大全最新版下载,0,0,0,0,0
黑神话悟空试玩地点攻略图文大全,0,0,0,0,0
黑神话悟空boss盘点攻略图片大全视频,0,0,0,0,0
黑神话悟空重制版攻略图文,0,0,0,0,0
黑神话悟空重制版攻略大全最新下载安装教程,0,0,0,0,0
kk对战平台黑神话悟空攻略,0,0,0,0,0
英雄游戏黑神话悟空攻略视频播放,0,0,0,0,0
黑神话悟空首发版攻略大全图文,0,0,0,0,0
黑神话悟空豪华版攻略视频下载,0,0,0,0,0
黑神话悟空豪华版攻略图解,0,0,0,0,0
黑神话悟空攻略什么时候能出,0,0,0,0,0
黑神话悟空怎么玩新手攻略,0,0,0,0,0
黑神话悟空第四章攻略详解最新,0,0,0,0,0
黑神话悟空第四章隐藏地图攻略,0,0,0,0,0
黑神话悟空游戏攻略视频操作,0,0,0,0,0
黑神话悟空攻略在闲鱼上怎么发布啊,0,0,0,0,0
黑神话悟空技能解析攻略,0,0,0,0,0
黑神话悟空黄风大王攻略,0,0,0,0,0
黑神话悟空第一章攻略大全视频,0,0,0,0,0
黑神话悟空黑风山攻略,0,0,0,0,0
黑神话悟空81难攻略最新,0,0,0,0,0
黑神话悟空第二章地图攻略详解,0,0,0,0,0
黑神话悟空紫云山靡道人攻略,0,0,0,0,0
黑神话悟空火焰山攻略,0,0,0,0,0
黑神话悟空复刻版游戏视频大全攻略最新,0,0,0,0,0
黑神话悟空白狐毫支线任务攻略,0,0,0,0,0
黑神话悟空二周目花果山攻略,0,0,0,0,0
黑神话悟空黑熊精攻略,0,0,0,0,0
黑神话悟空第二章攻略路线详解,0,0,0,0,0
黑神话悟空81个成就攻略详解,0,0,0,0,0
黑神话悟空第4章攻略大全,0,0,0,0,0
黑神话悟空虎先锋怎么打视频攻略详解,0,0,0,0,0
黑神话悟空黄风岭攻略最新,0,0,0,0,0
黑神话悟空火焰山攻略大全,0,0,0,0,0
黑神话悟空第二周目攻略大全,0,0,0,0,0
黑神话悟空剧情攻略解说第1期,0,0,0,0,0
黑神话悟空蜘蛛精攻略视频,0,0,0,0,0
黑神话悟空通关攻略,0,0,0,0,0
黑神话悟空破解版视频攻略解说,0,0,0,0,0
黑神话悟空重制版攻略大全,0,0,0,0,0
黑神话悟空重制版攻略,0,0,0,0,0
黑神话悟空重制版攻略大全图文下载安装,0,0,0,0,0
黑神话悟空重制版攻略大全最新下载安装,0,0,0,0,0
黑神话悟空重制版攻略大全图文详解下载,0,0,0,0,0
黑神话悟空boss盘点攻略视频下载大全,0,0,0,0,0
黑神话悟空重制版攻略大全图文详解图片高清,0,0,0,0,0
黑神话悟空重制版攻略大全下载安装苹果手机,0,0,0,0,0
黑神话悟空重制版攻略大全图文下载安装教程,0,0,0,0,0
黑神话悟空boss盘点攻略图片,0,0,0,0,0
黑神话悟空重制版攻略大全图文详解下载安装,0,0,0,0,0
黑神话悟空boss盘点攻略图片大全高清,0,0,0,0,0
黑神话悟空地点大全攻略图文,0,0,0,0,0
黑神话悟空试玩地点攻略图文最新版大全,0,0,0,0,0
黑神话悟空通关流程攻略大全,0,0,0,0,0
黑神话悟空玩法猜测视频大全攻略下载手机版,0,0,0,0,0
黑神话悟空试玩攻略,0,0,0,0,0
黑神话悟空首发版攻略大全图,0,0,0,0,0
黑神话悟空传剧情详解攻略视频,0,0,0,0,0
黑神话悟空豪华版攻略视频最新,0,0,0,0,0
黑神话悟空官方版游戏攻略,0,0,0,0,0
黑神话悟空豪华版攻略图文,0,0,0,0,0
黑神话悟空最终关卡攻略,0,0,0,0,0
黑神话悟空第六章攻略,0,0,0,0,0
黑神话悟空串流攻略,0,0,0,0,0
黑神话悟空第三关攻略,0,0,0,0,0
黑神话悟空水帘洞攻略,0,0,0,0,0
黑神话悟空第二回攻略详解,0,0,0,0,0
黑神话悟空破解版视频攻略解说大全,0,0,0,0,0
黑神话悟空最后一章攻略详解,0,0,0,0,0
黑神话 悟空 加点攻略,0,0,0,0,0
黑神话悟空武器升级攻略,0,0,0,0,0
黑神话悟空第四章地图攻略大全,0,0,0,0,0
黑神话悟空第五章全收集攻略详解,0,0,0,0,0
黑神话悟空小雷音寺攻略,0,0,0,0,0
黑神话悟空龟岛攻略,0,0,0,0,0
黑神话悟空第一章攻略详解,0,0,0,0,0
黑神话悟空第五章攻略大全图文,0,0,0,0,0
黑神话悟空第一章图文攻略,0,0,0,0,0
黑神话悟空石先锋攻略详解最新,0,0,0,0,0
黑神话悟空第二章攻略详解最新,0,0,0,0,0
黑神话悟空第四回攻略,0,0,0,0,0
黑神话悟空二郎神杨戬攻略,0,0,0,0,0
黑神话悟空龟背岛攻略,0,0,0,0,0
黑神话悟空攻略视频第三个结局,0,0,0,0,0
黑神话悟空流程攻略大全,0,0,0,0,0
黑神话悟空图文攻略游民星空,0,0,0,0,0
黑神话悟空剧情攻略,0,0,0,0,0
黑神话悟空攻略秘籍专题,0,0,0,0,0
黑神话悟空图文攻略,0,0,0,0,0
黑神话悟空全视频攻略解说,0,0,0,0,0
黑神话悟空ps5游戏攻略视频,0,0,0,0,0
黑神话悟空 地点大全攻略,0,0,0,0,0
黑神话悟空玩法猜测视频大全攻略教程下载,0,0,0,0,0
黑神话悟空试玩地点攻略图文最新版下载,0,0,0,0,0
黑神话悟空玩法猜测视频大全攻略教程,0,0,0,0,0
黑神话悟空重制版攻略大全下载安装手机桌面,0,0,0,0,0
黑神话悟空上线时间预测攻略大全,0,0,0,0,0
黑神话悟空重制版攻略大全最新版本下载安装,0,0,0,0,0
黑神话悟空pv3视频攻略大全,0,0,0,0,0
黑神话悟空boss盘点攻略图文大全,0,0,0,0,0
黑神话悟空pv3视频攻略大全集,0,0,0,0,0
黑神话悟空pv3视频攻略下载手机版,0,0,0,0,0
黑神话悟空boss盘点攻略视频下载安装,0,0,0,0,0
黑神话悟空游戏完整攻略,0,0,0,0,0
黑神话悟空玩家自制版攻略视频教学,0,0,0,0,0
黑神话悟空传剧情详解攻略详解,0,0,0,0,0
黑神话悟空传剧情详解大全攻略,0,0,0,0,0
黑神话悟空首发版攻略大全最新版,0,0,0,0,0
黑神话悟空首发版攻略视频全部,0,0,0,0,0
黑神话悟空首发版攻略视频下载,0,0,0,0,0
黑神话悟空超长攻略,0,0,0,0,0
黑神话悟空首发版攻略视频最新,0,0,0,0,0
黑神话悟空抢购攻略,0,0,0,0,0
黑神话悟空豪华版攻略视频全部,0,0,0,0,0
黑神话悟空攻略大全图文,0,0,0,0,0
黑神话悟空狐狸任务攻略,0,0,0,0,0
黑神话悟空第三章攻略详解,0,0,0,0,0
黑神话悟空第四章隐藏剧情攻略,0,0,0,0,0
黑神话悟空浮屠塔攻略,0,0,0,0,0
黑神话悟空攻略黄风怪,0,0,0,0,0
黑神话悟空ps5白金攻略,0,0,0,0,0
黑神话悟空小雷音寺攻略详解最新,0,0,0,0,0
黑神话悟空苦海北岸攻略详解,0,0,0,0,0
黑神话悟空第六章隐藏关卡攻略,0,0,0,0,0
黑神话悟空黄沙岭攻略,0,0,0,0,0
黑神话悟空黄风大圣攻略,0,0,0,0,0
黑神话悟空第三章浮屠塔攻略,0,0,0,0,0
张大仙玩黑神话悟空攻略,0,0,0,0,0
黑神话悟空第五章视频流程攻略,0,0,0,0,0
黑神话悟空成就解锁攻略大全,0,0,0,0,0
黑神话悟空行者套装升级攻略,0,0,0,0,0
黑神话悟空流程攻略详解,0,0,0,0,0
黑神话悟空流程攻略视频,0,0,0,0,0
