"""黑神话悟空""+""单机""的长尾词",长尾词数,竞价词数,全网指数,PC日均流量,移动日均流量
黑神话悟空是单机吗,0,0,0,0,0
黑神话悟空是不是单机,0,0,0,0,0
游戏 黑神话悟空 单机游戏,0,0,0,0,0
黑神话悟空是联机还是单机,0,0,0,0,0
黑神话悟空破解版单机,0,0,0,0,0
黑神话悟空是单机游戏,0,0,0,0,0
黑神话悟空是单机游戏么知乎推荐,0,0,0,0,0
黑神话悟空是单机游戏么知乎吗,0,0,0,0,0
黑神话悟空是单机游戏么吗视频,0,0,0,0,0
黑神话悟空安卓单机最新,0,0,0,0,0
黑神话悟空是买断制单机,0,0,0,0,0
黑神话悟空是网络游戏还是单机游戏,0,0,0,0,0
黑悟空神话就是单机的吗,0,0,0,0,0
黑神话悟空属于网游还是单机,0,0,0,0,0
黑神话悟空同时在线人数单机历史第一,0,0,0,0,0
黑神话悟空 会给单机带来春天吗,0,0,0,0,0
黑神话悟空是单机游戏吗知乎,0,0,0,0,0
单机游戏黑神话悟空,0,0,0,0,0
游戏黑神话悟空是单机游戏,0,0,0,0,0
黑悟空神话是单机还是网游,0,0,0,0,0
黑神话悟空 单机 下载,0,0,0,0,0
单机游戏黑神话悟空流程攻略,0,0,0,0,0
国产最强单机游戏黑神话悟空,0,0,0,0,0
黑神话悟空单机手机版下载教程,0,0,0,0,0
黑悟空神话是单机还是网络游戏,0,0,0,0,0
黑神话悟空是网游还是单机游戏,0,0,0,0,0
黑神话悟空为啥要做单机游戏,0,0,0,0,0
黑悟空神话是单机还是联网,0,0,0,0,0
黑神话悟空单机版下载免费版,0,0,0,0,0
黑神话悟空网络游戏还是单机,0,0,0,0,0
黑神话悟空是国产单机吗,0,0,0,0,0
黑神话悟空是单机还是手游,0,0,0,0,0
黑悟空神话是单机游戏吗,0,0,0,0,0
黑神话之悟空中文版单机游戏下载,0,0,0,0,0
黑神话悟空破解版99单机,0,0,0,0,0
类似黑神话悟空的单机游戏,0,0,0,0,0
国产单机黑神话悟空,0,0,0,0,0
国产单机游戏黑神话悟空实机演示,0,0,0,0,0
单机游戏黑神话悟空多少钱,0,0,0,0,0
黑神话悟空单机游戏上线了吗,0,0,0,0,0
单机游戏黑神话悟空流程,0,0,0,0,0
悟空黑神话是网游还是单机,0,0,0,0,0
黑神话悟空是单机吗知乎,0,0,0,0,0
单机游戏黑神话悟空靠什么挣钱,0,0,0,0,0
单机游戏黑神话悟空哪里能玩,0,0,0,0,0
黑神话悟空单机免费版,0,0,0,0,0
黑神话悟空单机游戏,0,0,0,0,0
黑神话悟空中文版单机游戏下载,0,0,0,0,0
黑神话悟空单机版下载,0,0,0,0,0
单机黑神话悟空下载,0,0,0,0,0
黑神话悟空是单机还是网游,0,0,0,0,0
黑悟空神话是单机吗,0,0,0,0,0
黑神话悟空网游还是单机,0,0,0,0,0
单机黑神话悟空,0,0,0,0,0
单机版黑神话悟空,0,0,0,0,0
黑神话悟空使单机游戏么,0,0,0,0,0
黑神话悟空是单机么,0,0,0,0,0
黑神话悟空联机还是单机好玩,0,0,0,0,0
黑神话悟空是纯单机游戏吗,0,0,0,0,0
黑神话悟空什么时候上线单机,0,0,0,0,0
黑神话悟空使单机游戏么升级,0,0,0,0,0
黑神话悟空类似的单机游戏,0,0,0,0,0
黑神话悟空是中国单机游戏的希望吗为什么,0,0,0,0,0
黑悟空神话是单机还是端游,0,0,0,0,0
黑神话悟空是单机游戏还是网络游戏,0,0,0,0,0
大型单机游戏解说黑神话悟空,0,0,0,0,0
黑神话悟空单机试玩版,0,0,0,0,0
黑神话悟空重写国产单机命运,0,0,0,0,0
国产单机黑神话悟空抄袭只狼,0,0,0,0,0
黑神话悟空是网游还是单机,0,0,0,0,0
黑神话悟空单机免费下载,0,0,0,0,0
黑悟空神话属于单机游戏吗,0,0,0,0,0
3d单机游戏黑神话悟空,0,0,0,0,0
黑神话悟空是单机,0,0,0,0,0
黑神话悟空单机破解版,0,0,0,0,0
黑神话悟空是中国单机游戏的希望吗,0,0,0,0,0
国产单机游戏新作黑神话:悟空,0,0,0,0,0
黑神话悟空游戏是单机游戏吗知乎推荐,0,0,0,0,0
黑神话悟空国产单机,0,0,0,0,0
黑神话悟空使单机游戏么版本,0,0,0,0,0
黑神话悟空是单机游戏么吗知乎,0,0,0,0,0
黑神话悟空单机游戏多少钱,0,0,0,0,0
黑神话悟空是单机版还是网络游戏,0,0,0,0,0
黑神话悟空对国产单机游戏的影响有多大,0,0,0,0,0
黑神话悟空属于单机还是,0,0,0,0,0
黑悟空神话单机还是联网,0,0,0,0,0
除了黑神话悟空还有什么国产单机游戏,0,0,0,0,0
黑神话悟空是单机游戏还是网游,0,0,0,0,0
黑神话悟空单机担当,0,0,0,0,0
最新黑神话悟空单机游戏榜单下载,0,0,0,0,0
黑神话悟空单机游戏下载,0,0,0,0,0
黑悟空神话单机下载,0,0,0,0,0
国产单机游戏黑神话悟空,0,0,0,0,0
黑神话悟空游戏下载手机版单机,0,0,0,0,0
黑神话悟空单机版24 mb,0,0,0,0,0
黑神话悟空是单机还是联机,0,0,0,0,0
国产单机游戏黑神话悟空在哪下载,0,0,0,0,0
黑神话悟空是单机的吗,0,0,0,0,0
类似黑神话悟空的3a单机,0,0,0,0,0
黑神话悟空是单机游戏么知乎,0,0,0,0,0
单机游戏黑神话悟空好玩吗,0,0,0,0,0
黑神话悟空游戏是单机游戏吗知乎文章,0,0,0,0,0
黑神话悟空单机版1.0手机版,0,0,0,0,0
黑神话 悟空 单机,0,0,0,0,0
黑神话悟空单机版,0,0,0,0,0
黑神话悟空单机售价,0,0,0,0,0
黑神话悟空是单机游戏还是网游啊,0,0,0,0,0
黑神话悟空是国产单机巅峰,0,0,0,0,0
黑神话悟空wegame单机,0,0,0,0,0
黑神话悟空是不是网络游戏还是单机,0,0,0,0,0
黑神话悟空好玩的单机游戏,0,0,0,0,0
黑神话悟空是单机游戏吗,0,0,0,0,0
类似黑神话悟空的单机,0,0,0,0,0
黑神话悟空单机下载,0,0,0,0,0
类似黑神话悟空的单机游戏下载,0,0,0,0,0
黑神话悟空单机游戏预告片,0,0,0,0,0
黑神话悟空游戏是单机游戏吗还是网游,0,0,0,0,0
黑神话悟空是单机游戏么吗,0,0,0,0,0
黑神话悟空联机还是单机,0,0,0,0,0
黑神话悟空联机还是单机好用,0,0,0,0,0
黑暗神话悟空单机下载,0,0,0,0,0
黑神话悟空单机版游戏,0,0,0,0,0
黑神话悟空 单机,0,0,0,0,0
黑神话悟空是单机能玩了吗,0,0,0,0,0
黑神话悟空单机游戏什么时候上线,0,0,0,0,0
黑神话悟空是单机还是网络游戏,0,0,0,0,0
黑神话悟空单机什么时候发售,0,0,0,0,0
悟空黑神话是单机游戏下载要花钱吗,0,0,0,0,0
类似黑神话悟空的单机游戏有哪些,0,0,0,0,0
黑神话悟空能多人单机吗,0,0,0,0,0
黑神话悟空单机游戏需要网络吗,0,0,0,0,0
黑神话悟空游戏是单机还是联网,0,0,0,0,0
有没有类似黑神话悟空的单机游戏,0,0,0,0,0
黑神话悟空是单机游戏销量,0,0,0,0,0
黑神话悟空单机还是网游,0,0,0,0,0
黑神话悟空单机游戏原版视频,0,0,0,0,0
国产单机动作rpg黑神话悟空,0,0,0,0,0
黑神话悟空游戏是单机游戏吗,0,0,0,0,0
黑神话悟空是单机游戏么,0,0,0,0,0
黑悟空神话单机,0,0,0,0,0
黑神话悟空单机视频,0,0,0,0,0
黑神话之悟空游戏是单机吗,0,0,0,0,0
黑神话悟空是单机游戏吗还是网游,0,0,0,0,0
黑神话悟空单机购买多少钱,0,0,0,0,0
黑神话悟空单机版多少钱,0,0,0,0,0
黑神话悟空是单机游戏还是网游游戏,0,0,0,0,0
黑神话悟空属于单机游戏吗,0,0,0,0,0
国产单机黑神话悟空来袭,0,0,0,0,0
单机游戏大作黑神话悟空,0,0,0,0,0
黑神话悟空是不是单机游戏,0,0,0,0,0
黑神话悟空是单机网游吗,0,0,0,0,0
黑悟空神话是单机,0,0,0,0,0
黑神话悟空单机游戏ps4,0,0,0,0,0
黑神话悟空是单机版游戏吗,0,0,0,0,0
单机黑神话悟空游戏下载,0,0,0,0,0
黑神话悟空单机游戏怎么样,0,0,0,0,0
黑神话悟空游戏是单机游戏吗知乎,0,0,0,0,0
黑暗神话悟空单机游戏,0,0,0,0,0
黑神话悟空游戏是单机游戏吗还是网游游戏,0,0,0,0,0
黑神话悟空是单机吗知乎小说,0,0,0,0,0
黑神话悟空传单机游戏宣传片,0,0,0,0,0
黑神话悟空什么时候上线单机版,0,0,0,0,0
黑神话悟空是单机游戏么吗为什么,0,0,0,0,0
黑神话悟空是单机游戏需要充值么,0,0,0,0,0
黑神话悟空单机版破解版,0,0,0,0,0
悟空黑神话是单机游戏还是网游,0,0,0,0,0
神话黑悟空是单机还是联机,0,0,0,0,0
国产单机黑神话悟空什么水平,0,0,0,0,0
国内单机市场不缺黑神话悟空,0,0,0,0,0
黑神话悟空单机,0,0,0,0,0
黑神话悟空中文版单机游戏,0,0,0,0,0
黑神话悟空单机破解版下载,0,0,0,0,0
黑神话之悟空是单机游戏吗,0,0,0,0,0
黑神话悟空联机还是单机好,0,0,0,0,0
黑神话悟空是单机吗知乎全文,0,0,0,0,0
