"""黑神话悟空""+""深度""的长尾词",长尾词数,竞价词数,全网指数,PC日均流量,移动日均流量
深度解析黑神话悟空最新视频网站,0,0,0,0,0
黑神话悟空新实机演示深度解析,0,0,0,0,0
黑悟空神话深度解析,0,0,0,0,0
深度解析黑神话悟空的文化,0,0,0,0,0
黑神话悟空深度解析,0,0,0,0,0
黑神话悟空故事背景深度解析,0,0,0,0,0
黑神话悟空第三段演示深度分析视频,0,0,0,0,0
黑神话悟空第三段演示深度分析图片,0,0,0,0,0
黑神话悟空深度解读在线观看,0,0,0,0,0
黑神话悟空背景深度解析,0,0,0,0,0
神话黑悟空深度解析,0,0,0,0,0
黑神话悟空第三段演示深度分析,0,0,0,0,0
黑神话悟空蜘蛛精剧情深度解析图,0,0,0,0,0
黑神话悟空蜘蛛精深度解析,0,0,0,0,0
黑神话悟空最新实际演示深度解析,0,0,0,0,0
黑神话悟空深度解读在线阅读,0,0,0,0,0
黑神话悟空蜘蛛精剧情深度解析图最新,0,0,0,0,0
黑神话悟空蜘蛛精剧情深度解析大全最新,0,0,0,0,0
黑神话悟空背景故事剧情深度解析,0,0,0,0,0
黑神话悟空故事背景深度解读,0,0,0,0,0
黑神话悟空深度剖析,0,0,0,0,0
黑神话悟空最深度解读,0,0,0,0,0
黑神话悟空蜘蛛精剧情深度解析,0,0,0,0,0
黑神话悟空深度解读,0,0,0,0,0
黑神话悟空蜘蛛深度解析,0,0,0,0,0
黑神话悟空最新实机演示深度解析,0,0,0,0,0
黑神话悟空深度分析,0,0,0,0,0
黑神话悟空蜘蛛精剧情深度解析大全,0,0,0,0,0
黑神话悟空第三段演示深度分析图解,0,0,0,0,0
黑神话悟空深度测评,0,0,0,0,0
外国人看黑神话悟空深度解析,0,0,0,0,0
黑神话悟空剧情背景深度解读,0,0,0,0,0
黑神话悟空第三段演示深度分析视频在线观看,0,0,0,0,0
深度解析黑神话悟空预告,0,0,0,0,0
4k君深度解析黑神话悟空,0,0,0,0,0
黑神话悟空新剧情深度解析,0,0,0,0,0
黑神话悟空蜘蛛精剧情深度解析图详解,0,0,0,0,0
黑神话悟空黑熊精动画深度解析,0,0,0,0,0
深度解析黑神话悟空,0,0,0,0,0
深度解析黑神话悟空最新视频,0,0,0,0,0
黑神话悟空台词深度解析,0,0,0,0,0
悟空黑神话深度解析,0,0,0,0,0
黑神话悟空小西天剧情深度解析,0,0,0,0,0
黑神话悟空剧情深度解析大全,0,0,0,0,0
悟空黑神话深度剖析,0,0,0,0,0
黑神话悟空游戏深度解析,0,0,0,0,0
黑神话悟空深度解读全文,0,0,0,0,0
黑神话悟空深度解读解析,0,0,0,0,0
黑神话悟空深度讲解,0,0,0,0,0
黑神话悟空全部剧情深度解析,0,0,0,0,0
黑神话悟空第三段演示深度分析图,0,0,0,0,0
深度解析黑神话悟空最新视频在线观看,0,0,0,0,0
深度解读黑神话悟空,0,0,0,0,0
黑神话悟空深度解析蜘蛛女,0,0,0,0,0
多维度深度解读黑神话悟空全文,0,0,0,0,0
黑神话悟空剧情深度解析,0,0,0,0,0
黑神话 悟空 深度剖析隐藏剧情,0,0,0,0,0
黑神话悟空预告深度解析,0,0,0,0,0
黑神话悟空蜘蛛精剧情深度解析大全详解,0,0,0,0,0
黑神话悟空背后深度解读,0,0,0,0,0
