"""黑神话悟空""+""成本""的长尾词",长尾词数,竞价词数,全网指数,PC日均流量,移动日均流量
黑神话悟空 成本,0,0,0,0,0
黑神话悟空研发成本,0,0,0,0,0
黑神话悟空制作成本多少,0,0,0,0,0
黑神话悟空成本多少元,0,0,0,0,0
只狼和黑神话悟空谁的研发成本高,0,0,0,0,0
黑悟空神话研发成本,0,0,0,0,0
黑神话悟空投资成本多少钱,0,0,0,0,0
黑神话悟空收回成本了吗,0,0,0,0,0
黑悟空神话制作成本,0,0,0,0,0
黑神话悟空成本多少钱,0,0,0,0,0
黑神话悟空的开发成本,0,0,0,0,0
黑神话悟空开发成本多少,0,0,0,0,0
黑神话悟空制作成本多少钱一个,0,0,0,0,0
黑神话悟空投入成本多少,0,0,0,0,0
黑神话 悟空 制作成本,0,0,0,0,0
黑悟空神话成本,0,0,0,0,0
黑神话悟空投资成本,0,0,0,0,0
黑神话悟空项目成本与销售预测,0,0,0,0,0
黑神话悟空动画cg成本,0,0,0,0,0
黑神话悟空成本,0,0,0,0,0
黑神话悟空开发成本大概会是多少钱,0,0,0,0,0
黑神话悟空 研发成本,0,0,0,0,0
黑神话悟空投入成本,0,0,0,0,0
黑神话悟空游戏开发成本,0,0,0,0,0
黑神话悟空的成本,0,0,0,0,0
黑神话悟空预计制作成本,0,0,0,0,0
黑神话悟空研发多少成本,0,0,0,0,0
黑悟空神话成本多少,0,0,0,0,0
黑悟空神话投入成本,0,0,0,0,0
黑神话悟空开发成本大概会是多少钱?,0,0,0,0,0
黑神话 悟空 成本,0,0,0,0,0
黑神话悟空预计成本,0,0,0,0,0
黑神话悟空投资成本多少,0,0,0,0,0
黑神话悟空投资收回成本了吗,0,0,0,0,0
黑神话悟空的制作成本,0,0,0,0,0
黑神话悟空游戏制作成本,0,0,0,0,0
黑神话悟空开发成本是多少,0,0,0,0,0
黑神话悟空预开发成本,0,0,0,0,0
黑神话悟空的制作成本可能过千亿,0,0,0,0,0
黑神话悟空成本多少,0,0,0,0,0
黑神话悟空成本定价,0,0,0,0,0
黑神话悟空游戏成本,0,0,0,0,0
黑神话悟空研发成本多少钱,0,0,0,0,0
悟空黑神话投资成本,0,0,0,0,0
黑神话悟空开发成本,0,0,0,0,0
黑神话悟空开发成本大概会是多少,0,0,0,0,0
黑神话悟空目前开发成本是多少,0,0,0,0,0
黑神话 悟空 开发成本,0,0,0,0,0
黑神话悟空制作成本,0,0,0,0,0
黑神话悟空具体成本大概要多少钱,0,0,0,0,0
黑神话: 悟空成本,0,0,0,0,0
黑神话悟空 制作成本,0,0,0,0,0
黑神话悟空制作成本多少钱,0,0,0,0,0
黑神话悟空开发花成本,0,0,0,0,0
黑神话悟空开发成本至少3个亿,0,0,0,0,0
黑神话悟空的研发成本,0,0,0,0,0
黑悟空神话投资成本,0,0,0,0,0
