"""黑神话悟空""+""扮演""的长尾词",长尾词数,竞价词数,全网指数,PC日均流量,移动日均流量
黑神话悟空蜘蛛精扮演者,0,0,0,0,0
黑悟空神话蜘蛛精是谁扮演的,0,0,0,0,0
外国人 黑神话悟空是谁扮演的,0,0,0,0,0
黑悟空神话佛祖是谁扮演的,0,0,0,0,0
扮演黑神话悟空小说在线阅读下载,0,0,0,0,0
美国黑神话悟空是谁扮演的角色,0,0,0,0,0
黑神话悟空老头配音演员是谁扮演的,0,0,0,0,0
黑神话悟空杨奇的扮演者,0,0,0,0,0
黑神话悟空女儿国国王扮演者叫什么啊,0,0,0,0,0
黑神话悟空二姐扮演者,0,0,0,0,0
美国黑神话悟空是谁扮演的,0,0,0,0,0
扮演黑神话悟空小说在线阅读,0,0,0,0,0
饲养全人类开局扮演黑神话悟空,0,0,0,0,0
黑神话悟空女儿国国王扮演者叫什么,0,0,0,0,0
黑神话悟空女儿国国王扮演者是谁,0,0,0,0,0
黑神话悟空画师有谁扮演的,0,0,0,0,0
黑暗神话悟空配音演员是谁扮演的,0,0,0,0,0
黑神话悟空玩家扮演的是谁,0,0,0,0,0
黑神话悟空的画师是谁扮演的,0,0,0,0,0
黑神话悟空的画师是谁扮演的啊,0,0,0,0,0
扮演黑神话悟空小说免费阅读全文,0,0,0,0,0
黑神话悟空斗佛是谁扮演的,0,0,0,0,0
黑悟空神话人物是谁扮演的,0,0,0,0,0
黑神话悟空孔雀是谁扮演的,0,0,0,0,0
美国黑神话悟空是谁扮演的啊,0,0,0,0,0
黑神话悟空千手观音是谁扮演的啊,0,0,0,0,0
黑神话悟空女儿国国王扮演者是谁演的,0,0,0,0,0
黑神话悟空寅子配音演员是谁扮演的,0,0,0,0,0
黑神话悟空黄眉老佛是谁扮演的啊图片,0,0,0,0,0
都市之开局扮演黑神话悟空小说,0,0,0,0,0
黑神话悟空蜘蛛精扮演者是谁,0,0,0,0,0
黑神话悟空女儿国国王是谁扮演的,0,0,0,0,0
扮演黑神话.悟空的演员叫什么,0,0,0,0,0
扮演黑神话.悟空的演员是谁,0,0,0,0,0
黑神话悟空的老板是谁扮演的,0,0,0,0,0
扮演黑神话.悟空的演员有哪些,0,0,0,0,0
黑神话悟空蜘蛛精扮演者是谁演的,0,0,0,0,0
黑神话悟空玩家扮演什么角色,0,0,0,0,0
黑神话悟空孙悟空扮演者,0,0,0,0,0
扮演黑神话.悟空,0,0,0,0,0
开局扮演黑神话悟空系统黑国运,0,0,0,0,0
都市之开局扮演黑神话悟空,0,0,0,0,0
黑神话悟空黄眉老佛是谁扮演的,0,0,0,0,0
最近很火的黑神话悟空是谁扮演的,0,0,0,0,0
黑神话悟空蜘蛛精是谁扮演的,0,0,0,0,0
黑悟空神话悟空到底是谁扮演的,0,0,0,0,0
黑神话怪物悟空是谁扮演的,0,0,0,0,0
都市之开局扮演黑神话悟空小说免费阅读,0,0,0,0,0
黑神话悟空宣传片外国演员是谁扮演的,0,0,0,0,0
黑悟空神话老板娘是谁扮演的,0,0,0,0,0
韩国黑神话悟空是谁扮演的,0,0,0,0,0
黑神话悟空开头猴子是谁扮演的,0,0,0,0,0
最近很火的黑神话悟空是谁扮演的啊,0,0,0,0,0
黑神话悟空画师有谁扮演的啊,0,0,0,0,0
黑神话悟空画师有谁扮演的是谁,0,0,0,0,0
最近很火的黑神话悟空是谁扮演的是谁,0,0,0,0,0
黑神话悟空铁扇公主是谁扮演的,0,0,0,0,0
黑神话悟空亢金龙人物扮演叫什么,0,0,0,0,0
黑神话悟空六小龄童扮演者剧照,0,0,0,0,0
黑神话悟空黄眉老祖是谁扮演,0,0,0,0,0
黑神话悟空四妹是谁扮演的,0,0,0,0,0
扮演黑神话悟空,0,0,0,0,0
扮演黑神话.悟空的是谁,0,0,0,0,0
黑神话悟空扮演者,0,0,0,0,0
黑神话悟空头陀是谁扮演的,0,0,0,0,0
黑神话悟空大佬是谁扮演的,0,0,0,0,0
扮演黑神话悟空小说免费阅读下载,0,0,0,0,0
扮演黑神话悟空小说在线阅读全文,0,0,0,0,0
扮演黑神话悟空小说免费阅读无弹窗,0,0,0,0,0
黑神话悟空女儿国国王是谁扮演的啊,0,0,0,0,0
黑神话悟空女儿国国王扮演者叫什么级别,0,0,0,0,0
六小龄童在黑神话悟空里扮演谁,0,0,0,0,0
黑神话悟空萍萍的扮演者,0,0,0,0,0
黑神话悟空拜年短片扮演冯骥的人,0,0,0,0,0
开局扮演黑神话悟空,0,0,0,0,0
扮演黑神话悟空小说下载,0,0,0,0,0
扮演黑神话悟空小说免费阅读,0,0,0,0,0
黑神话悟空蓝衣猴子是谁扮演的,0,0,0,0,0
黑神话悟空的画师是谁扮演的角色,0,0,0,0,0
中国黑神话悟空是谁扮演的,0,0,0,0,0
黑神话悟空蜘蛛精配音演员是谁扮演的,0,0,0,0,0
黑神话悟空蜘蛛精扮演者是谁啊,0,0,0,0,0
黑神话悟空蓝衣猴子是谁扮演的角色,0,0,0,0,0
黑神话悟空黄眉老佛是谁扮演的角色啊,0,0,0,0,0
开局扮演黑神话悟空系统黑国运系统,0,0,0,0,0
扮演黑神话悟空小说,0,0,0,0,0
黑神话悟空片尾视频出现的角色是谁扮演的,0,0,0,0,0
黑暗神话悟空是谁扮演的,0,0,0,0,0
黑神话悟空红孩儿扮演者,0,0,0,0,0
外国人 黑神话悟空是谁扮演的电影,0,0,0,0,0
扮演黑神话.悟空的是谁呀,0,0,0,0,0
黑神话生化悟空是谁扮演的,0,0,0,0,0
都市之开局扮演黑神话悟空免费阅读小说,0,0,0,0,0
都市之开局扮演黑神话悟空免费阅读全文,0,0,0,0,0
黑神话悟空千手观音是谁扮演的角色,0,0,0,0,0
黑神话悟空蜘蛛姐妹是谁扮演的,0,0,0,0,0
黑神话悟空谁扮演的人,0,0,0,0,0
黑神话悟空女儿国国王扮演者叫什么名字,0,0,0,0,0
最近很火的黑神话悟空是谁扮演的角色,0,0,0,0,0
黑神话悟空蓝衣猴子是谁扮演的啊,0,0,0,0,0
黑神话悟空六小龄童扮演者叫什么,0,0,0,0,0
黑神话悟空二姐是谁扮演的,0,0,0,0,0
黑神话悟空画师有谁扮演,0,0,0,0,0
外国人 黑神话悟空是谁扮演的角色,0,0,0,0,0
外国人 黑神话悟空是谁扮演的啊,0,0,0,0,0
黑神话悟空孙悟空 白种人是谁扮演的,0,0,0,0,0
扮演黑神话悟空小说在线阅读免费,0,0,0,0,0
黑神话悟空张大仙配音演员是谁扮演的,0,0,0,0,0
黑神话悟空扮演者是谁,0,0,0,0,0
黑神话悟空女儿国国王是谁扮演的角色,0,0,0,0,0
黑神话悟空蓝衣猴子是谁扮演的是谁,0,0,0,0,0
黑神话悟空扮演者叫什么,0,0,0,0,0
扮演黑神话悟空的角色,0,0,0,0,0
黑神话悟空的扮演者是谁,0,0,0,0,0
黑神话悟空女妖精是谁扮演的,0,0,0,0,0
黑神话悟空扮演的玩家究竟是谁,0,0,0,0,0
黑神话悟空女儿国国王扮演者,0,0,0,0,0
都市之开局扮演黑神话悟空免费阅读,0,0,0,0,0
扮演黑神话.悟空的演员,0,0,0,0,0
黑神话悟空千手观音是谁扮演的,0,0,0,0,0
黑神话悟空黄眉老佛是谁扮演的啊,0,0,0,0,0
黑神话悟空到底是谁扮演的,0,0,0,0,0
扮演黑神话.悟空的是谁啊,0,0,0,0,0
黑神话悟空画师有谁扮演的角色,0,0,0,0,0
黑神话悟空女儿国国王扮演者是谁啊,0,0,0,0,0
黑神话悟空黄眉老佛是谁扮演的啊视频,0,0,0,0,0
西游记后传悟空扮演者谈黑神话,0,0,0,0,0
黑神话悟空的扮演者,0,0,0,0,0
黑神话悟空五妹扮演者,0,0,0,0,0
黑神话悟空黄眉老怪是谁扮演的,0,0,0,0,0
国产最强游戏黑神话悟空是谁扮演的,0,0,0,0,0
黑神话悟空黄眉老佛是谁扮演的角色,0,0,0,0,0
黑悟空神话老板是谁扮演的,0,0,0,0,0
都市之开局扮演黑神话悟空小说下载,0,0,0,0,0
都市之开局扮演黑神话悟空免费阅读下载,0,0,0,0,0
美国黑神话悟空是谁扮演的电影,0,0,0,0,0
黑神话悟空千手观音是谁扮演的是谁,0,0,0,0,0
黑神话悟空女儿国国王是谁扮演的是谁,0,0,0,0,0
黑神话悟空 天命人是谁扮演的,0,0,0,0,0
黑神话悟空黄眉老佛是谁扮演的啊呢,0,0,0,0,0
黑神话悟空扮演的是什么角色,0,0,0,0,0
黑神话悟空六小龄童扮演者,0,0,0,0,0
