"""黑神话悟空""+""几个""的长尾词",长尾词数,竞价词数,全网指数,PC日均流量,移动日均流量
黑神话悟空怎么不多出几个角色了,0,0,0,0,0
黑神话悟空可以几个人玩嘛手游,0,0,0,0,0
黑神话悟空几个人做的事情是什么,0,0,0,0,0
黑神话悟空最多支持几个人一起玩吗视频教学,0,0,0,0,0
黑神话悟空几个人做的游戏叫什么名字,0,0,0,0,0
黑神话悟空可以几个人玩嘛知乎文章下载,0,0,0,0,0
黑神话悟空可以几个人玩嘛手游下载教程,0,0,0,0,0
黑神话悟空最多支持几个人一起玩吗视频,0,0,0,0,0
黑神话悟空可以几个人玩嘛知乎小说,0,0,0,0,0
黑神话悟空可以几个人玩吗知乎文章,0,0,0,0,0
黑神话悟空可以几个人玩嘛手游下载安装教程,0,0,0,0,0
黑神话悟空目前曝光几个boss,0,0,0,0,0
黑神话悟空浮屠塔灯笼怪有几个,0,0,0,0,0
黑神话悟空第二回人物一共几个,0,0,0,0,0
黑神话悟空为里的几个故事,0,0,0,0,0
黑神话悟空灯笼怪有几个,0,0,0,0,0
黑神话悟空还有几个视频,0,0,0,0,0
黑神话悟空吉祥灯能收集几个,0,0,0,0,0
黑神话悟空第一章有几个人物,0,0,0,0,0
黑神话悟空第一章几个boss,0,0,0,0,0
黑神话悟空可以几个人玩吗手游版免费下载,0,0,0,0,0
黑神话悟空几个人做的事是什么样的呢,0,0,0,0,0
黑神话悟空几个人做的游戏,0,0,0,0,0
黑神话悟空可以几个人一起玩吗手游下载,0,0,0,0,0
黑神话悟空一共几个怪,0,0,0,0,0
黑神话悟空能不能一个人买几个人玩,0,0,0,0,0
黑神话悟空可以联机吗最多几个人,0,0,0,0,0
黑悟空神话有几个结局,0,0,0,0,0
黑神话悟空购买后可以几个人使用,0,0,0,0,0
黑神话悟空变身有几个,0,0,0,0,0
黑神话悟空第一关有几个隐藏boss,0,0,0,0,0
黑神话悟空支持几个存档吗,0,0,0,0,0
黑神话悟空第一章有几个妖王,0,0,0,0,0
黑神话悟空几个关卡的名字是什么,0,0,0,0,0
黑神话悟空第一章有几个boss,0,0,0,0,0
黑神话悟空浮屠界紫色牢门有几个,0,0,0,0,0
黑神话悟空的几个动画片,0,0,0,0,0
黑神话悟空几个故事,0,0,0,0,0
黑神话悟空几个人做的游戏叫什么,0,0,0,0,0
黑神话悟空可以几个人一起玩吗手游版本,0,0,0,0,0
黑神话悟空可以几个人玩嘛知乎文章免费,0,0,0,0,0
黑神话悟空可以几个人玩嘛知乎小说下载,0,0,0,0,0
黑神话悟空可以几个人一起玩吗手游,0,0,0,0,0
黑神话悟空最多支持几个人一起玩吗,0,0,0,0,0
黑神话悟空可以几个人玩嘛知乎,0,0,0,0,0
黑神话悟空最多支持几个人一起玩游戏,0,0,0,0,0
黑神话悟空可以几个人玩嘛知乎文章下载不了,0,0,0,0,0
黑神话悟空可以几个人一起玩吗视频下载,0,0,0,0,0
黑神话悟空一共有几个boss,0,0,0,0,0
黑神话悟空怎么不多出几个角色了呀,0,0,0,0,0
黑神话悟空剧情有几个结局解析,0,0,0,0,0
黑神话悟空可以选几个角色,0,0,0,0,0
黑神话悟空能存几个档吗,0,0,0,0,0
黑神话悟空一个激活码可以几个人玩吗,0,0,0,0,0
黑神话悟空黑风山有几个莆团,0,0,0,0,0
黑神话悟空佛目珠有几个,0,0,0,0,0
黑神话悟空支持几个存档,0,0,0,0,0
黑神话悟空种子怎么看收集了几个,0,0,0,0,0
黑神话悟空第一回有几个妖王,0,0,0,0,0
黑神话悟空猪八戒几个女儿,0,0,0,0,0
黑神话悟空第一章有几个头目,0,0,0,0,0
黑神话悟空下毒手要打几个手臂,0,0,0,0,0
黑神话悟空吉祥灯可以拿几个,0,0,0,0,0
黑神话悟空神器一共有几个,0,0,0,0,0
黑神话悟空几个角色,0,0,0,0,0
黑神话悟空最多支持几个人一起玩游戏吗,0,0,0,0,0
黑神话悟空可以几个人一起玩吗手游版本下载,0,0,0,0,0
黑神话悟空可以几个人玩吗手游版下载,0,0,0,0,0
黑神话悟空可以几个人玩嘛手游版免费,0,0,0,0,0
黑神话悟空可以几个人玩一起吗手游下载,0,0,0,0,0
黑神话悟空可以几个人一起玩吗视频教学,0,0,0,0,0
黑神话悟空可以几个人玩一起吗视频教程,0,0,0,0,0
黑神话悟空可以几个人玩一起吗视频教学全集,0,0,0,0,0
黑神话悟空游戏时长几个小时,0,0,0,0,0
黑神话悟空售价有几个版本,0,0,0,0,0
黑神话悟空能开几个存档,0,0,0,0,0
悟空黑神话陕西有几个景点,0,0,0,0,0
黑神话悟空激活码可以几个电脑用,0,0,0,0,0
黑神话悟空第一章几个妖王,0,0,0,0,0
黑神话悟空紫蛛儿的几个女儿,0,0,0,0,0
黑神话悟空几个章节概括,0,0,0,0,0
黑神话悟空小活师有几个,0,0,0,0,0
黑神话悟空的结局有几个,0,0,0,0,0
黑神话悟空小西天有几个传送点,0,0,0,0,0
黑神话悟空琥珀念珠能拿几个,0,0,0,0,0
黑神话悟空团队被挖了几个人,0,0,0,0,0
黑神话悟空最多支持几个人一起玩,0,0,0,0,0
黑神话悟空几个人做的,0,0,0,0,0
黑神话悟空可以几个人玩吗,0,0,0,0,0
黑神话悟空可以几个人玩嘛知乎文章,0,0,0,0,0
黑神话悟空几个人做的事情,0,0,0,0,0
黑神话悟空最多支持几个人一起玩吗视频教程,0,0,0,0,0
黑神话悟空可以几个人玩一起吗手游版本下载,0,0,0,0,0
黑神话悟空可以几个人玩吗手游下载安装教程,0,0,0,0,0
黑神话悟空可以几个人玩嘛手游下载教程视频,0,0,0,0,0
黑神话悟空几个章节,0,0,0,0,0
黑神话悟空投资了几个亿,0,0,0,0,0
黑神话悟空怎么不多出几个角色了呢,0,0,0,0,0
黑神话悟空几个版本,0,0,0,0,0
黑神话悟空剧情有几个结局,0,0,0,0,0
黑神话悟空能联机几个人,0,0,0,0,0
黑悟空神话一个账号可以几个人玩,0,0,0,0,0
黑神话悟空珍玩槽位最多几个,0,0,0,0,0
黑神话悟空里的妖怪有几个,0,0,0,0,0
黑神话悟空几个人做的事情有哪些呢,0,0,0,0,0
黑神话悟空可以几个人玩嘛知乎文章免费观看,0,0,0,0,0
黑神话悟空几个人做的事情是什么意思,0,0,0,0,0
黑神话悟空可以几个人玩吗知乎小说,0,0,0,0,0
黑神话悟空可以几个人玩嘛手游版,0,0,0,0,0
黑神话悟空可以几个人玩吗知乎,0,0,0,0,0
黑神话悟空可以几个人玩一起吗手游,0,0,0,0,0
黑神话悟空可以几个人玩一起吗,0,0,0,0,0
黑神话悟空最多支持几个人一起玩吗手游,0,0,0,0,0
黑神话悟空可以几个人玩一起吗视频下载免费,0,0,0,0,0
黑神话悟空可以几个人玩一起吗手游版本,0,0,0,0,0
黑神话悟空可以几个人一起玩吗视频,0,0,0,0,0
黑神话悟空一共有几个视频,0,0,0,0,0
黑神话悟空几个结局,0,0,0,0,0
黑神话悟空能不能一个人买几个人玩吗,0,0,0,0,0
黑悟空神话有几个角色,0,0,0,0,0
黑神话悟空目前有几个boss,0,0,0,0,0
黑神话悟空猪八戒蜘蛛精有几个女儿,0,0,0,0,0
黑神话悟空黑风山一共几个boss,0,0,0,0,0
黑神话悟空第一回几个妖王,0,0,0,0,0
黑神话悟空六六村有几个人,0,0,0,0,0
黑神话悟空金棕衣一共能出几个,0,0,0,0,0
黑神话悟空一共几个章节,0,0,0,0,0
黑神话悟空博山炉能获得几个,0,0,0,0,0
黑神话悟空怎么不多出几个角色,0,0,0,0,0
黑神话悟空每年发布几个视频,0,0,0,0,0
黑神话悟空可以几个人一起玩吗手游版下载,0,0,0,0,0
黑神话悟空最多支持几个人一起玩吗手游下载,0,0,0,0,0
黑神话悟空可以几个人玩一起吗视频下载安装,0,0,0,0,0
黑神话悟空可以几个人玩一起吗视频教学下载,0,0,0,0,0
黑神话悟空可以几个人玩嘛知乎小说免费阅读,0,0,0,0,0
黑神话悟空可以几个人玩嘛手游版下载安装,0,0,0,0,0
黑神话悟空可以几个人玩吗手游下载,0,0,0,0,0
黑神话悟空几个人做的事是什么样的,0,0,0,0,0
黑神话悟空一共有几个视频播放,0,0,0,0,0
黑神话悟空可以几个玩家一起玩吗,0,0,0,0,0
悟空黑神话几个结局,0,0,0,0,0
黑神话悟空现在有几个结局了,0,0,0,0,0
黑神话悟空第一章一共几个boss,0,0,0,0,0
黑神话悟空一共几个妖怪,0,0,0,0,0
黑神话悟空一共几个葫芦,0,0,0,0,0
黑神话悟空一周目最多几个成就,0,0,0,0,0
黑神话悟空第一章妖王有几个,0,0,0,0,0
黑神话悟空杨戬几个外貌,0,0,0,0,0
黑神话悟空大力铁角一周目有几个,0,0,0,0,0
黑神话悟空一共有几个葫芦,0,0,0,0,0
黑神话悟空几个形态,0,0,0,0,0
黑神话悟空可以几个人玩,0,0,0,0,0
黑神话悟空可以几个人玩吗手游版下载苹果,0,0,0,0,0
黑神话悟空可以几个人玩嘛知乎小说下载安装,0,0,0,0,0
黑神话悟空可以几个人玩嘛手游版下载苹果,0,0,0,0,0
黑神话悟空几个人做的事情有哪些,0,0,0,0,0
黑神话悟空几个人做的游戏叫什么来着,0,0,0,0,0
黑神话悟空可以几个人玩吗手游版本,0,0,0,0,0
黑神话悟空发布了几个视频,0,0,0,0,0
黑神话悟空可以几个人玩吗手游版本下载,0,0,0,0,0
黑神话悟空几个人做的游戏叫什么名字啊,0,0,0,0,0
黑神话悟空几个人做的事是什么,0,0,0,0,0
黑神话悟空可以几个人玩嘛知乎文章免费阅读,0,0,0,0,0
黑神话悟空可以几个人一起玩吗视频教程,0,0,0,0,0
黑神话悟空可以几个人玩一起吗视频下载,0,0,0,0,0
黑神话悟空一共有几个视频啊,0,0,0,0,0
黑神话悟空几个结局是什么,0,0,0,0,0
黑神话悟空能存几个档,0,0,0,0,0
黑神话悟空在哪几个平台,0,0,0,0,0
黑神话悟空总共几个boss,0,0,0,0,0
黑神话悟空一周目能走几个结局,0,0,0,0,0
黑神话悟空第三章有几个土地庙,0,0,0,0,0
黑神话悟空隐藏龙有几个,0,0,0,0,0
黑神话悟空月玉兔可以获得几个,0,0,0,0,0
黑神话悟空能升级的葫芦有几个版本,0,0,0,0,0
黑神话悟空可以上传几个存档到云,0,0,0,0,0
黑神话悟空通天角一周目几个,0,0,0,0,0
黑神话悟空二郎神几个武器,0,0,0,0,0
黑神话悟空可以几个人一起玩吗手游下载链接,0,0,0,0,0
黑神话悟空可以几个人玩吗手游下载安装,0,0,0,0,0
黑神话悟空可以几个人一起玩吗手游下载安装,0,0,0,0,0
黑神话悟空可以几个人玩嘛手游下载安装,0,0,0,0,0
黑神话悟空几个人做的事是什么意思,0,0,0,0,0
黑神话悟空可以几个人玩一起吗视频教程下载,0,0,0,0,0
黑神话悟空可以几个人一起玩吗视频教程下载,0,0,0,0,0
黑神话悟空可以几个人玩一起吗手游版下载,0,0,0,0,0
黑神话悟空可以几个人玩嘛手游下载,0,0,0,0,0
黑神话悟空可以几个人玩一起吗视频教学,0,0,0,0,0
黑神话悟空可以几个人玩一起吗手游版,0,0,0,0,0
黑神话悟空可以几个人玩吗手游,0,0,0,0,0
黑神话悟空几个人做的游戏叫什么名字来着,0,0,0,0,0
黑神话悟空几个人做的事情是什么啊,0,0,0,0,0
黑神话悟空可以几个人一起玩吗手游版本多少,0,0,0,0,0
黑神话悟空可以几个人玩嘛手游下载教程图片,0,0,0,0,0
黑神话悟空几个造型,0,0,0,0,0
黑神话悟空珍玩能带几个,0,0,0,0,0
黑神话悟空酒都有几个,0,0,0,0,0
黑神话悟空可以有几个存档,0,0,0,0,0
黑神话悟空第一关有几个妖王,0,0,0,0,0
黑神话悟空一周目可以解锁几个成就,0,0,0,0,0
黑神话悟空的三叶虫一共几个,0,0,0,0,0
黑神话悟空浮屠界灯笼怪有几个,0,0,0,0,0
黑神话悟空第二章几个佛头,0,0,0,0,0
黑神话悟空剧情有几个结局视频,0,0,0,0,0
黑神话悟空二周目三冬虫能拿几个,0,0,0,0,0
黑神话悟空可以几个人玩嘛,0,0,0,0,0
黑神话悟空可以几个人一起玩吗手游版,0,0,0,0,0
黑神话悟空几个人做的游戏是什么,0,0,0,0,0
黑神话悟空可以几个人玩吗手游版,0,0,0,0,0
黑神话悟空可以几个人玩嘛手游版免费下载,0,0,0,0,0
黑神话悟空几个人做的事是什么意思呀,0,0,0,0,0
黑神话悟空可以几个人玩吗手游版下载安装,0,0,0,0,0
黑神话悟空可以几个人玩嘛手游下载安装不了,0,0,0,0,0
黑神话悟空几个人做的事是什么意思啊,0,0,0,0,0
黑神话悟空可以几个人玩吗手游下载安装不了,0,0,0,0,0
黑神话悟空几个人做的事,0,0,0,0,0
黑神话悟空可以几个人玩一起吗视频,0,0,0,0,0
黑神话悟空可以几个人一起玩吗,0,0,0,0,0
黑神话悟空可以几个人玩嘛手游版下载,0,0,0,0,0
黑神话悟空可以几个人一起玩吗视频教程全集,0,0,0,0,0
黑神话悟空可以几个人玩一起吗视频教程全集,0,0,0,0,0
黑神话悟空剧情几个小时,0,0,0,0,0
黑悟空神话需要几个g,0,0,0,0,0
黑神话悟空剧情大概几个小时,0,0,0,0,0
黑神话悟空已经出了几个boss,0,0,0,0,0
黑神话悟空boss有几个,0,0,0,0,0
黑神话悟空结局有几个,0,0,0,0,0
黑神话悟空到底有几个结局,0,0,0,0,0
黑神话悟空一回几个妖王,0,0,0,0,0
黑神话悟空业火晶一周目有几个,0,0,0,0,0
黑神话悟空第六回有几个土地庙,0,0,0,0,0
黑神话悟空二周目龟泪能拿几个,0,0,0,0,0
黑神话悟空五蕴丹能吃几个,0,0,0,0,0
黑神话悟空山西太原景点有几个,0,0,0,0,0
黑神话悟空二郎神有几个阶段,0,0,0,0,0
黑神话悟空泥塑金刚有几个,0,0,0,0,0
