"""黑神话悟空""+""两个""的长尾词",长尾词数,竞价词数,全网指数,PC日均流量,移动日均流量
黑神话悟空为什么有两个悟空,0,0,0,0,0
黑神话悟空有两个悟空叫什么,0,0,0,0,0
黑神话悟空有两个悟空吗视频,0,0,0,0,0
黑神话悟空可不可以有两个存档,0,0,0,0,0
黑神话悟空两个结局触发条件,0,0,0,0,0
黑神话悟空影神图最后两个人物叫什么,0,0,0,0,0
黑神话悟空最后两个人物是谁,0,0,0,0,0
黑神话悟空打赢后出现的那两个字,0,0,0,0,0
黑神话悟空影神图最后两个人物如何解锁,0,0,0,0,0
黑神话版悟空两个字图片,0,0,0,0,0
黑神话里为什么有两个悟空,0,0,0,0,0
黑神话悟空里为什么有两个悟空,0,0,0,0,0
黑神话悟空如何打两个boss,0,0,0,0,0
黑神话悟空买一个能两个人玩吗,0,0,0,0,0
黑神话悟空 两个结局,0,0,0,0,0
如何评价黑神话悟空只有两个结局,0,0,0,0,0
黑神话悟空有悟空两个字的壁纸,0,0,0,0,0
黑神话悟空小西天少两个人物,0,0,0,0,0
黑神话悟空两个隐藏成就是什么,0,0,0,0,0
黑神话悟空为什么有两个孙悟空,0,0,0,0,0
黑神话悟空有两个悟空是怎么回事啊,0,0,0,0,0
黑神话悟空正版购买可以两个人一起玩吗,0,0,0,0,0
黑神话 悟空 只有两个结局,0,0,0,0,0
黑神话悟空 为什么只有两个结局,0,0,0,0,0
黑神话悟空一个账号两个人玩,0,0,0,0,0
黑神话悟空葫芦两个点什么意思啊,0,0,0,0,0
黑神话悟空人物收集最后两个是什么,0,0,0,0,0
黑神话悟空为什么有两个猴子,0,0,0,0,0
黑神话悟空两个悟空,0,0,0,0,0
黑神话悟空有两个悟空怎么回事,0,0,0,0,0
黑神话悟空怎么有两个孙悟空,0,0,0,0,0
黑神话悟空有两个悟空吗,0,0,0,0,0
黑神话悟空为啥有两个猴子,0,0,0,0,0
黑悟空神话能在两个电脑上玩吗,0,0,0,0,0
黑神话悟空赢了妖王那两个字怎么读,0,0,0,0,0
黑神话悟空人物差两个,0,0,0,0,0
黑神话悟空可以有两个存档吗,0,0,0,0,0
黑神话悟空两个孙悟空,0,0,0,0,0
黑神话悟空可以两个人一起玩,0,0,0,0,0
黑神话悟空两个价位有什么区别,0,0,0,0,0
黑悟空神话两个版本区别,0,0,0,0,0
以两个平常心看待黑神话悟空的火热,0,0,0,0,0
黑神话悟空最后两个人物,0,0,0,0,0
黑悟空神话怎么两个同时玩,0,0,0,0,0
黑神话悟空小黄龙的需要把前两个隐藏龙,0,0,0,0,0
黑悟空神话为什么有两个猴子,0,0,0,0,0
黑悟空神话里面为什么有两个悟空,0,0,0,0,0
黑神话悟空两个版本配音对比,0,0,0,0,0
黑神话悟空能同时有两个存档吗,0,0,0,0,0
黑神话悟空两个结局是什么,0,0,0,0,0
黑神话悟空人物收集最后两个,0,0,0,0,0
黑神话悟空游记人物最后两个,0,0,0,0,0
黑神话悟空有两个悟空叫什么来着,0,0,0,0,0
黑神话悟空能两个人玩吗,0,0,0,0,0
黑神话悟空的两个结局,0,0,0,0,0
黑神话悟空一周目能打两个结局吗,0,0,0,0,0
黑神话悟空两个版本有什么区别,0,0,0,0,0
黑神话悟空只有两个结局吗,0,0,0,0,0
黑神话悟空出现两个画面怎么回事,0,0,0,0,0
黑神话悟空最后两个人物图鉴怎么解锁,0,0,0,0,0
黑神话悟空二郎神后两个人物,0,0,0,0,0
黑神话悟空人物影神图最后两个怎么解锁,0,0,0,0,0
黑神话悟空一周目差两个人物,0,0,0,0,0
黑悟空神话为啥有两个猴子,0,0,0,0,0
黑神话悟空两个版本的区别,0,0,0,0,0
黑神话悟空可以两个人一起玩吗,0,0,0,0,0
黑神话悟空确定只有两个结局,0,0,0,0,0
黑神话悟空两个猴子,0,0,0,0,0
黑神话悟空有两个悟空,0,0,0,0,0
黑神话悟空两个boss该怎么打,0,0,0,0,0
黑神话悟空有两个悟空吗图片,0,0,0,0,0
黑神话悟空两个版本区别,0,0,0,0,0
黑神话悟空两个版本的区别在哪里,0,0,0,0,0
黑神话悟空影神图最后两个人物,0,0,0,0,0
如何两个人同时玩一个黑神话悟空的方法,0,0,0,0,0
黑神话悟空最后两个人怎么解锁,0,0,0,0,0
黑神话悟空影神图人物最后两个,0,0,0,0,0
黑神话悟空影神图最后两个人物解锁,0,0,0,0,0
黑神话悟空正版购买可以两个人一吗,0,0,0,0,0
悟空黑神话两个版本区别,0,0,0,0,0
黑神话悟空两个彩蛋,0,0,0,0,0
黑神话悟空两个隐藏龙在哪里,0,0,0,0,0
黑神话悟空头上两个灯笼叫什么,0,0,0,0,0
黑神话悟空怎么有两个悟空,0,0,0,0,0
黑神话悟空游戏两个悟空剧情解析,0,0,0,0,0
黑神话为什么有两个悟空,0,0,0,0,0
黑神话两个悟空,0,0,0,0,0
黑神话悟空有两个悟空是怎么回事,0,0,0,0,0
黑神话悟空有两个悟空叫什么名字,0,0,0,0,0
黑神话悟空有两个悟空是怎么回事儿,0,0,0,0,0
黑神话悟空 只有两个结局,0,0,0,0,0
黑神话悟空可以两个人玩吗,0,0,0,0,0
黑神话悟空怎么存两个档,0,0,0,0,0
