"""黑神话悟空""+""不是""的长尾词",长尾词数,竞价词数,全网指数,PC日均流量,移动日均流量
前一阵不是黑神话悟空嘛,0,0,0,0,0
黑神话悟空第一个预告不是真实的吗知乎全文,0,0,0,0,0
黑神话悟空不是早就上线了吗知乎全文阅读,0,0,0,0,0
黑神话悟空第一个预告不是真实的吗,0,0,0,0,0
黑神话悟空不是早就上线了吗知乎小说,0,0,0,0,0
黑神话悟空不是解散了吗,0,0,0,0,0
黑神话悟空不是早就出来了吗,0,0,0,0,0
黑神话悟空第一个预告不是真实的吗视频下载,0,0,0,0,0
黑神话悟空第一个预告不是真实的吗知乎小说,0,0,0,0,0
黑神话悟空第一个预告不是真实的吗视频播放,0,0,0,0,0
黑神话悟空不是早就上线了吗知乎全文,0,0,0,0,0
黑神话悟空不是网游吗知乎,0,0,0,0,0
黑神话悟空投资人不是阿里,0,0,0,0,0
黑神话悟空不是上线了吗小说免费阅读,0,0,0,0,0
黑神话悟空不是上线了吗知乎吧,0,0,0,0,0
黑神话悟空 重要的不是到达灵山,0,0,0,0,0
肯定不是黑神话悟空战神4,0,0,0,0,0
黑神话悟空第一个预告不是真实的吗视频,0,0,0,0,0
黑神话悟空不是早就上线了吗,0,0,0,0,0
黑神话悟空不是早就上线了吗知乎小说下载,0,0,0,0,0
黑神话悟空第一个预告不是真实实机,0,0,0,0,0
黑神话悟空不是上线了吗知乎小说,0,0,0,0,0
黑神话悟空不是上线了吗小说叫什么,0,0,0,0,0
黑神话悟空不是上线了吗知乎全文,0,0,0,0,0
黑神话悟空不是上线了吗小说在线阅读,0,0,0,0,0
黑神话悟空的猴子不是孙悟空吗,0,0,0,0,0
为什么黑神话主角不是悟空,0,0,0,0,0
黑神话悟空第一个预告不是真实的吗知乎,0,0,0,0,0
黑神话悟空为啥不是开放世界,0,0,0,0,0
黑神话悟空的主角不是孙悟空吗,0,0,0,0,0
黑神话悟空主角不是悟空到底是谁,0,0,0,0,0
黑神话悟空主角不是孙悟空,0,0,0,0,0
黑神话悟空不是发售了吗,0,0,0,0,0
黑神话悟空不是早就上线了吗知乎,0,0,0,0,0
黑神话悟空不是手游吗,0,0,0,0,0
黑神话悟空不是孙悟空,0,0,0,0,0
黑神话悟空不是上线了吗知乎,0,0,0,0,0
黑神话悟空不是上线了吗小说,0,0,0,0,0
黑神话悟空不是上线了吗小说全文,0,0,0,0,0
黑神话悟空不是几年前的游戏吗,0,0,0,0,0
黑神话悟空不是上线了吗,0,0,0,0,0
