"""黑神话悟空""+""测试版""的长尾词",长尾词数,竞价词数,全网指数,PC日均流量,移动日均流量
黑神话悟空测试版下载,0,0,0,0,0
黑悟空神话官方测试版预约,0,0,0,0,0
黑神话: 悟空测试版,0,0,0,0,0
黑神话悟空下载手游测试版,0,0,0,0,0
黑神话悟空测试版下载教程视频,0,0,0,0,0
黑神话悟空测试版下载教程,0,0,0,0,0
黑神话悟空测试版下载教程手机,0,0,0,0,0
怎么玩黑神话悟空测试版手机下载教程,0,0,0,0,0
黑神话悟空测试版怎么弄出来手机,0,0,0,0,0
黑神话之悟空测试版下载,0,0,0,0,0
黑神话悟空游戏官方测试版预约,0,0,0,0,0
哪里可以玩黑神话悟空测试版,0,0,0,0,0
玩黑神话悟空测试版要钱吗知乎,0,0,0,0,0
黑神话悟空测试版怎么弄的,0,0,0,0,0
怎么玩黑神话悟空测试版游戏教程,0,0,0,0,0
黑神话悟空测试版怎么弄出来手机的,0,0,0,0,0
黑神话悟空怎么玩测试版视频下载,0,0,0,0,0
黑神话悟空怎么玩测试版的游戏,0,0,0,0,0
黑神话悟空手机测试版下载安装教程,0,0,0,0,0
黑神话悟空手机测试版怎么下载不了,0,0,0,0,0
黑神话悟空手机测试版下载,0,0,0,0,0
黑神话悟空手机测试版,0,0,0,0,0
玩黑神话悟空测试版,0,0,0,0,0
黑神话悟空steam测试版,0,0,0,0,0
黑神话悟空官方测试版,0,0,0,0,0
黑神话悟空实际测试版下载,0,0,0,0,0
黑神话悟空最新测试版预约,0,0,0,0,0
黑神话悟空测试版电脑,0,0,0,0,0
黑神话悟空的测试版在哪里下载的,0,0,0,0,0
黑神话悟空测试版在哪里下载安装,0,0,0,0,0
黑神话悟空先行测试版怎么弄,0,0,0,0,0
怎么玩黑神话悟空测试版游戏视频,0,0,0,0,0
怎么玩黑神话悟空测试版手机,0,0,0,0,0
怎么玩黑神话悟空测试版游戏视频大全,0,0,0,0,0
手机版黑神话悟空测试版哪里下,0,0,0,0,0
黑神话悟空怎么玩测试版的,0,0,0,0,0
黑神话悟空手机测试版下载安装,0,0,0,0,0
黑神话悟空测试版app,0,0,0,0,0
黑神话悟空什么时候能玩测试版,0,0,0,0,0
黑神话悟空官方测试版免费下载,0,0,0,0,0
黑神话悟空怎么玩测试版视频教学,0,0,0,0,0
黑神话悟空测试版下载教程手机怎么下载不了,0,0,0,0,0
黑神话悟空测试版怎么弄出来,0,0,0,0,0
怎么玩黑神话悟空测试版游戏,0,0,0,0,0
黑神话悟空测试版怎么弄,0,0,0,0,0
怎么玩黑神话悟空测试版手机游戏呢,0,0,0,0,0
黑神话悟空手机测试版怎么下载,0,0,0,0,0
黑神话悟空测试版steam,0,0,0,0,0
黑悟空神话手机版官网测试版预约,0,0,0,0,0
黑神话悟空测试版游戏下载,0,0,0,0,0
黑神话悟空测试版手游下载,0,0,0,0,0
玩黑神话悟空测试版要钱吗安全吗,0,0,0,0,0
黑神话悟空测试版下载教程手机怎么下载,0,0,0,0,0
怎么玩黑神话悟空测试版手机游戏教程,0,0,0,0,0
黑神话悟空怎么玩测试版的视频,0,0,0,0,0
黑神话悟空官方测试版下载,0,0,0,0,0
黑神话悟空怎么玩测试版视频,0,0,0,0,0
黑神话悟空手机测试版怎么下载教程,0,0,0,0,0
黑神话悟空手机测试版下载教程,0,0,0,0,0
黑神话悟空2022最新实机测试版下载,0,0,0,0,0
黑神话悟空测试版启动不了怎么回事,0,0,0,0,0
黑神话之悟空测试版游戏,0,0,0,0,0
黑悟空神话测试版,0,0,0,0,0
黑神话悟空测试版手游,0,0,0,0,0
黑神话悟空测试版在哪里下载,0,0,0,0,0
怎么玩黑神话悟空测试版手机游戏视频,0,0,0,0,0
玩黑神话悟空测试版会封号吗知乎,0,0,0,0,0
黑神话悟空测试版下载教程安装手机,0,0,0,0,0
怎么在手机上玩黑神话悟空测试版,0,0,0,0,0
玩黑神话悟空测试版要钱吗,0,0,0,0,0
黑神话之悟空测试版怎么登录,0,0,0,0,0
黑神话悟空手机测试版下载安装苹果,0,0,0,0,0
黑神话悟空怎么玩测试版,0,0,0,0,0
黑神话悟空有没有测试版,0,0,0,0,0
黑神话悟空测试版配置,0,0,0,0,0
黑神话悟空测试版在哪里下,0,0,0,0,0
怎么玩黑神话悟空测试版视频,0,0,0,0,0
怎么玩黑神话悟空测试版游戏啊视频,0,0,0,0,0
黑神话悟空测试版要钱吗,0,0,0,0,0
怎么玩黑神话悟空测试版游戏啊手机,0,0,0,0,0
黑神话悟空怎么玩内部测试版,0,0,0,0,0
黑暗神话悟空游戏官网测试版预约,0,0,0,0,0
黑神话悟空的测试版在哪里下载游戏,0,0,0,0,0
黑神话悟空测试版怎么下载,0,0,0,0,0
黑神话悟空测试版下载教程安装,0,0,0,0,0
怎么在手机上玩黑神话悟空测试版呢,0,0,0,0,0
玩黑神话悟空测试版会封号吗安全吗,0,0,0,0,0
怎么玩黑神话悟空测试版,0,0,0,0,0
怎么玩黑神话悟空测试版手机下载安装,0,0,0,0,0
怎么玩黑神话悟空测试版手机游戏,0,0,0,0,0
怎么玩黑神话悟空测试版手机下载,0,0,0,0,0
玩黑神话悟空测试版会封号吗,0,0,0,0,0
黑神话悟空怎么玩测试版手机下载,0,0,0,0,0
黑神话悟空官方测试版下载安装,0,0,0,0,0
黑神话悟空怎么玩测试版手机,0,0,0,0,0
黑神话悟空2022最新实机测试版,0,0,0,0,0
黑神话之悟空测试版,0,0,0,0,0
黑神话悟空怎么玩测试版视频教程,0,0,0,0,0
黑神话悟空怎么玩测试版手机游戏,0,0,0,0,0
怎么玩黑神话悟空测试版游戏啊,0,0,0,0,0
玩黑神话悟空测试版怎么下载,0,0,0,0,0
怎么玩黑神话悟空测试版游戏视频教程,0,0,0,0,0
怎么玩黑神话悟空测试版游戏教程视频,0,0,0,0,0
黑神话悟空手机测试版怎么下载安装,0,0,0,0,0
黑神话悟空先行测试版怎么弄到手机上,0,0,0,0,0
黑神话悟空测试版,0,0,0,0,0
黑神话悟空测试版哪里下,0,0,0,0,0
黑神话悟空的测试版在哪里下载,0,0,0,0,0
黑神话悟空测试版steam图片,0,0,0,0,0
steam黑神话悟空测试版,0,0,0,0,0
黑神话悟空先行测试版怎么弄的,0,0,0,0,0
黑神话悟空先行测试版怎么弄出来,0,0,0,0,0
黑神话悟空测试版泄露,0,0,0,0,0
