"""黑神话悟空""+""技能""的长尾词",长尾词数,竞价词数,全网指数,PC日均流量,移动日均流量
黑神话之悟空变身技能介绍,0,0,0,0,0
黑神话悟空所有技能,0,0,0,0,0
黑神话悟空用什么做的技能,0,0,0,0,0
黑神话悟空全部技能,0,0,0,0,0
黑神话悟空女拳是谁的技能,0,0,0,0,0
黑神话悟空孙悟空的技能是什么呢,0,0,0,0,0
黑神话悟空手柄技能,0,0,0,0,0
黑神话悟空玩家控制的是谁的技能,0,0,0,0,0
黑神话悟空没有技能吗图片高清版,0,0,0,0,0
黑神话悟空没有技能吗图片大全简单,0,0,0,0,0
黑神话悟空全部技能介绍详解,0,0,0,0,0
黑神话悟空技能图标,0,0,0,0,0
黑神话悟空用什么做的技能好啊,0,0,0,0,0
游戏黑神话悟空技能是什么,0,0,0,0,0
黑神话悟空怎么换法术技能,0,0,0,0,0
黑神话悟空怎么更换精魄技能,0,0,0,0,0
黑神话悟空无限技能被修复了吗,0,0,0,0,0
黑神话悟空怎么变换技能,0,0,0,0,0
黑神话悟空法宝技能,0,0,0,0,0
黑神话悟空技能招式解析,0,0,0,0,0
黑神话悟空怪物技能,0,0,0,0,0
黑神话悟空技能展示,0,0,0,0,0
黑神话悟空技能详细对比,0,0,0,0,0
黑悟空神话酷炫技能加点,0,0,0,0,0
黑神话悟空没有技能吗图片大全,0,0,0,0,0
黑神话悟空所有技能图片高清,0,0,0,0,0
黑悟空神话酷炫技能介绍图片,0,0,0,0,0
黑神话悟空的技能招式解析,0,0,0,0,0
黑神话悟空各种技能,0,0,0,0,0
黑神话悟空七龙珠怎么获得技能最好,0,0,0,0,0
黑神话悟空战斗机制怎么获得技能点,0,0,0,0,0
黑神话悟空游戏技能,0,0,0,0,0
黑神话悟空用什么做的技能好用,0,0,0,0,0
黑神话悟空猴子技能,0,0,0,0,0
黑神话 悟空 技能点,0,0,0,0,0
黑神话悟空怎么换奇术技能,0,0,0,0,0
黑神话悟空电脑怎么换变化技能,0,0,0,0,0
黑神话悟空技能点怎么加,0,0,0,0,0
黑悟空神话的技能键位有哪些,0,0,0,0,0
黑神话悟空石头人技能怎么用啊,0,0,0,0,0
黑神话悟空技能点分配,0,0,0,0,0
黑神话悟空怎么换法术和变身技能攻略视频,0,0,0,0,0
黑神话 悟空 技能,0,0,0,0,0
黑神话悟空最强技能是什么意思,0,0,0,0,0
黑神话悟空的技能大全,0,0,0,0,0
黑神话悟空所有技能图片,0,0,0,0,0
黑悟空神话酷炫技能怎么用,0,0,0,0,0
黑神话悟空用什么做的技能最好,0,0,0,0,0
黑暗神话悟空怎么获得技能,0,0,0,0,0
黑神话悟空技能解读图,0,0,0,0,0
黑神话悟空有没有弹刀技能,0,0,0,0,0
黑神话悟空技能图片,0,0,0,0,0
黑神话悟空能否超越原神角色技能,0,0,0,0,0
黑神话悟空没有技能吗怎么办呀啊,0,0,0,0,0
黑神话悟空没有技能吗图片高清大图,0,0,0,0,0
黑神话悟空用了几年开发出来的技能,0,0,0,0,0
黑神话悟空多少技能,0,0,0,0,0
黑神话悟空帅气技能,0,0,0,0,0
黑神话悟空七龙珠怎么获得技能效果,0,0,0,0,0
黑神话悟空能放技能吗,0,0,0,0,0
黑神话悟空用什么做的技能啊视频,0,0,0,0,0
黑神话悟空用什么做的技能好一点,0,0,0,0,0
黑神话悟空技能加点推荐,0,0,0,0,0
黑神话悟空怎么切换神通技能,0,0,0,0,0
黑神话悟空精魂怎么换技能,0,0,0,0,0
黑神话悟空变身技能,0,0,0,0,0
黑神话悟空怎么切换铜头技能,0,0,0,0,0
黑神话悟空怎么变换技能键,0,0,0,0,0
黑神话悟空怎么切换技能,0,0,0,0,0
黑神话悟空10个变身技能,0,0,0,0,0
黑神话悟空无限技能bug,0,0,0,0,0
黑神话悟空怎么加技能点战斗力最强最好,0,0,0,0,0
黑神话悟空大圣技能mod,0,0,0,0,0
黑悟空神话变身技能怎么换,0,0,0,0,0
黑神话悟空技能效果详解,0,0,0,0,0
黑神话悟空技能,0,0,0,0,0
黑神话悟空没有技能吗图片高清,0,0,0,0,0
黑神话悟空炸裂技能,0,0,0,0,0
黑神话悟空技能解读大全,0,0,0,0,0
黑悟空神话酷炫技能介绍视频,0,0,0,0,0
黑神话悟空孙悟空的技能怎么用的,0,0,0,0,0
黑神话悟空震撼瞬间怎么触发技能,0,0,0,0,0
黑神话悟空技能系统,0,0,0,0,0
黑神话悟空实际展示了什么技能,0,0,0,0,0
黑神话悟空技能必杀技,0,0,0,0,0
黑神话悟空技能玩法,0,0,0,0,0
盘点黑神话悟空的技能,0,0,0,0,0
黑神话悟空技能怎么使用,0,0,0,0,0
黑神话悟空用什么做的技能最好用,0,0,0,0,0
黑神话悟空用什么做的技能最好看,0,0,0,0,0
黑神话悟空用什么做的技能好看,0,0,0,0,0
黑神话悟空怎么用技能,0,0,0,0,0
黑神话悟空怎么换技能啊,0,0,0,0,0
黑神话悟空第三个技能槽怎么开,0,0,0,0,0
黑神话悟空技能加点图例大全,0,0,0,0,0
黑神话悟空无限技能被修复了,0,0,0,0,0
黑神话悟空技能招数,0,0,0,0,0
黑神话悟空技能实机演示,0,0,0,0,0
黑神话悟空是哪一年开始开发的技能书,0,0,0,0,0
黑神话悟空所有技能加点图,0,0,0,0,0
黑悟空神话酷炫技能加点推荐,0,0,0,0,0
黑悟空神话酷炫技能加点图,0,0,0,0,0
黑悟空神话酷炫技能加点攻略,0,0,0,0,0
黑神话悟空孙悟空的技能叫什么,0,0,0,0,0
黑神话悟空孙悟空的技能怎么用,0,0,0,0,0
黑神话悟空会有哪些技能,0,0,0,0,0
黑神话悟空都有什么技能,0,0,0,0,0
黑神话悟空全部技能大全,0,0,0,0,0
黑神话悟空技能大全,0,0,0,0,0
黑神话悟空不会放技能吗,0,0,0,0,0
黑神话悟空没有技能吗图片大全最新,0,0,0,0,0
黑悟空神话全技能,0,0,0,0,0
黑神话悟空七龙珠怎么获得技能的,0,0,0,0,0
黑神话悟空用什么做的技能啊呢,0,0,0,0,0
黑神话悟空战斗机制怎么获得技能效果,0,0,0,0,0
黑神话悟空怎么释放技能,0,0,0,0,0
黑悟空神话没技能吗,0,0,0,0,0
黑神话悟空技能解说,0,0,0,0,0
黑神话悟空怎么切换奇术技能模式,0,0,0,0,0
黑神话悟空怎么换变化技能,0,0,0,0,0
黑神话悟空更新修复了无限技能吗,0,0,0,0,0
黑神话悟空人物技能大全,0,0,0,0,0
黑神话悟空怎样装备大头技能,0,0,0,0,0
黑神话悟空精魄技能怎么切换身法技能,0,0,0,0,0
黑神话悟空技能回转是什么意思,0,0,0,0,0
ps5黑神话悟空狼教头技能怎么放,0,0,0,0,0
黑神话悟空技能宣传,0,0,0,0,0
黑悟空神话技能,0,0,0,0,0
黑悟空神话酷炫技能,0,0,0,0,0
黑神话悟空技能解读,0,0,0,0,0
黑神话悟空用什么做的技能好,0,0,0,0,0
黑神话悟空所有技能加点推荐,0,0,0,0,0
黑神话悟空怎么玩得到人物的技能,0,0,0,0,0
黑神话悟空技能剪辑,0,0,0,0,0
黑神话悟空全技能,0,0,0,0,0
黑悟空神话技能按键,0,0,0,0,0
黑神话悟空没有技能吗图片高清完整,0,0,0,0,0
黑神话悟空终极技能,0,0,0,0,0
黑神话悟空七龙珠怎么获得技能点,0,0,0,0,0
黑神话悟空炫酷技能,0,0,0,0,0
黑神话悟空用什么做的技能好推荐,0,0,0,0,0
黑神话悟空技能加点,0,0,0,0,0
黑神话悟空开启技能变身猿形态,0,0,0,0,0
黑神话悟空怎么切换身法技能,0,0,0,0,0
黑神话悟空化身技能,0,0,0,0,0
黑神话悟空**复活一次的是什么技能,0,0,0,0,0
黑神话悟空分身技能在哪里学,0,0,0,0,0
黑神话悟空变身技能详解,0,0,0,0,0
黑神话悟空技能介绍,0,0,0,0,0
黑神话悟空全部技能介绍,0,0,0,0,0
黑神话悟空七龙珠怎么获得技能,0,0,0,0,0
黑神话悟空杨戬技能介绍,0,0,0,0,0
黑神话悟空所有技能图片大全,0,0,0,0,0
黑神话悟空所有技能加点图片,0,0,0,0,0
黑神话悟空怎么玩得到人物技能视频,0,0,0,0,0
黑神话悟空是谁创造的技能,0,0,0,0,0
黑神话悟空孙悟空的技能叫什么来着,0,0,0,0,0
黑神话悟空本体技能,0,0,0,0,0
黑神话悟空快慢刀怎么获得技能,0,0,0,0,0
黑神话悟空全部技能图鉴,0,0,0,0,0
黑神话悟空技能讲解,0,0,0,0,0
黑神话悟空没有技能吗图片高清最新,0,0,0,0,0
黑神话悟空没有技能吗图片大全视频,0,0,0,0,0
黑神话悟空战斗机制怎么获得技能的,0,0,0,0,0
黑神话悟空战斗机制怎么获得技能呢,0,0,0,0,0
黑神话悟空最帅技能,0,0,0,0,0
黑神话悟空怎么换技能,0,0,0,0,0
黑神话悟空技能最佳搭配,0,0,0,0,0
黑神话悟空分身技能怎么获得啊,0,0,0,0,0
黑神话悟空技能解析攻略最新,0,0,0,0,0
黑神话悟空怎么换技能栏,0,0,0,0,0
黑神话悟空更换法术技能,0,0,0,0,0
黑神话悟空幽冥技能,0,0,0,0,0
黑神话悟空最强变身技能,0,0,0,0,0
游戏黑神话悟空技能展示,0,0,0,0,0
黑神话悟空没有技能吗图片,0,0,0,0,0
黑神话悟空战斗机制怎么获得技能,0,0,0,0,0
黑神话悟空用什么做的技能啊,0,0,0,0,0
黑神话悟空有没有筋斗云技能,0,0,0,0,0
黑神话悟空有没有振刀技能,0,0,0,0,0
黑神话悟空怎么玩得到人物技能的,0,0,0,0,0
黑神话悟空怎么玩得到人物技能,0,0,0,0,0
黑神话悟空孙悟空的技能,0,0,0,0,0
黑神话悟空的技能盘点,0,0,0,0,0
黑神话悟空超帅技能,0,0,0,0,0
黑神话悟空能不能选其他角色技能,0,0,0,0,0
黑神话悟空没有技能吗图片大全高清,0,0,0,0,0
黑神话悟空七龙珠怎么获得技能书,0,0,0,0,0
黑神话悟空的技能介绍,0,0,0,0,0
黑神话悟空女拳是谁的技能啊,0,0,0,0,0
黑神话悟空奇术怎么切换技能,0,0,0,0,0
黑神话悟空瞬机是什么技能啊,0,0,0,0,0
黑神话悟空无限技能,0,0,0,0,0
黑神话悟空技能怎么切换,0,0,0,0,0
黑神话悟空技能点满需要多少灵光点,0,0,0,0,0
黑神话悟空技能解析攻略,0,0,0,0,0
黑神话悟空怎么更换变身技能,0,0,0,0,0
黑神话悟空无限技能修复了吗,0,0,0,0,0
黑神话悟空不能卡无线技能了怎么回事,0,0,0,0,0
黑神话悟空技能表,0,0,0,0,0
黑神话悟空更换技能怎么换,0,0,0,0,0
黑神话悟空怎么获得技能点,0,0,0,0,0
黑神话悟空前期技能加点,0,0,0,0,0
黑神话悟空杨戬技能mod,0,0,0,0,0
黑神话悟空十大变身技能,0,0,0,0,0
黑神话悟空技能解析,0,0,0,0,0
黑神话悟空要有什么技能,0,0,0,0,0
黑神话悟空分身技能,0,0,0,0,0
黑神话悟空没有技能吗,0,0,0,0,0
黑神话悟空最早技能演示,0,0,0,0,0
黑神话悟空没有技能吗怎么办,0,0,0,0,0
黑悟空神话酷炫技能介绍,0,0,0,0,0
黑神话悟空没有技能吗怎么办啊,0,0,0,0,0
黑神话悟空没有技能吗怎么办呀,0,0,0,0,0
黑神话悟空铠甲改不改装备技能,0,0,0,0,0
黑神话悟空孙悟空的技能是什么,0,0,0,0,0
黑神话悟空游戏技能解说,0,0,0,0,0
黑神话悟空技能特效,0,0,0,0,0
黑神话悟空boss技能,0,0,0,0,0
黑神话悟空放出两段最新技能,0,0,0,0,0
黑神话悟空如何获取技能,0,0,0,0,0
黑神话悟空使用什么玩家技能,0,0,0,0,0
黑神话悟空全部技能介绍最新,0,0,0,0,0
黑神话悟空技能机制,0,0,0,0,0
黑神话悟空没有技能吗怎么办啊知乎,0,0,0,0,0
黑神话悟空七龙珠怎么获得的技能,0,0,0,0,0
黑神话悟空一共有多少技能,0,0,0,0,0
黑神话悟空的技能是什么,0,0,0,0,0
黑神话悟空用什么做的技能最好呢,0,0,0,0,0
黑神话悟空用什么做的技能啊图片,0,0,0,0,0
黑神话悟空技能展示图片,0,0,0,0,0
黑神话悟空会有更多技能吗,0,0,0,0,0
黑神话悟空怎么重置技能点,0,0,0,0,0
黑神话悟空技能搭配,0,0,0,0,0
黑神话悟空怎么更换技能,0,0,0,0,0
黑神话悟空怎么换神通技能,0,0,0,0,0
黑神话悟空怎么换法术和变身技能,0,0,0,0,0
黑神话悟空隐身技能怎么学,0,0,0,0,0
黑神话悟空分身技能在哪里打开,0,0,0,0,0
黑神话悟空大圣残躯技能mod,0,0,0,0,0
黑神话悟空连招技能视频教程,0,0,0,0,0
黑神话悟空10个变身技能详解,0,0,0,0,0
黑神话悟空十种形态的技能,0,0,0,0,0
黑神话悟空的技能是什么意思,0,0,0,0,0
黑神话悟空变身技能是什么,0,0,0,0,0
黑神话悟空人物技能,0,0,0,0,0
黑神话悟空技能演示,0,0,0,0,0
黑神话悟空终结技能,0,0,0,0,0
黑神话悟空技能72变,0,0,0,0,0
黑神话悟空猴王技能,0,0,0,0,0
黑神话悟空技能视频,0,0,0,0,0
黑神话悟空是哪一年开始开发的技能,0,0,0,0,0
黑神话悟空所有技能加点,0,0,0,0,0
黑神话悟空的技能,0,0,0,0,0
黑悟空神话酷炫技能介绍大全,0,0,0,0,0
黑神话悟空震撼瞬间怎么触发技能的,0,0,0,0,0
黑神话悟空震撼瞬间怎么触发技能点,0,0,0,0,0
黑神话悟空全角色技能展示,0,0,0,0,0
黑神话悟空技能是什么,0,0,0,0,0
黑神话悟空什么技能,0,0,0,0,0
黑神话悟空技能名,0,0,0,0,0
黑神话悟空技能多吗,0,0,0,0,0
黑神话悟空如何更换技能,0,0,0,0,0
黑神话悟空怎么使用拨浪鼓技能,0,0,0,0,0
黑神话悟空更换奇术技能,0,0,0,0,0
黑神话悟空替身怎么换技能,0,0,0,0,0
