"""黑神话悟空""+""标准版""的长尾词",长尾词数,竞价词数,全网指数,PC日均流量,移动日均流量
黑神话悟空豪华版和标准版的区别,0,0,0,0,0
黑神话悟空标准版可以升级豪华版吗,0,0,0,0,0
黑神话悟空标准版价格,0,0,0,0,0
黑神话悟空标准版和豪华版的区别,0,0,0,0,0
黑神话悟空标准版与豪华版,0,0,0,0,0
黑神话悟空标准版和豪华版区别,0,0,0,0,0
黑神话悟空数字豪华版和标准版区别,0,0,0,0,0
黑神话悟空标准版游戏里可以提升吗为什么,0,0,0,0,0
黑神话悟空标准版也可以获得装备嘛,0,0,0,0,0
黑神话悟空买了标准版可以升级豪华吗,0,0,0,0,0
黑神话悟空标准版和豪华版有什么区别,0,0,0,0,0
黑神话悟空买豪华版还是标准版,0,0,0,0,0
黑神话悟空数字标准版和豪华版区别,0,0,0,0,0
黑神话悟空标准版,0,0,0,0,0
黑神话悟空标准版和豪华版,0,0,0,0,0
黑神话悟空买豪华版还是标准版的好,0,0,0,0,0
黑神话悟空标准版与豪华版的区别,0,0,0,0,0
黑神话悟空标准版跟豪华版区别,0,0,0,0,0
黑神话悟空买标准版还是豪华版,0,0,0,0,0
黑神话悟空标准版豪华版区别,0,0,0,0,0
黑神话悟空数字豪华版和标准版哪个好,0,0,0,0,0
黑神话悟空标准版和豪华版战力对比分析,0,0,0,0,0
黑神话悟空数字豪华版和标准版哪个好推荐,0,0,0,0,0
黑悟空神话豪华版和标准版区别,0,0,0,0,0
黑神话悟空豪华版和标准版,0,0,0,0,0
黑神话悟空标准版多少钱,0,0,0,0,0
黑神话悟空标准版什么价格,0,0,0,0,0
黑悟空神话标准版与豪华版区别,0,0,0,0,0
黑神话悟空标准版和豪华版哪个好,0,0,0,0,0
黑神话悟空数字标准版和豪华版的区别,0,0,0,0,0
