"""黑神话悟空""+""全屏""的长尾词",长尾词数,竞价词数,全网指数,PC日均流量,移动日均流量
黑神话悟空全屏壁纸动态,0,0,0,0,0
黑神话悟空新宣传片全屏播放视频,0,0,0,0,0
黑神话悟空动态壁纸全屏高清120帧,0,0,0,0,0
黑神话悟空全屏壁纸高清竖屏在线看,0,0,0,0,0
黑神话悟空全屏壁纸高清图片大全,0,0,0,0,0
黑神话悟空全屏壁纸高清下载免费版,0,0,0,0,0
黑神话悟空全屏壁纸高清竖屏图片,0,0,0,0,0
黑神话悟空全屏壁纸高清下载最新,0,0,0,0,0
黑神话悟空新宣传片全屏,0,0,0,0,0
黑神话悟空壁纸全屏高清4k,0,0,0,0,0
黑神话悟空全屏壁纸动态图,0,0,0,0,0
黑神话悟空动态壁纸全屏高清60帧,0,0,0,0,0
黑神话悟空壁纸全屏,0,0,0,0,0
黑神话悟空新宣传片全屏观看视频,0,0,0,0,0
黑神话悟空全屏壁纸高清下载安装,0,0,0,0,0
黑神话悟空全屏壁纸高清图片,0,0,0,0,0
黑神话悟空高清壁纸4k全屏,0,0,0,0,0
黑神话悟空无法全屏显示,0,0,0,0,0
黑神话悟空手机版全屏,0,0,0,0,0
黑神话悟空全屏壁纸,0,0,0,0,0
黑神话悟空全屏壁纸高清,0,0,0,0,0
黑神话悟空全屏壁纸图片高清,0,0,0,0,0
黑神话悟空4k全屏壁纸,0,0,0,0,0
黑神话悟空新宣传片全屏观看免费,0,0,0,0,0
黑神话悟空全屏壁纸高清竖屏完整,0,0,0,0,0
黑神话悟空全屏壁纸动态图高清,0,0,0,0,0
黑神话悟空全屏壁纸图片下载手机版,0,0,0,0,0
黑神话悟空全屏壁纸图片下载免费版,0,0,0,0,0
黑神话悟空全屏壁纸图片下载安装,0,0,0,0,0
黑神话悟空全屏怎么设置不了,0,0,0,0,0
黑神话悟空电脑壁纸4k全屏,0,0,0,0,0
黑神话悟空高清壁纸4k全屏电脑桌面,0,0,0,0,0
黑神话悟空怎样设置全屏显示,0,0,0,0,0
黑神话悟空全屏壁纸图片,0,0,0,0,0
黑神话悟空全屏壁纸高清下载,0,0,0,0,0
黑神话悟空新实机演示全屏,0,0,0,0,0
黑神话悟空新实机演示全屏怎么设置,0,0,0,0,0
黑神话悟空全屏壁纸动态图片下载,0,0,0,0,0
黑神话悟空全屏壁纸图片大全可爱,0,0,0,0,0
黑神话悟空全屏壁纸动态图最新,0,0,0,0,0
黑神话悟空全屏壁纸高清图片最新,0,0,0,0,0
黑神话悟空电脑版全屏模式,0,0,0,0,0
黑神话悟空为什么没有全屏模式,0,0,0,0,0
黑神话悟空全屏壁纸图片大全,0,0,0,0,0
黑神话悟空全屏壁纸图片高清无水印,0,0,0,0,0
黑神话悟空全屏壁纸图片高清最新,0,0,0,0,0
黑神话悟空全屏壁纸动态图片简单,0,0,0,0,0
黑神话悟空全屏壁纸图片大全简单,0,0,0,0,0
黑神话悟空新宣传片全屏播放,0,0,0,0,0
黑神话悟空新宣传片全屏观看,0,0,0,0,0
黑神话悟空风景高清全屏手机壁纸,0,0,0,0,0
黑神话悟空全屏壁纸图片高清下载,0,0,0,0,0
黑神话悟空全屏壁纸动态图片高清,0,0,0,0,0
黑神话悟空全屏壁纸图片大全最新,0,0,0,0,0
黑神话悟空全屏壁纸动态图片,0,0,0,0,0
黑神话悟空新宣传片全屏播放不了,0,0,0,0,0
黑神话悟空新宣传片全屏看不了,0,0,0,0,0
黑神话悟空全屏壁纸高清竖屏下载,0,0,0,0,0
黑神话悟空全屏壁纸动态图简单,0,0,0,0,0
黑神话悟空全屏壁纸图片大全下载,0,0,0,0,0
黑神话悟空全屏壁纸动态图片大全,0,0,0,0,0
黑神话悟空全屏壁纸动态图片最新,0,0,0,0,0
黑神话悟空为什么不能全屏显示了,0,0,0,0,0
黑神话悟空图片高清全屏,0,0,0,0,0
黑神话悟空全屏壁纸图片下载,0,0,0,0,0
手机动态壁纸高清全屏黑神话悟空,0,0,0,0,0
黑神话悟空全屏壁纸高清图片简单,0,0,0,0,0
黑神话悟空全屏壁纸高清下载手机版,0,0,0,0,0
黑神话悟空全屏壁纸图片下载官方,0,0,0,0,0
黑神话悟空全屏壁纸图片高清简单,0,0,0,0,0
黑神话悟空全屏模式设置,0,0,0,0,0
黑神话悟空新宣传片全屏看,0,0,0,0,0
黑神话悟空全屏壁纸高清竖屏,0,0,0,0,0
黑神话悟空全屏壁纸图片大全高清,0,0,0,0,0
黑神话悟空全屏壁纸高清图片下载,0,0,0,0,0
黑神话悟空全屏壁纸图片高清版,0,0,0,0,0
黑神话悟空全屏模式,0,0,0,0,0
