"""黑神话悟空""+""问题""的长尾词",长尾词数,竞价词数,全网指数,PC日均流量,移动日均流量
黑神话悟空掉帧问题解决了吗视频解说下载,0,0,0,0,0
黑神话悟空掉帧问题解决了吗知乎视频,0,0,0,0,0
黑神话悟空问题,0,0,0,0,0
黑神话悟空打击音效问题,0,0,0,0,0
黑神话悟空pc端闪退问题解决方法,0,0,0,0,0
黑神话悟空六大问题amd显卡占仨,0,0,0,0,0
黑神话悟空补丁修复bug和问题,0,0,0,0,0
黑神话悟空下载问题,0,0,0,0,0
黑神话悟空官方回应闪退问题,0,0,0,0,0
黑神话悟空游戏发售问题解答汇总,0,0,0,0,0
黑神话悟空目前存在的致命问题,0,0,0,0,0
黑神话悟空翻译问题,0,0,0,0,0
如何看待黑神话悟空闪退问题,0,0,0,0,0
黑神话悟空图形驱动程序存在已知问题,0,0,0,0,0
黑神话悟空掉帧问题解决了吗视频下载不了,0,0,0,0,0
黑神话悟空光影有问题,0,0,0,0,0
黑神话悟空pc端闪退问题,0,0,0,0,0
黑神话悟空爆红带来的问题,0,0,0,0,0
黑神话悟空相关问题汇总,0,0,0,0,0
黑神话悟空 版号问题,0,0,0,0,0
黑神话悟空画质问题,0,0,0,0,0
怎么回答黑神话悟空的问题,0,0,0,0,0
黑神话悟空驱动程序有问题怎么办,0,0,0,0,0
黑神话悟空掉帧问题解决了吗视频下载,0,0,0,0,0
黑神话悟空掉帧问题解决了吗视频,0,0,0,0,0
黑神话悟空北通手柄移动问题,0,0,0,0,0
黑神话悟空相关问题一览,0,0,0,0,0
黑神话悟空哲学问题,0,0,0,0,0
悟空 黑神话 问题,0,0,0,0,0
黑神话悟空更新后手柄方向有问题,0,0,0,0,0
关于黑神话悟空的投资问题,0,0,0,0,0
黑神话悟空掉帧问题解决了吗视频解说,0,0,0,0,0
黑神话悟空掉帧问题解决了吗视频下载安装,0,0,0,0,0
黑神话悟空bug问题解决,0,0,0,0,0
黑神话悟空掉帧问题解决了吗,0,0,0,0,0
黑神话悟空掉帧问题解决了吗知乎,0,0,0,0,0
黑神话悟空掉帧问题解决了吗知乎视频下载,0,0,0,0,0
黑神话悟空游戏常见问题解答,0,0,0,0,0
黑神话悟空的问题,0,0,0,0,0
黑神话悟空存在哪些问题,0,0,0,0,0
外交部回应黑神话悟空相关问题,0,0,0,0,0
