"""黑神话悟空""+""场面""的长尾词",长尾词数,竞价词数,全网指数,PC日均流量,移动日均流量
黑神话悟空格斗场面,0,0,0,0,0
黑神话悟空炫酷场面在哪,0,0,0,0,0
黑神话悟空打斗场面图片高清壁纸大全可爱,0,0,0,0,0
黑神话悟空打斗场面图片大全集高清下载,0,0,0,0,0
黑悟空神话战斗场面图片大全,0,0,0,0,0
黑神话悟空打斗场面图片高清版大全视频,0,0,0,0,0
黑神话悟空打斗场面图片大全集视频播放下载,0,0,0,0,0
黑神话悟空打斗场面在哪里,0,0,0,0,0
黑神话悟空打斗场面图片高清大图,0,0,0,0,0
黑神话悟空打斗场面在哪看啊,0,0,0,0,0
黑神话悟空打斗场面图片大全集视频,0,0,0,0,0
黑神话悟空打斗场面图片高清壁纸大全,0,0,0,0,0
黑神话悟空打斗场面在哪一集出现过,0,0,0,0,0
黑神话悟空场面,0,0,0,0,0
黑神话悟空打斗场面图片高清壁纸下载安卓,0,0,0,0,0
黑悟空神话战斗场面在哪里,0,0,0,0,0
黑神话悟空超帅场面,0,0,0,0,0
黑神话悟空打过boss激动场面,0,0,0,0,0
黑神话悟空游戏震撼名场面,0,0,0,0,0
黑神话悟空打斗场面图片大全集视频播放,0,0,0,0,0
黑神话悟空打斗场面在哪里拍的啊图片,0,0,0,0,0
黑神话悟空打斗场面图片大全集,0,0,0,0,0
黑神话悟空打斗场面在哪,0,0,0,0,0
黑神话悟空打斗场面图片大全集高清,0,0,0,0,0
黑神话悟空打斗场面图片大全集高清视频下载,0,0,0,0,0
黑神话悟空打斗场面图片大全集视频下载安装,0,0,0,0,0
黑神话悟空打斗场面在哪里可以看到啊,0,0,0,0,0
黑神话悟空打斗场面在哪一集出现过的,0,0,0,0,0
黑神话悟空打斗场面图片大全集下载视频解说,0,0,0,0,0
黑悟空神话战斗场面在哪看啊,0,0,0,0,0
黑神话悟空打斗场面在哪里可以看,0,0,0,0,0
黑神话悟空打斗场面在哪看啊视频下载免费,0,0,0,0,0
黑悟空神话战斗场面在哪里拍的,0,0,0,0,0
黑神话悟空打斗场面图片大全集视频下载观看,0,0,0,0,0
黑神话悟空打斗场面图片高清版大全下载安装,0,0,0,0,0
黑神话悟空打斗场面在哪里看啊视频播放,0,0,0,0,0
黑神话悟空打斗场面在哪里拍的啊视频播放,0,0,0,0,0
黑悟空神话战斗场面图片大全集,0,0,0,0,0
黑悟空神话战斗场面在哪里看,0,0,0,0,0
黑神话悟空打斗场面图片高清大图下载安装,0,0,0,0,0
黑神话悟空打斗场面在哪里拍的视频,0,0,0,0,0
黑神话悟空打斗场面图片大全集视频下载,0,0,0,0,0
黑神话悟空打斗场面在哪一集出现,0,0,0,0,0
黑神话悟空打斗场面,0,0,0,0,0
黑神话悟空打斗场面图片高清壁纸,0,0,0,0,0
黑悟空神话战斗场面,0,0,0,0,0
黑神话悟空宏大场面,0,0,0,0,0
黑神话悟空打斗场面在哪一集,0,0,0,0,0
黑神话悟空打斗场面在哪里看,0,0,0,0,0
黑神话悟空打斗场面图片高清壁纸大全下载,0,0,0,0,0
黑悟空神话战斗场面图片高清版,0,0,0,0,0
黑神话悟空打斗场面图片大全集视频解说下载,0,0,0,0,0
黑悟空神话战斗场面图片高清壁纸,0,0,0,0,0
黑悟空神话战斗场面图片,0,0,0,0,0
黑神话悟空打斗场面在哪里拍的,0,0,0,0,0
黑神话悟空打斗场面图片大全集下载,0,0,0,0,0
黑神话悟空炫酷场面图片,0,0,0,0,0
黑神话悟空炫酷场面视频,0,0,0,0,0
黑神话悟空的名场面,0,0,0,0,0
黑神话悟空打斗场面图片高清大图无水印,0,0,0,0,0
黑神话悟空打斗场面在哪一集出现的,0,0,0,0,0
黑神话悟空打斗场面图片,0,0,0,0,0
黑神话悟空打斗场面图片大全高清,0,0,0,0,0
黑神话悟空打斗场面图片高清壁纸下载,0,0,0,0,0
黑神话悟空炫酷场面,0,0,0,0,0
黑悟空神话战斗场面在哪里可以看,0,0,0,0,0
黑神话悟空打斗场面在哪里可以看到啊视频,0,0,0,0,0
黑神话悟空打斗场面图片高清壁纸下载安卓版,0,0,0,0,0
黑神话悟空打斗场面图片大全集高清版下载,0,0,0,0,0
黑神话悟空打斗场面在哪里拍的啊视频教程,0,0,0,0,0
黑悟空神话战斗场面图片大全高清,0,0,0,0,0
黑悟空神话战斗场面图片高清,0,0,0,0,0
黑神话悟空打斗场面图片高清版,0,0,0,0,0
黑神话悟空打斗场面在哪看,0,0,0,0,0
黑神话悟空打斗场面图片高清大图下载手机版,0,0,0,0,0
黑神话悟空打斗场面在哪一集出现的啊,0,0,0,0,0
黑神话悟空打斗场面图片大全集视频解说,0,0,0,0,0
黑神话悟空打斗场面图片高清版下载安装,0,0,0,0,0
黑神话悟空打斗场面图片高清版下载,0,0,0,0,0
黑神话悟空打斗场面图片高清,0,0,0,0,0
黑神话悟空打斗场面在哪看啊视频,0,0,0,0,0
黑神话悟空打斗场面在哪里拍的啊,0,0,0,0,0
黑神话悟空打斗场面图片高清版大全,0,0,0,0,0
黑神话悟空打斗场面图片大全集高清版,0,0,0,0,0
黑神话悟空打斗场面在哪看啊视频播放,0,0,0,0,0
黑神话悟空打斗场面在哪里拍的啊视频,0,0,0,0,0
黑神话悟空打斗场面图片大全集下载视频,0,0,0,0,0
黑神话悟空打斗场面在哪里看啊视频,0,0,0,0,0
黑悟空神话战斗场面图片高清大图,0,0,0,0,0
黑神话悟空打斗场面图片大全,0,0,0,0,0
黑神话悟空打斗场面图片高清大图下载,0,0,0,0,0
黑悟空神话战斗场面在哪,0,0,0,0,0
黑神话悟空打斗场面在哪里可以看到,0,0,0,0,0
黑神话悟空打斗场面在哪里看啊,0,0,0,0,0
黑神话悟空打斗场面在哪里可以看到视频,0,0,0,0,0
黑神话悟空打斗场面图片高清版大全下载,0,0,0,0,0
黑悟空神话战斗场面在哪看,0,0,0,0,0
黑神话悟空打斗场面在哪里拍的视频啊,0,0,0,0,0
黑神话悟空打斗场面图片大全集高清视频,0,0,0,0,0
黑神话悟空打斗场面在哪看啊视频下载,0,0,0,0,0
黑神话悟空打斗场面在哪看啊视频下载安装,0,0,0,0,0
黑神话悟空打斗场面图片高清版大全视频下载,0,0,0,0,0
黑神话悟空震撼场面,0,0,0,0,0
黑神话悟空战斗场面,0,0,0,0,0
