"""黑神话悟空""+""ps4""的长尾词",长尾词数,竞价词数,全网指数,PC日均流量,移动日均流量
ps4黑悟空神话,0,0,0,0,0
黑神话悟空登录ps4吗,0,0,0,0,0
ps4黑神话悟空售价,0,0,0,0,0
黑神话悟空会登陆ps4吗,0,0,0,0,0
黑神话之悟空ps4发售日期,0,0,0,0,0
黑神话悟空能在ps4玩吗,0,0,0,0,0
ps4黑神话悟空攻略第一章,0,0,0,0,0
黑神话悟空ps4多少钱,0,0,0,0,0
ps4黑神话悟空什么时候发售,0,0,0,0,0
ps4黑神话悟空多久上市,0,0,0,0,0
黑神话悟空ps4怎么没有,0,0,0,0,0
黑神话悟空会发ps4版吗是真的吗,0,0,0,0,0
黑神话悟空能用ps4玩吗,0,0,0,0,0
黑神话悟空ps4上架时间,0,0,0,0,0
黑神话悟空ps4手机版,0,0,0,0,0
黑神话悟空ps4帧数,0,0,0,0,0
黑神话悟空什么时候上ps4,0,0,0,0,0
ps4能玩黑神话悟空,0,0,0,0,0
黑神话悟空后续会上ps4吗,0,0,0,0,0
黑神话悟空是ps4游戏吗,0,0,0,0,0
ps4黑神话悟空,0,0,0,0,0
黑神话悟空ps4在哪买,0,0,0,0,0
黑神话悟空ps4版游戏,0,0,0,0,0
黑神话悟空ps4光盘,0,0,0,0,0
ps4能玩黑神话悟空吗,0,0,0,0,0
黑神话悟空ps4什么时候上映,0,0,0,0,0
ps4slim能带黑神话悟空吗,0,0,0,0,0
ps4黑神话悟空 好玩吗,0,0,0,0,0
ps4黑神话悟空最后一关,0,0,0,0,0
什么样的ps4才能玩黑神话悟空,0,0,0,0,0
黑神话悟空会在ps4上运行吗,0,0,0,0,0
黑神话: 悟空ps4,0,0,0,0,0
什么牌子的ps4才能玩黑神话悟空,0,0,0,0,0
ps4游戏下载黑神话悟空,0,0,0,0,0
黑神话悟空会上架ps4吗,0,0,0,0,0
黑神话悟空会在ps4上发售吗,0,0,0,0,0
黑神话悟空有没有ps4手柄,0,0,0,0,0
黑神话悟空会上ps4,0,0,0,0,0
黑神话之悟空ps4折腾版能玩嘛,0,0,0,0,0
黑悟空神话有ps4吗,0,0,0,0,0
ps4黑神话:悟空下载,0,0,0,0,0
黑悟空神话ps4可以玩吗,0,0,0,0,0
黑神话悟空ps4什么时候出版,0,0,0,0,0
黑暗神话悟空ps4能玩吗,0,0,0,0,0
ps4黑神话悟空发售日期,0,0,0,0,0
黑神话悟空ps4手柄能玩吗,0,0,0,0,0
黑神话:悟空 ps4,0,0,0,0,0
黑神话悟空ps4,0,0,0,0,0
黑神话悟空上线ps4吗,0,0,0,0,0
黑神话悟空平台ps4,0,0,0,0,0
黑神话悟空登录ps4,0,0,0,0,0
黑神话悟空ps4游戏解说,0,0,0,0,0
黑神话悟空ps4怎么玩,0,0,0,0,0
黑神话悟空ps4价格,0,0,0,0,0
黑神话悟空ps4什么时候上线pc,0,0,0,0,0
黑神话悟空能在ps4上玩吗,0,0,0,0,0
黑神话悟空会发ps4版吗手机,0,0,0,0,0
黑神话悟空ps4什么时候上线的啊,0,0,0,0,0
黑神话悟空会登入ps4吗,0,0,0,0,0
黑神话之悟空ps4,0,0,0,0,0
ps4黑神话悟空发布日期,0,0,0,0,0
ps4扛得住黑神话悟空吗,0,0,0,0,0
黑神话悟空ps4demo,0,0,0,0,0
黑神话悟空 ps4,0,0,0,0,0
黑神话悟空ps4pro能玩吗?,0,0,0,0,0
ps4能玩黑神话悟空么,0,0,0,0,0
黑神话悟空可以在ps4上玩吗,0,0,0,0,0
ps4 黑神话悟空,0,0,0,0,0
黑神话悟空会不会登陆ps4,0,0,0,0,0
黑神话悟空可以用ps4玩吗,0,0,0,0,0
黑神话 悟空 ps4,0,0,0,0,0
黑神话悟空ps4为什么出售,0,0,0,0,0
黑神话悟空ps4光碟,0,0,0,0,0
黑神话悟空ps4评分,0,0,0,0,0
黑神话悟空会在ps4上吗,0,0,0,0,0
ps4黑神话悟空多少钱,0,0,0,0,0
黑神话悟空ps4玩法,0,0,0,0,0
ps4黑神话悟空排名,0,0,0,0,0
黑神话悟空ps4版本,0,0,0,0,0
ps42020新游戏黑神话悟空,0,0,0,0,0
ps4黑神话之悟空发售多少钱一部,0,0,0,0,0
黑神话悟空ps4可以双人吗,0,0,0,0,0
黑神话悟空能在ps4上玩吗知乎,0,0,0,0,0
黑神话悟空有没有ps4游戏,0,0,0,0,0
黑神话悟空ps4什么时候发售的,0,0,0,0,0
黑神话之悟空ps4折腾版能玩嘛知乎,0,0,0,0,0
黑神话悟空不登陆ps4,0,0,0,0,0
黑神话悟空没有ps4版本吗,0,0,0,0,0
黑神话悟空ps4没有吗,0,0,0,0,0
ps4黑神话悟空什么时候上线,0,0,0,0,0
ps4悟空黑神话,0,0,0,0,0
ps4 黑神话悟空发售日,0,0,0,0,0
ps4黑神话悟空手机版,0,0,0,0,0
黑神话悟空ps4会出吗,0,0,0,0,0
ps4 悟空 黑神话,0,0,0,0,0
黑神话悟空ps4试玩,0,0,0,0,0
ps4黑神话悟空四天王,0,0,0,0,0
黑神话之悟空是ps4游戏吗,0,0,0,0,0
黑神话悟空什么时候登录ps4,0,0,0,0,0
ps4黑神话: 悟空攻略流程万视频,0,0,0,0,0
黑神话之悟空ps4可以下吗,0,0,0,0,0
黑神话悟空ps4怎么没有中文了,0,0,0,0,0
ps4黑神话悟空折腾版能玩了吗,0,0,0,0,0
黑神话悟空有没有ps4,0,0,0,0,0
黑神话悟空可以在ps4玩吗知乎,0,0,0,0,0
黑神话之悟空ps4会发售吗,0,0,0,0,0
悟空黑神话 ps4,0,0,0,0,0
黑悟空神话有没有ps4版,0,0,0,0,0
黑神话悟空是否登陆ps4,0,0,0,0,0
黑悟空神话ps4能玩吗,0,0,0,0,0
黑神话悟空是ps4能玩吗,0,0,0,0,0
黑神话悟空ps4版,0,0,0,0,0
ps4黑神话悟空评测,0,0,0,0,0
黑悟空神话ps4攻略,0,0,0,0,0
黑神话悟空支持ps4吗,0,0,0,0,0
ps4黑暗神话悟空,0,0,0,0,0
黑神话悟空ps4什么时候上线的,0,0,0,0,0
黑神话悟空会在ps4上发售吗知乎,0,0,0,0,0
黑神话悟空能上ps4么,0,0,0,0,0
黑神话悟空ps4什么时候上线的最好,0,0,0,0,0
黑神话悟空ps4怎么没有中文了呢,0,0,0,0,0
黑神话悟空ps4搜不到,0,0,0,0,0
黑悟空神话上线ps4吗,0,0,0,0,0
黑神话悟空可以在ps4上玩么,0,0,0,0,0
黑神话悟空ps4版本什么时候上线,0,0,0,0,0
黑神话悟空ps4能玩吗,0,0,0,0,0
黑神话悟空ps4版官方预约,0,0,0,0,0
悟空黑神话ps4,0,0,0,0,0
黑神话悟空会登录ps4吗,0,0,0,0,0
黑神话悟空ps4试玩版,0,0,0,0,0
ps4黑神话悟空发售日,0,0,0,0,0
黑神话悟空能上ps4吗,0,0,0,0,0
黑神话悟空会出ps4吗,0,0,0,0,0
黑神话悟空以后会登录ps4还是ps5,0,0,0,0,0
黑神话悟空ps4攻略,0,0,0,0,0
黑神话之悟空ps4能上架吗,0,0,0,0,0
黑神话悟空ps4售价,0,0,0,0,0
黑神话悟空测试ps4,0,0,0,0,0
ps4玩黑神话悟空,0,0,0,0,0
ps4黑神话悟空发售,0,0,0,0,0
黑神话悟空ps4什么时候上线,0,0,0,0,0
黑神话悟空ps4要什么配置,0,0,0,0,0
ps4黑神话悟空上线了吗,0,0,0,0,0
ps4黑神话悟空发售了吗,0,0,0,0,0
黑神话之悟空ps4可以下吗手机可以玩吗,0,0,0,0,0
ps4黑神话悟空能玩吗,0,0,0,0,0
黑神话悟空ps4和ps5版有什么区别,0,0,0,0,0
黑神话: 悟空 ps4,0,0,0,0,0
黑悟空神话ps4什么时候出,0,0,0,0,0
黑神话悟空到底有没有ps4,0,0,0,0,0
黑神话悟空会不会上线ps4,0,0,0,0,0
黑神话悟空什么时候可以在ps4使用,0,0,0,0,0
黑神话悟空ps4可以玩吗,0,0,0,0,0
黑神话悟空会在ps4发售吗,0,0,0,0,0
ps4黑神话:悟空,0,0,0,0,0
黑神话悟空ps4发售日,0,0,0,0,0
ps4黑神话悟空试玩,0,0,0,0,0
ps4黑神话悟空游戏解说,0,0,0,0,0
黑神话悟空ps4什么时候发售,0,0,0,0,0
ps4可以玩黑神话悟空吗,0,0,0,0,0
ps4 黑神话悟空发布日期,0,0,0,0,0
ps4 黑神话 悟空,0,0,0,0,0
ps4黑神话之悟空发售多少钱,0,0,0,0,0
ps4会上架黑神话悟空吗,0,0,0,0,0
黑神话之悟空ps4折腾版能玩嘛手游,0,0,0,0,0
黑神话悟空会不会上架ps4,0,0,0,0,0
黑神话悟空什么时候上线ps4,0,0,0,0,0
黑神话悟空能上ps4么知乎,0,0,0,0,0
黑神话悟空ps4可以玩么,0,0,0,0,0
黑神话悟空可以在ps4玩吗手游,0,0,0,0,0
黑神话悟空会上架ps4,0,0,0,0,0
黑神话悟空上线时间ps4,0,0,0,0,0
黑神话悟空为什么不出ps4,0,0,0,0,0
ps4怎么玩黑神话悟空,0,0,0,0,0
黑神话悟空ps4游戏平台介绍,0,0,0,0,0
ps4黑神话悟空什么时候出,0,0,0,0,0
ps4游戏黑神话悟空,0,0,0,0,0
黑神话悟空ps4下载,0,0,0,0,0
黑神话:悟空ps4,0,0,0,0,0
黑神话悟空ps4什么时候出,0,0,0,0,0
黑神话悟空pc还是ps4,0,0,0,0,0
ps4黑神话悟空什么时候出售,0,0,0,0,0
黑神话悟空会上ps4吗,0,0,0,0,0
ps4pro黑神话悟空,0,0,0,0,0
黑神话悟空会上线ps4吗,0,0,0,0,0
黑神话悟空单机游戏ps4,0,0,0,0,0
黑神话悟空有没有ps4版本,0,0,0,0,0
黑神话悟空ps4游戏,0,0,0,0,0
黑神话悟空会发ps4版吗知乎,0,0,0,0,0
黑神话悟空会有ps4版本吗,0,0,0,0,0
黑神话之悟空ps4可以下吗手机版,0,0,0,0,0
ps4黑神话之悟空发售多少钱一个,0,0,0,0,0
黑神话悟空ps4能玩么,0,0,0,0,0
黑神话悟空会在ps4上发售吗多少钱,0,0,0,0,0
ps4有黑神话悟空吗,0,0,0,0,0
黑神话之悟空上线ps4吗,0,0,0,0,0
ps4手柄可以玩黑神话悟空吗,0,0,0,0,0
ps4如何下载黑神话悟空,0,0,0,0,0
ps4可以玩黑神话悟空吗是真的吗,0,0,0,0,0
黑神话悟空ps4能玩吗最新消息,0,0,0,0,0
黑悟空神话ps4,0,0,0,0,0
黑神话悟空支持ps4,0,0,0,0,0
黑神话悟空还会出ps4版吗,0,0,0,0,0
黑神话悟空登陆ps4吗,0,0,0,0,0
黑神话悟空ps4有吗,0,0,0,0,0
黑神话悟空ps4带得动吗,0,0,0,0,0
黑神话悟空会出ps4么,0,0,0,0,0
黑神话悟空会在ps4上架吗,0,0,0,0,0
索尼ps4可以玩黑神话悟空,0,0,0,0,0
黑神话悟空是不是ps4游戏,0,0,0,0,0
ps4黑神话悟空是什么平台,0,0,0,0,0
ps4会有黑神话悟空吗,0,0,0,0,0
黑神话之悟空ps4可以下吗手机,0,0,0,0,0
黑神话悟空会发ps4版吗,0,0,0,0,0
黑神话悟空可以在ps4玩吗,0,0,0,0,0
黑神话悟空能在ps4上玩吗手游,0,0,0,0,0
黑神话 悟空ps4,0,0,0,0,0
黑神话悟空游戏上不上ps4,0,0,0,0,0
ps4黑神话之悟空发售多少钱了,0,0,0,0,0
黑神话悟空会上线ps4平台吗,0,0,0,0,0
黑神话悟空ps4pro能玩么,0,0,0,0,0
黑神话悟空ps4有首发吗,0,0,0,0,0
黑神话悟空ps4版什么时候上线,0,0,0,0,0
ps4可以玩黑神话悟空吗光盘,0,0,0,0,0
ps4能带动黑神话悟空吗,0,0,0,0,0
ps4能不能玩黑神话悟空,0,0,0,0,0
为什么ps4搜不到黑神话悟空,0,0,0,0,0
