"""黑神话悟空""+""孙悟空""的长尾词",长尾词数,竞价词数,全网指数,PC日均流量,移动日均流量
黑神话悟空孙悟空被拖走,0,0,0,0,0
黑神话悟空是真的孙悟空吗,0,0,0,0,0
黑神话悟空孙悟空服装怎么获得视频,0,0,0,0,0
黑神话悟空孙悟空的技能是什么呢,0,0,0,0,0
黑悟空神话中的孙悟空怎么画简笔画,0,0,0,0,0
黑神话悟空描写孙悟空和牛魔王,0,0,0,0,0
黑神话悟空孙悟空形象,0,0,0,0,0
黑神话悟空孙悟空衣服,0,0,0,0,0
黑神话悟空孙悟空视角作文素材,0,0,0,0,0
黑神话悟空孙悟空复活了吗,0,0,0,0,0
神话孙悟空vs黑悟空,0,0,0,0,0
黑神话悟空是不是孙悟空,0,0,0,0,0
黑神话悟空为什么孙悟空阻拦主角杀了,0,0,0,0,0
黑神话悟空只能操控孙悟空吗视频,0,0,0,0,0
黑悟空神话孙悟空登场视频,0,0,0,0,0
黑神话悟空孙悟空服装图片高清,0,0,0,0,0
黑神话悟空孙悟空服装怎么获得图片,0,0,0,0,0
黑神话悟空孙悟空服装怎么获得,0,0,0,0,0
黑神话悟空配音演员表 孙悟空配音,0,0,0,0,0
黑神话悟空里孙悟空的台词分析,0,0,0,0,0
黑神话悟空主角是孙悟空本人吗,0,0,0,0,0
黑神话悟空孙悟空法天象地图片,0,0,0,0,0
黑神话悟空是孙悟空儿子吗,0,0,0,0,0
黑神话悟空为什么有两个孙悟空,0,0,0,0,0
黑神话悟空是孙悟空吗,0,0,0,0,0
黑神话悟空只能操控孙悟空吗,0,0,0,0,0
黑神话悟空只能操控孙悟空吗知乎,0,0,0,0,0
黑神话悟空vs孙悟空哪个厉害些,0,0,0,0,0
黑神话悟空孙悟空为什么是由猪变的呢,0,0,0,0,0
黑神话悟空孙悟空为什么是由猪变的动物,0,0,0,0,0
黑神话悟空vs孙悟空谁厉害些啊,0,0,0,0,0
黑神话悟空vs孙悟空是哪一集啊视频,0,0,0,0,0
黑悟空神话孙悟空是哪一集,0,0,0,0,0
黑神话悟空孙悟空简介,0,0,0,0,0
黑神话悟空孙悟空的身世,0,0,0,0,0
黑神话悟空孙悟空扮演者,0,0,0,0,0
黑神话悟空蜘蛛精四妹和孙悟空的关系,0,0,0,0,0
黑神话悟空孙悟空辱女图,0,0,0,0,0
黑神话悟空里红孩儿为什么要杀孙悟空,0,0,0,0,0
孙悟空与黑神话悟空的区别,0,0,0,0,0
黑神话悟空与原著的孙悟空的区别在哪里,0,0,0,0,0
黑神话悟空孙悟空大战杨戬图片,0,0,0,0,0
黑神话悟空孙悟空背景分析,0,0,0,0,0
黑神话悟空孙悟空头像,0,0,0,0,0
黑神话悟空怎么有两个孙悟空,0,0,0,0,0
黑神话悟空孙悟空,0,0,0,0,0
黑神话悟空孙悟空服装,0,0,0,0,0
黑神话悟空vs孙悟空是哪一集,0,0,0,0,0
黑神话悟空vs孙悟空谁厉害,0,0,0,0,0
黑神话悟空孙悟空的技能怎么用的,0,0,0,0,0
黑悟空神话中的孙悟空怎么画图片,0,0,0,0,0
黑悟空神话中的孙悟空怎么画的,0,0,0,0,0
黑神话悟空配音演员表孙悟空配音,0,0,0,0,0
黑神话悟空孙悟空**吗,0,0,0,0,0
黑神话悟空孙悟空套装,0,0,0,0,0
黑神话悟空孙悟空和白骨精的关系,0,0,0,0,0
黑神话悟空与原著的孙悟空的区别,0,0,0,0,0
孙悟空拜师菩提祖师黑神话悟空,0,0,0,0,0
黑神话悟空孙悟空被杨戬杀了吗,0,0,0,0,0
黑神话悟空两个孙悟空,0,0,0,0,0
黑神话悟空孙悟空长什么样,0,0,0,0,0
黑神话孙悟空是真的悟空吗,0,0,0,0,0
黑神话悟空孙悟空服装怎么获得的,0,0,0,0,0
黑悟空神话孙悟空登场是哪一集,0,0,0,0,0
黑神话悟空孙悟空为什么是由猪变的呢图片,0,0,0,0,0
黑神话悟空孙悟空为什么是由猪变的呢视频,0,0,0,0,0
黑神话悟空孙悟空的技能叫什么,0,0,0,0,0
黑神话悟空vs孙悟空谁厉害一点,0,0,0,0,0
黑神话悟空孙悟空的技能怎么用,0,0,0,0,0
黑悟空神话是孙悟空吗,0,0,0,0,0
黑神话悟空vs孙悟空完整版,0,0,0,0,0
黑神话悟空配音孙悟空,0,0,0,0,0
黑神话悟空孙悟空定价,0,0,0,0,0
黑神话悟空天命人和孙悟空,0,0,0,0,0
黑神话悟空先打杨戬还是孙悟空,0,0,0,0,0
黑神话悟空四妹为什么要救孙悟空,0,0,0,0,0
黑神话悟空孙悟空配音是谁,0,0,0,0,0
黑神话悟空谁是孙悟空,0,0,0,0,0
黑神话悟空孙悟空被拖走后,0,0,0,0,0
黑神话悟空 孙悟空,0,0,0,0,0
黑神话悟空主角是孙悟空吗,0,0,0,0,0
黑神话悟空vs孙悟空谁厉害些,0,0,0,0,0
黑悟空神话孙悟空登场,0,0,0,0,0
黑神话悟空孙悟空服装图片大全,0,0,0,0,0
黑神话悟空孙悟空为什么是由猪变的动物呢,0,0,0,0,0
黑神话悟空孙悟空 白种人,0,0,0,0,0
黑神话悟空是孙悟空本人吗,0,0,0,0,0
黑神话悟空的主角是孙悟空吗,0,0,0,0,0
黑神话悟空打完孙悟空还可以打杨戬吗,0,0,0,0,0
黑神话悟空的猴子不是孙悟空吗,0,0,0,0,0
黑神话悟空主角是孙悟空的儿子吗,0,0,0,0,0
黑神话悟空孙悟空形态,0,0,0,0,0
黑神话悟空孙悟空**没,0,0,0,0,0
黑神话悟空孙悟空的技能叫什么来着,0,0,0,0,0
黑神话悟空孙悟空 白种人是谁啊,0,0,0,0,0
黑神话悟空vs孙悟空哪个厉害一点啊,0,0,0,0,0
黑悟空神话孙悟空形象,0,0,0,0,0
黑神话悟空的主角不是孙悟空吗,0,0,0,0,0
黑神话悟空角色只有孙悟空吗,0,0,0,0,0
黑神话悟空里孙悟空六根身体为什么是猪,0,0,0,0,0
黑神话悟空孙悟空盔甲,0,0,0,0,0
黑神话悟空 孙悟空**吗,0,0,0,0,0
黑神话悟空浮屠塔孙悟空的故人是什么人,0,0,0,0,0
黑神话悟空二郎神vs孙悟空,0,0,0,0,0
黑神话悟空主角不是孙悟空,0,0,0,0,0
黑悟空神话孙悟空,0,0,0,0,0
黑神话悟空vs孙悟空谁厉害一点啊,0,0,0,0,0
黑神话悟空vs孙悟空哪个厉害些啊,0,0,0,0,0
黑神话悟空孙悟空 白种人是谁扮演的,0,0,0,0,0
黑神话悟空vs孙悟空是哪一集啊图片,0,0,0,0,0
黑神话悟空vs孙悟空是哪一集出现的,0,0,0,0,0
黑神话悟空孙悟空的技能,0,0,0,0,0
黑悟空神话孙悟空是谁,0,0,0,0,0
黑神话悟空真假孙悟空,0,0,0,0,0
黑神话悟空不是孙悟空,0,0,0,0,0
黑神话悟空孙悟空图片,0,0,0,0,0
黑神话悟空孙悟空的技能是什么,0,0,0,0,0
黑神话悟空孙悟空服装图片,0,0,0,0,0
黑神话悟空孙悟空 白种人是谁,0,0,0,0,0
黑神话悟空vs孙悟空是哪一集的视频,0,0,0,0,0
黑神话悟空孙悟空 白种人是谁演的,0,0,0,0,0
黑神话悟空孙悟空为什么是由猪变的动物形态,0,0,0,0,0
黑神话悟空真的是孙悟空么,0,0,0,0,0
黑神话悟空蜘蛛精四妹和孙悟空什么关系,0,0,0,0,0
黑神话悟空假孙悟空和真孙悟空,0,0,0,0,0
为什么黑神话悟空里有俩孙悟空,0,0,0,0,0
黑神话悟空孙悟空为什么是由猪变的,0,0,0,0,0
黑神话悟空vs孙悟空哪个厉害,0,0,0,0,0
黑神话悟空vs孙悟空,0,0,0,0,0
黑神话悟空vs孙悟空是哪一集的,0,0,0,0,0
黑神话悟空vs孙悟空哪个厉害一点,0,0,0,0,0
黑神话悟空vs孙悟空是哪一集啊,0,0,0,0,0
黑神话悟空vs孙悟空是哪一集的动漫,0,0,0,0,0
黑悟空神话孙悟空登场第几集,0,0,0,0,0
黑悟空神话中的孙悟空怎么画,0,0,0,0,0
黑神话悟空是西游记的孙悟空吗,0,0,0,0,0
西游记孙悟空与黑神话悟空的区别,0,0,0,0,0
黑神话悟空与原著的孙悟空的区别是什么,0,0,0,0,0
